ISIN,Ticker,Start_Date,End_Date,min_date,max_date,Sector,bb_tcm,alt_bb_tcm,mkt_cap,turnover,bb_tcm_note,mkt_cap_bin,turnover_bin
US8110544025,SSP,05/01/2018,13/06/2025,02/01/2018,28/03/2024,Consumer Discretionary,SSP US,,1.254711233,5.021609,,1–1.5,5-6
US3020811044,EXLS,23/01/2018,24/06/2025,02/01/2018,28/03/2024,Information Technology,EXLS US,,2.143838238,5.050401,,2–2.5,5-6
US46269C1027,IRDM,03/01/2018,17/06/2025,02/01/2018,28/03/2024,Communication Services,IRDM US,,1.151158204,5.09049,,1–1.5,5-6
US63001N1063,NATL,29/01/2024,30/06/2025,02/01/2024,28/03/2024,Financials,NATL US,,1.613916,5.102278,,1.5–2,5-6
US7580754023,RWT,20/01/2018,12/06/2025,25/07/2018,28/03/2024,Financials,RWT US,,1.146696927,5.118686,,1–1.5,5-6
US5771281012,MATW,21/01/2018,13/06/2025,02/01/2018,28/03/2024,Consumer Discretionary,MATW US,,1.727599049,5.14024,,1.5–2,5-6
US35243J1016,FBRT,19/10/2021,20/06/2025,19/10/2021,28/03/2024,Financials,FBRT US,,1.303357229,5.188604,Start_Date shifted to first regular-way trading day (was 18/10/2021),1–1.5,5-6
US30214U1025,EXPO,19/01/2018,28/05/2025,02/01/2018,28/03/2024,Industrials,EXPO US,,1.898380589,5.209216,,1.5–2,5-6
US7901481009,JOE,19/01/2018,29/05/2025,01/05/2020,28/03/2024,Real Estate,JOE US,,1.211688762,5.22931,,1–1.5,5-6
US6177001095,MORN,03/01/2018,30/06/2025,02/01/2024,28/03/2024,Financials,MORN US,,4.057759536,5.268194,,4–5,5-6
US36164V1070,GNCMA,27/02/2018,16/05/2018,02/01/2018,07/03/2018,Communication Services,GNCMA US,,1.397596809,5.374412,,1–1.5,5-6
US4538361084,INDB,02/01/2018,25/06/2025,02/01/2018,28/03/2024,Financials,INDB US,,1.907298369,5.391561,,1.5–2,5-6
US4583341098,IPAR,10/01/2018,25/06/2025,02/01/2018,28/03/2024,Consumer Staples,IPAR US,,1.373776249,5.445723,,1–1.5,5-6
US0576652004,BCPC,04/01/2018,22/05/2025,02/01/2018,28/03/2024,Materials,BCPC US,,2.571860485,5.496137,,2.5–3,5-6
US82900L1026,SMPL,09/01/2018,27/06/2025,04/01/2021,28/03/2024,Consumer Staples,SMPL US,,1.003684188,5.506181,,1–1.5,5-6
US4590441030,IBOC,10/01/2018,06/06/2025,02/01/2018,28/03/2024,Financials,IBOC US,,2.695841436,5.574676,,2.5–3,5-6
US30257X1046,FBK,05/01/2018,12/06/2025,02/01/2020,28/03/2024,Financials,FBK US,,1.346245286,5.592948,,1–1.5,5-6
US0003602069,AAON,02/01/2018,30/06/2025,02/01/2018,28/03/2024,Industrials,AAON US,,1.938706419,5.596136,,1.5–2,5-6
US4603352018,ISCA,03/01/2018,18/10/2019,02/01/2018,31/12/2018,Consumer Discretionary,ISCA US,,1.774513174,5.621078,,1.5–2,5-6
US1495681074,CVCO,21/01/2018,14/06/2025,02/01/2018,28/03/2024,Consumer Discretionary,CVCO US,,1.482330935,5.629348,,1–1.5,5-6
US4881522084,KELYA,10/01/2018,22/05/2025,02/01/2018,28/03/2024,Industrials,KELYA US,,1.073539407,5.634268,,1–1.5,5-6
US2074101013,CNMD,02/01/2018,16/06/2025,02/01/2018,28/03/2024,Health Care,CNMD US,,1.413732857,5.635871,,1–1.5,5-6
US7392761034,POWI,17/01/2018,19/05/2025,02/01/2018,28/03/2024,Information Technology,POWI US,,2.335741109,5.641226,,2–2.5,5-6
US63845R1077,EYE,22/01/2018,18/06/2025,02/05/2022,28/03/2024,Consumer Discretionary,EYE US,,3.15935017,5.642331,,3–4,5-6
US8117078019,SBCF,02/01/2018,02/06/2025,21/02/2018,28/03/2024,Financials,SBCF US,,1.168462355,5.666625,,1–1.5,5-6
US4042511000,HNI,12/01/2018,30/06/2025,02/01/2018,28/03/2024,Industrials,HNI US,,1.726229849,5.801648,,1.5–2,5-6
US4586653044,TILE,03/01/2018,24/06/2025,02/01/2018,28/03/2024,Consumer Discretionary,TILE US,,1.503273004,5.827619,,1.5–2,5-6
US62482R1077,COOP,11/10/2018,28/06/2025,02/01/2020,28/03/2024,Financials,COOP US,,1.447536282,5.842563,,1–1.5,5-6
US1011191053,BPFH,02/01/2018,30/06/2021,02/01/2018,28/05/2021,Financials,BPFH US,,1.288879956,5.887495,,1–1.5,5-6
US6896481032,OTTR,20/01/2018,06/06/2025,03/04/2023,28/03/2024,Utilities,OTTR US,,1.663392497,5.920946,,1.5–2,5-6
US45768S1050,IOSP,09/01/2018,23/05/2025,02/01/2018,28/03/2024,Materials,IOSP US,,1.719802219,6.05803,,1.5–2,6-7
US45384B1061,IBTX,03/01/2018,03/01/2025,02/01/2020,28/03/2024,Financials,IBTX US,,1.928450843,6.077748,,1.5–2,6-7
US66765N1054,NWN,01/10/2018,25/06/2025,02/01/2018,28/03/2024,Utilities,NWN US,,1.92761626,6.095236,,1.5–2,6-7
US91734M1036,ECOL,23/12/2019,02/05/2022,02/01/2018,29/04/2022,Industrials,ECOL US,,1.682213019,6.143172,,1.5–2,6-7
US2925541029,ECPG,01/01/2018,23/05/2025,02/01/2018,28/03/2024,Financials,ECPG US,,1.083884919,6.182873,,1–1.5,6-7
US2963151046,ESE,02/01/2018,23/05/2025,02/01/2018,28/03/2024,Industrials,ESE US,,1.556613096,6.243036,,1.5–2,6-7
US98390M1036,XPER,24/09/2021,23/05/2025,02/01/2018,28/03/2024,Information Technology,ADEA US,XPER US,2.027289612,6.255415,"bb_tcm was blank; ISIN = Xperi Holding Corp, renamed Adeia (ADEA) Oct 2022. NB: alt_bb_tcm XPER US now belongs to the DIFFERENT spun-off Xperi Inc - do not use",2–2.5,6-7
US75524W1080,RMAX,16/01/2018,25/06/2025,02/01/2018,31/01/2024,Financials,RMAX US,,2.119393931,6.277687,,2–2.5,6-7
US1535272058,CENTA,05/01/2018,02/06/2025,02/01/2018,28/03/2024,Consumer Staples,CENTA US,,1.866120732,6.280101,,1.5–2,6-7
US3379307057,FBC,01/01/2018,05/12/2022,23/10/2018,29/11/2022,Financials,FBC US,,2.139733077,6.298204,,2–2.5,6-7
US8984021027,TRMK,22/01/2018,22/05/2025,02/01/2018,28/03/2024,Financials,TRMK US,,2.273426051,6.351804,,2–2.5,6-7
US84470P1093,SBSI,09/01/2018,30/06/2025,02/01/2018,28/03/2024,Financials,SBSI US,,1.023989273,6.37249,,1–1.5,6-7
US1311931042,ELY,18/01/2018,16/06/2025,02/01/2018,30/09/2022,Consumer Discretionary,CALY US,,1.320673075,6.410717,,1–1.5,6-7
US5053361078,LZB,02/01/2018,30/06/2025,02/01/2018,28/03/2024,Consumer Discretionary,LZB US,,1.481037656,6.439306,,1–1.5,6-7
US93148P1021,WD,04/01/2018,30/06/2025,02/01/2018,28/03/2024,Financials,WD US,,1.432075525,6.517299,,1–1.5,6-7
US6840001027,OPB,03/01/2018,01/06/2020,02/01/2018,30/04/2020,Financials,OPB US,,1.011384541,6.53195,,1–1.5,6-7
US58506Q1094,MEDP,21/01/2018,24/06/2025,02/01/2019,28/03/2024,Health Care,MEDP US,,1.360499942,6.536617,,1–1.5,6-7
US1652401027,CHSP,03/01/2018,18/09/2019,02/01/2018,31/12/2018,Financials,CHSP US,,1.639939137,6.621427,,1.5–2,6-7
US60877T1007,MNTA,03/01/2018,01/10/2020,02/01/2018,30/04/2020,Health Care,MNTA US,,1.080876984,6.658102,,1–1.5,6-7
US71363P1066,PRDO,02/01/2020,18/06/2025,01/05/2020,28/03/2024,Consumer Discretionary,PRDO US,,1.310425512,6.658628,,1–1.5,6-7
US5544891048,CLI,17/01/2018,27/06/2025,02/01/2018,30/11/2021,Financials,VRE US,,1.873809406,6.674835,,1.5–2,6-7
US89785X1019,TBI,04/01/2018,09/06/2025,02/01/2018,28/03/2024,Energy,TBI US,,1.122964915,6.710839,,1–1.5,6-7
US9840171030,XHR,12/01/2018,13/06/2025,01/05/2020,28/03/2024,Consumer Discretionary,XHR US,,2.341655849,6.728889,,2–2.5,6-7
US0316521006,AMKR,21/01/2018,19/05/2025,04/01/2021,28/03/2024,Information Technology,AMKR US,,2.61054048,6.811769,,2.5–3,6-7
US1263491094,CSGS,02/01/2018,17/06/2025,02/01/2018,28/03/2024,Industrials,CSGS US,,1.485088924,6.846596,,1–1.5,6-7
US7599161095,RGEN,19/01/2018,24/06/2025,02/01/2018,28/03/2024,Health Care,RGEN US,,1.558766649,6.908009,,1.5–2,6-7
US06652V2088,BANR,04/01/2018,30/06/2025,02/01/2018,28/03/2024,Financials,BANR US,,1.824039899,6.918624,,1.5–2,6-7
US65249B2088,NWS,01/01/2018,30/06/2025,01/05/2020,28/03/2024,Consumer Discretionary,NWS US,,9.522155528,7.018408,,9–10,7-8
US0051251090,ACXM,11/01/2018,02/10/2018,02/01/2018,31/12/2018,Information Technology,RAMP US,,2.227099751,7.067526,was ACXM US; Acxiom renamed LiveRamp (RAMP) Oct 2018,2–2.5,7-8
US1295001044,CAL,01/01/2018,30/06/2025,02/01/2018,28/03/2024,Consumer Discretionary,CAL US,,1.438941507,7.076599,,1–1.5,7-8
US0846801076,BHLB,04/01/2018,18/06/2025,11/06/2018,28/03/2024,Financials,BBT US,,1.665837413,7.088311,,1.5–2,7-8
US0491642056,AAWW,01/01/2018,17/03/2023,02/01/2018,23/03/2023,Industrials,AAWW US,,1.482853815,7.103574,,1–1.5,7-8
US68213N1090,OMCL,19/01/2018,17/06/2025,02/01/2018,28/03/2024,Health Care,OMCL US,,1.961263385,7.159247,,1.5–2,7-8
US1535271068,CENT,05/01/2018,02/06/2025,02/01/2020,28/03/2024,Consumer Staples,CENT US,,1.866120732,7.168604,,1.5–2,7-8
US5590792074,MGLN,04/01/2018,25/04/2022,02/01/2018,31/12/2021,Health Care,MGLN US,,2.344123275,7.186296,,2–2.5,7-8
US40425J1016,HMSY,08/01/2018,02/04/2021,02/01/2018,26/02/2021,Health Care,HMSY US,,1.482393251,7.188113,,1–1.5,7-8
US0113111076,ALG,02/01/2018,30/06/2025,02/01/2018,28/03/2024,Industrials,ALG US,,1.30643417,7.213096,,1–1.5,7-8
US29355X1072,NPO,10/01/2018,29/05/2025,02/01/2018,28/03/2024,Industrials,NPO US,,1.956634443,7.262198,,1.5–2,7-8
US5766901012,MTRN,04/01/2018,26/06/2025,02/01/2018,28/03/2024,Materials,MTRN US,,1.023219348,7.268038,,1–1.5,7-8
US70438V1061,PCTY,18/01/2018,30/06/2025,01/05/2020,28/03/2024,Information Technology,PCTY US,,2.607985778,7.283525,,2.5–3,7-8
US6247561029,MLI,20/01/2018,10/06/2025,02/01/2018,28/03/2024,Industrials,MLI US,,2.123765032,7.315045,,2–2.5,7-8
US8603721015,STC,03/01/2018,02/06/2025,02/01/2018,28/03/2024,Financials,STC US,,1.015911684,7.321017,,1–1.5,7-8
US1266001056,CVBF,04/01/2018,25/06/2025,02/01/2018,28/03/2024,Financials,CVBF US,,2.557837552,7.335496,,2.5–3,7-8
US45765U1034,NSIT,04/01/2018,18/06/2025,02/01/2018,28/03/2024,Consumer Discretionary,NSIT US,,1.38014889,7.336347,,1–1.5,7-8
US57686G1058,MATX,02/01/2018,26/06/2025,02/01/2018,28/03/2024,Industrials,MATX US,,1.309516296,7.352983,,1–1.5,7-8
US3793782018,GNL,22/01/2018,30/06/2025,09/03/2018,28/03/2024,Real Estate,GNL US,,1.295271227,7.367531,,1–1.5,7-8
US9092181091,UNT,20/01/2018,03/09/2020,02/01/2018,30/04/2020,Energy,UNTCQ US,,1.346316144,7.387969,,1–1.5,7-8
US74971D1019,RPT,27/02/2019,19/05/2025,02/01/2018,28/12/2023,Real Estate,2516987D US,,1.015562722,7.411747,,1–1.5,7-8
US45688C1071,NGVT,08/01/2018,20/05/2025,02/01/2018,28/03/2024,Materials,NGVT US,,3.06684787,7.43352,,3–4,7-8
US5949724083,MSTR,15/01/2018,30/06/2025,02/01/2018,29/09/2021,Information Technology,MSTR US,,1.599717411,7.469906,,1.5–2,7-8
US83193G1076,SMRT,07/10/2021,24/06/2025,02/01/2019,30/04/2020,Consumer Discretionary,SMRT US,,2.469828723,7.511135,,2–2.5,7-8
US75970E1073,RNST,11/01/2018,21/05/2025,02/01/2020,28/03/2024,Financials,RNST US,,2.147402597,7.527136,,2–2.5,7-8
US88337F1057,ODP,29/09/2021,22/05/2025,02/01/2018,28/03/2024,Consumer Discretionary,ODP US,,2.271248805,7.550592,,2–2.5,7-8
US8589271068,STEL,18/10/2022,16/06/2025,03/10/2022,28/03/2024,Financials,STEL US,,1.514705367,7.593676,,1.5–2,7-8
US78473E1038,SPXC,26/09/2022,02/06/2025,02/01/2018,28/03/2024,Industrials,SPXC US,,2.43198371,7.693123,,2–2.5,7-8
US5894001008,MCY,08/01/2018,26/06/2025,02/01/2018,28/03/2024,Financials,MCY US,,2.8745014,7.718489,,2.5–3,7-8
US0003611052,AIR,09/01/2018,05/06/2025,02/01/2018,28/03/2024,Industrials,AIR US,,1.345068616,7.719464,,1–1.5,7-8
US02215L2097,ALTM,04/10/2021,14/06/2025,02/01/2024,28/03/2024,Materials,KNTK US,,1.238467646,7.81497,,1–1.5,7-8
US6673401039,NWBI,20/01/2018,26/06/2025,02/01/2018,28/03/2024,Financials,NWBI US,,1.753783063,7.83739,,1.5–2,7-8
US7496071074,RLI,04/01/2018,29/05/2025,02/01/2018,28/03/2024,Financials,RLI US,,2.614069773,7.88909,,2.5–3,7-8
US26856L1035,ELF,08/01/2018,27/06/2025,04/01/2021,28/03/2024,Consumer Staples,ELF US,,1.01864117,8.027259,,1–1.5,8-9
US1046741062,BRC,02/01/2018,23/06/2025,02/01/2018,28/03/2024,Industrials,BRC US,,2.041749824,8.032823,,2–2.5,8-9
US82981J1097,SITC,12/10/2018,30/06/2025,02/01/2020,28/03/2024,Real Estate,SITC US,,2.18449774,8.043736,was DDRN S2; DDR renamed SITE Centers (SITC) 2018,2–2.5,8-9
US4315711089,HI,23/01/2018,26/06/2025,02/01/2018,28/03/2024,Financials,HI US,,2.844727155,8.0788,,2.5–3,8-9
US18539C2044,CWEN,17/09/2018,02/06/2025,02/01/2024,28/03/2024,Utilities,CWEN US,,3.788276119,8.10327,,3–4,8-9
US4660321096,JJSF,08/01/2018,23/05/2025,02/01/2018,28/03/2024,Consumer Staples,JJSF US,,2.770404346,8.159684,,2.5–3,8-9
US3463751087,FORM,20/01/2018,20/06/2025,12/03/2018,28/03/2024,Information Technology,FORM US,,1.131257379,8.172755,,1–1.5,8-9
US05368V1061,AVNT,13/07/2020,16/06/2025,02/01/2020,28/03/2024,Materials,AVNT US,,2.313264752,8.195148,,2–2.5,8-9
US75901B1070,RGNX,01/01/2018,20/06/2025,07/06/2018,28/03/2024,Health Care,RGNX US,,1.035580959,8.210101,,1–1.5,8-9
US40650V1008,HYH,05/01/2018,02/07/2018,02/01/2018,31/12/2018,Health Care,AVNS US,,2.239250579,8.275806,was HYH US; Halyard renamed Avanos (AVNS) Jun 2018,2–2.5,8-9
US4403271046,HMN,18/01/2018,16/06/2025,02/01/2018,28/03/2024,Financials,HMN US,,1.793424005,8.371955,,1.5–2,8-9
US0298991011,AWR,06/01/2018,09/06/2025,02/01/2018,28/03/2024,Utilities,AWR US,,2.036427796,8.455073,,2–2.5,8-9
US2689481065,EGBN,09/01/2018,28/06/2025,19/11/2018,28/03/2024,Financials,EGBN US,,2.035300734,8.4578,,2–2.5,8-9
US2829141009,EGHT,03/01/2018,30/06/2025,02/01/2018,31/01/2024,Information Technology,EGHT US,,1.356299685,8.461194,,1–1.5,8-9
US1307881029,CWT,05/01/2018,24/06/2025,02/01/2018,28/03/2024,Utilities,CWT US,,2.08865859,8.53103,,2–2.5,8-9
US05990K1060,BANC,16/01/2018,16/06/2025,02/01/2018,28/03/2024,Financials,BANC US,,1.068852305,8.567558,,1–1.5,8-9
US2041661024,CVLT,08/01/2018,26/06/2025,02/01/2018,28/03/2024,Information Technology,CVLT US,,2.524030143,8.58328,,2.5–3,8-9
US81619Q1058,SEM,03/01/2018,27/06/2025,02/01/2018,28/03/2024,Health Care,SEM US,,2.309250466,8.639507,,2–2.5,8-9
US3154051003,FOE,03/01/2018,21/04/2022,01/05/2020,30/03/2022,Materials,FOE US,,1.999996343,8.674795,,1.5–2,8-9
US5021751020,LTC,02/01/2018,30/06/2025,02/01/2018,28/03/2024,Financials,LTC US,,1.730429728,8.706467,,1.5–2,8-9
US7475451016,QCP,20/01/2018,27/07/2018,02/01/2018,26/07/2018,Real Estate,QCP US,,1.255171431,8.760705,,1–1.5,8-9
US92827P1021,VRTU,03/01/2018,11/02/2021,02/01/2018,31/12/2020,Information Technology,VRTU US,,1.304998376,8.794534,,1–1.5,8-9
US91704F1049,UE,03/01/2018,26/06/2025,02/01/2018,28/03/2024,Financials,UE US,,2.887548174,8.8912,,2.5–3,8-9
US0352901054,AXE,03/01/2018,23/06/2020,02/01/2018,30/04/2020,Information Technology,AXE US,,2.533689224,8.955098,,2.5–3,8-9
US45778Q1076,NSP,03/01/2018,27/05/2025,02/01/2018,28/03/2024,Utilities,NSP US,,2.342737576,9.013205,,2–2.5,9-10
US35086T1097,FCPT,10/01/2018,24/06/2025,02/01/2018,28/03/2024,Consumer Discretionary,FCPT US,,1.498692171,9.032322,,1–1.5,9-10
US4198701009,HE,23/01/2018,28/05/2025,02/01/2018,31/01/2024,Utilities,HE US,,3.761819119,9.1268,,3–4,9-10
US45780L1044,INGN,04/01/2018,23/06/2025,02/01/2018,30/06/2023,Health Care,INGN US,,2.491920626,9.24553,,2–2.5,9-10
US4884011002,KMPR,10/01/2018,16/06/2025,02/01/2018,28/03/2024,Financials,KMPR US,,3.48840214,9.314103,,3–4,9-10
US45826H1095,ITGR,02/01/2018,13/06/2025,02/01/2018,28/03/2024,Health Care,ITGR US,,1.437810282,9.333762,,1–1.5,9-10
US92240M1080,VGR,19/01/2018,08/10/2024,01/05/2020,28/03/2024,Consumer Staples,VGR US,,2.936079757,9.379232,,2.5–3,9-10
US3202091092,FFBC,03/01/2018,30/06/2025,02/01/2018,28/03/2024,Financials,FFBC US,,1.657002587,9.387906,,1.5–2,9-10
US6800331075,ONB,03/01/2018,04/06/2025,02/01/2018,28/03/2024,Financials,ONB US,,2.3716525,9.411032,,2–2.5,9-10
US4433201062,HUBG,04/01/2018,26/06/2025,02/01/2018,28/03/2024,Industrials,HUBG US,,1.693747241,9.417154,,1.5–2,9-10
US0084921008,ADC,03/01/2018,30/06/2025,02/01/2018,28/03/2024,Financials,ADC US,,1.499940969,9.446766,,1–1.5,9-10
US3914161043,GWB,10/01/2018,03/02/2022,02/01/2018,28/01/2022,Financials,GWB US,,2.447136653,9.464531,,2–2.5,9-10
US3198291078,FCF,04/01/2018,09/06/2025,02/01/2018,28/03/2024,Financials,FCF US,,1.403412466,9.466971,,1–1.5,9-10
US4327481010,HTH,01/01/2018,22/05/2025,04/01/2021,28/03/2024,Financials,HTH US,,2.429408254,9.476367,,2–2.5,9-10
US4835481031,KAMN,16/01/2018,19/04/2024,02/01/2018,28/03/2024,Industrials,KAMN US,,1.683652422,9.480892,,1.5–2,9-10
US1013881065,EPAY,04/01/2018,13/05/2022,02/01/2018,29/04/2022,Information Technology,EPAY US,,1.434737508,9.489645,,1–1.5,9-10
US6515871076,NEU,10/01/2018,21/05/2025,02/01/2018,28/03/2024,Financials,NEU US,,4.695371276,9.511452,,4–5,9-10
US9814751064,INT,23/01/2018,11/06/2025,02/01/2018,28/06/2023,Energy,WKC US,,1.921725216,9.525101,,1.5–2,9-10
US0434361046,ABG,03/01/2018,28/06/2025,02/01/2018,28/03/2024,Consumer Discretionary,ABG US,,1.321924077,9.666403,,1–1.5,9-10
US0044981019,ACIW,10/01/2018,30/06/2025,02/01/2018,28/03/2024,Information Technology,ACIW US,,2.713092645,9.681077,,2.5–3,9-10
US03748R7474,AIV,30/09/2021,11/06/2025,02/01/2018,31/12/2020,Financials,AIV US,,1.079056922,9.707791,,1–1.5,9-10
US8256901005,SSTK,20/01/2018,23/06/2025,02/01/2018,28/03/2024,Consumer Discretionary,SSTK US,,1.585338577,9.723951,,1.5–2,9-10
US81768T1088,SFBS,20/01/2018,30/06/2025,02/01/2018,28/03/2024,Financials,SFBS US,,2.25426964,9.780399,,2–2.5,9-10
US35138V1026,FOXF,16/01/2018,21/05/2025,02/01/2018,28/03/2024,Consumer Discretionary,FOXF US,,1.48666522,9.806454,,1–1.5,9-10
US08160H1014,BHE,03/01/2018,30/06/2025,02/01/2018,28/03/2024,Industrials,BHE US,,1.471802369,9.849962,,1–1.5,9-10
US29089Q1058,EBS,04/01/2018,24/06/2025,02/01/2018,31/01/2024,Health Care,EBS US,,1.977872116,9.872631,,1.5–2,9-10
US2860821022,EFII,01/01/2018,24/07/2019,02/01/2018,31/12/2018,Information Technology,EFII US,,1.349252838,9.909274,,1–1.5,9-10
US8287302009,SFNC,03/01/2018,25/06/2025,02/01/2018,28/03/2024,Financials,SFNC US,,2.622633969,9.912349,,2.5–3,9-10
US29251M1062,ENTA,02/01/2018,11/06/2025,02/01/2018,31/01/2024,Health Care,ENTA US,,1.108734568,10.03424,,1–1.5,10-20
US78469X1072,FLOW,04/01/2018,12/09/2023,02/01/2018,30/03/2022,Industrials,2289879D US,,2.007410447,10.04572,,2–2.5,10-20
US7509171069,RMBS,01/01/2018,02/06/2025,02/01/2018,28/03/2024,Information Technology,RMBS US,,1.561043985,10.06803,,1.5–2,10-20
US2772761019,EGP,03/01/2018,25/06/2025,02/01/2018,28/03/2024,Financials,EGP US,,3.005273516,10.07783,,3–4,10-20
US1972361026,COLB,08/01/2018,30/06/2025,02/01/2018,28/03/2024,Financials,COLB US,,3.206981611,10.08302,,3–4,10-20
US7240781002,PJC,04/01/2018,30/06/2025,02/01/2018,09/01/2020,Financials,,PIPR US,1.335647799,10.08456,,1–1.5,10-20
US1572101053,CEVA,03/01/2018,24/06/2025,02/01/2018,28/03/2024,Information Technology,CEVA US,,1.053700051,10.10802,,1–1.5,10-20
US5645631046,MANT,18/01/2018,14/09/2022,02/01/2018,13/09/2022,Information Technology,MANT US,,2.019104504,10.12466,,2–2.5,10-20
US70509V1008,PEB,04/01/2018,24/06/2025,03/12/2018,28/03/2024,Real Estate,PEB US,,2.570438478,10.19715,,2.5–3,10-20
US4026355028,GPOR,20/09/2021,26/06/2025,02/01/2018,24/11/2020,Energy,GPOR US,,1.611234834,10.2042,,1.5–2,10-20
US2927651040,EPAC,29/09/2021,26/06/2025,01/05/2020,28/03/2024,Industrials,EPAC US,,1.305191588,10.20536,,1–1.5,10-20
US7274931085,PLT,02/01/2018,29/08/2022,02/01/2018,26/02/2021,Information Technology,POLY US,,1.724068122,10.2211,,1.5–2,10-20
US7818462092,RUSHA,04/01/2018,27/06/2025,02/01/2024,28/03/2024,Industrials,RUSHA US,,1.989665044,10.22166,,1.5–2,10-20
US52471Y1064,LTXB,10/01/2018,01/11/2019,02/01/2018,31/12/2018,Financials,LTXB US,,2.132498219,10.27117,,2–2.5,10-20
US0025671050,ABAX,02/01/2018,02/08/2018,02/01/2018,31/07/2018,Health Care,ABAX US,,1.13485,10.30164,,1–1.5,10-20
US44930G1076,ICUI,05/01/2018,30/05/2025,02/01/2018,28/03/2024,Health Care,ICUI US,,4.4287177,10.30393,,4–5,10-20
US49803T3005,KRG,01/01/2018,27/06/2025,02/01/2018,28/03/2024,Financials,KRG US,,1.638443733,10.36981,,1.5–2,10-20
US70931T1034,PMT,04/01/2018,25/06/2025,02/02/2018,28/03/2024,Financials,PMT US,,1.039909273,10.3895,,1–1.5,10-20
US41068X1000,HASI,22/01/2018,27/06/2025,02/01/2024,28/03/2024,Financials,HASI US,,1.153680015,10.39453,,1–1.5,10-20
US5915202007,MEI,04/01/2018,20/05/2025,02/01/2018,28/03/2024,Information Technology,MEI US,,1.54649331,10.43105,,1.5–2,10-20
US6655313079,NOG,20/09/2021,18/06/2025,02/01/2019,28/03/2024,Energy,NOG US,,1.134851464,10.5335,,1–1.5,10-20
US3846371041,GHC,04/01/2018,05/06/2025,02/01/2018,28/03/2024,Consumer Discretionary,GHC US,,3.132667401,10.53847,,3–4,10-20
US62914B1008,EGOV,05/01/2018,21/04/2021,02/01/2018,26/02/2021,Information Technology,EGOV US,,1.126576094,10.62499,,1–1.5,10-20
US3873281071,GVA,04/01/2018,25/06/2025,02/01/2018,28/03/2024,Industrials,GVA US,,2.599068067,10.65522,,2.5–3,10-20
US12662P1084,CVI,22/01/2018,24/06/2025,03/04/2023,28/03/2024,Energy,CVI US,,3.305658074,10.66728,,3–4,10-20
US3174851002,FNGN,08/01/2018,19/07/2018,02/01/2018,19/07/2018,Financials,FNGN US,,1.918519583,10.72724,,1.5–2,10-20
US25659T1079,DLB,05/01/2018,30/06/2025,02/01/2024,28/03/2024,Information Technology,DLB US,,6.520113112,10.73489,,6–7,10-20
US7473161070,KWR,17/01/2018,09/06/2025,02/01/2018,28/03/2024,Materials,KWR US,,2.074423878,10.78709,,2–2.5,10-20
US7437131094,PRLB,04/01/2018,30/05/2025,02/01/2018,28/03/2024,Industrials,PRLB US,,2.807137769,10.79287,,2.5–3,10-20
US1167941087,BRKR,02/01/2018,27/06/2025,01/12/2021,28/03/2024,Health Care,BRKR US,,5.370023023,10.80817,,5–6,10-20
US84763A1088,SPPI,12/01/2018,01/08/2023,02/01/2018,30/03/2022,Health Care,SPPI US,,1.954860662,10.81163,,1.5–2,10-20
US5116561003,LKFN,20/01/2018,10/06/2025,30/09/2021,28/03/2024,Financials,LKFN US,,1.283932257,10.90417,,1–1.5,10-20
US6710441055,OSIS,05/01/2018,30/06/2025,02/01/2018,28/03/2024,Information Technology,OSIS US,,1.264816246,10.91231,,1–1.5,10-20
US92532W1036,VSM,19/01/2018,09/10/2019,02/01/2018,31/12/2018,Materials,VSM US,,4.35168191,10.98716,,4–5,10-20
US3596941068,FUL,12/01/2018,27/06/2025,02/01/2018,28/03/2024,Materials,FUL US,,2.697336145,11.02584,,2.5–3,10-20
US3989051095,GPI,01/01/2018,24/06/2025,02/01/2018,28/03/2024,Consumer Discretionary,GPI US,,1.480364578,11.04226,,1–1.5,10-20
US32020R1095,FFIN,02/01/2018,16/06/2025,02/01/2018,28/03/2024,Financials,FFIN US,,2.970238656,11.10718,,2.5–3,10-20
US2974251009,ESL,03/01/2018,19/03/2019,02/01/2018,31/12/2018,Industrials,ESL US,,2.248449555,11.12528,,2–2.5,10-20
US9134561094,UVV,21/01/2018,03/06/2025,02/01/2018,28/03/2024,Consumer Staples,UVV US,,1.274553212,11.16827,,1–1.5,10-20
US1910981026,COKE,16/01/2018,22/05/2025,02/01/2018,28/03/2024,Consumer Staples,COKE US,,1.882608546,11.20974,,1.5–2,10-20
US97717P1049,WETF,02/01/2018,30/06/2025,02/01/2018,29/12/2022,Financials,WT US,,1.67306062,11.25105,,1.5–2,10-20
US42330P1075,HLX,02/01/2018,19/05/2025,02/01/2018,28/03/2024,Energy,HLX US,,1.128583848,11.25485,,1–1.5,10-20
US0942351083,BLMN,04/01/2018,28/06/2025,01/05/2020,28/03/2024,Consumer Discretionary,BLMN US,,2.009756438,11.26034,,2–2.5,10-20
US76169C1009,REXR,04/01/2018,25/06/2025,02/01/2020,28/03/2024,Real Estate,REXR US,,2.220896442,11.26878,,2–2.5,10-20
US57776J1007,MXL,01/01/2018,02/06/2025,02/01/2018,28/03/2024,Information Technology,MXL US,,1.769053213,11.31052,,1.5–2,10-20
US46590V1008,JBGS,18/01/2018,20/06/2025,02/01/2018,28/03/2024,Real Estate,JBGS US,,3.899661957,11.36898,,3–4,10-20
US5534981064,MSA,02/01/2018,10/06/2025,02/01/2018,28/03/2024,Industrials,MSA US,,2.999582026,11.41754,,2.5–3,10-20
US6914973093,OXM,04/01/2018,23/06/2025,02/01/2018,28/03/2024,Consumer Discretionary,OXM US,,1.33672473,11.42492,,1–1.5,10-20
US5138471033,LANC,16/01/2018,30/06/2025,02/01/2018,28/03/2024,Consumer Discretionary,MZTI US,,3.493441834,11.49403,,3–4,10-20
US88162G1031,TTEK,17/01/2018,23/06/2025,02/01/2018,28/03/2024,Industrials,TTEK US,,2.777771211,11.4982,,2.5–3,10-20
US9818111026,WOR,22/01/2018,30/06/2025,02/01/2018,28/03/2024,Materials,WOR US,,2.976152789,11.51742,,2.5–3,10-20
US29358P1012,ENSG,02/01/2018,23/06/2025,02/01/2018,28/03/2024,Health Care,ENSG US,,1.192786057,11.56681,,1–1.5,10-20
US2545431015,DIOD,10/01/2018,13/06/2025,02/01/2018,28/03/2024,Information Technology,DIOD US,,1.438240586,11.57149,,1–1.5,10-20
US1090431099,BGG,10/01/2018,04/01/2021,02/01/2018,30/04/2020,Industrials,BGGSQ US,,1.052272804,11.57389,,1–1.5,10-20
US30069T1016,EE,05/08/2022,05/06/2025,02/01/2018,30/04/2020,Utilities,EE US,,2.415627654,11.58466,,2–2.5,10-20
US92214X1063,VREX,16/01/2018,23/06/2025,02/01/2018,28/03/2024,Health Care,VREX US,,1.529743497,11.58488,,1.5–2,10-20
US19239V3024,CCOI,04/01/2018,23/06/2025,02/01/2018,28/03/2024,Communication Services,CCOI US,,2.058782925,11.67117,,2–2.5,10-20
US8290731053,SSD,04/01/2018,04/06/2025,02/01/2018,28/03/2024,Industrials,SSD US,,2.697354436,11.68256,,2.5–3,10-20
US3746891072,ROCK,03/01/2018,30/06/2025,02/01/2018,28/03/2024,Industrials,ROCK US,,1.069475197,11.6901,,1–1.5,10-20
US09227Q1004,BLKB,12/01/2018,11/06/2025,02/01/2018,28/03/2024,Information Technology,BLKB US,,4.594960802,11.77742,,4–5,10-20
US8404411097,SSB,02/01/2018,13/06/2025,03/04/2023,28/03/2024,Financials,,SSB US,3.20920965,11.78812,,3–4,10-20
US3687361044,GNRC,05/01/2018,23/06/2025,01/05/2020,28/03/2024,Industrials,GNRC US,,3.133662741,11.80724,,3–4,10-20
US74267C1062,PRA,11/01/2018,24/06/2025,02/01/2018,28/03/2024,Financials,PRA US,,2.93783798,11.83512,,2.5–3,10-20
US4016171054,GES,02/01/2018,27/06/2025,02/01/2018,28/03/2024,Consumer Discretionary,GES US,,1.41017816,11.91758,,1–1.5,10-20
US37253A1034,THRM,05/01/2018,27/06/2025,02/01/2018,28/03/2024,Consumer Discretionary,THRM US,,1.16644079,12.02973,,1–1.5,10-20
US8085411069,SWM,11/01/2018,16/06/2025,02/01/2018,29/07/2022,Consumer Staples,MATV US,,1.470334149,12.11633,,1–1.5,10-20
US44109J1060,TWNK,04/01/2018,07/11/2023,01/02/2022,13/11/2023,Consumer Staples,TWNK US,,1.942662542,12.14031,,1.5–2,10-20
US87305R1095,TTMI,05/01/2018,30/06/2025,02/01/2018,28/03/2024,Information Technology,TTMI US,,1.661626969,12.15488,,1.5–2,10-20
US4778391049,JBT,21/01/2018,02/06/2025,02/01/2018,28/03/2024,Industrials,JBTM US,,3.653967063,12.2447,,3–4,10-20
US8168501018,SMTC,02/01/2018,30/06/2025,02/01/2018,28/03/2024,Information Technology,SMTC US,,2.309272946,12.26081,,2–2.5,10-20
US5893781089,MRCY,04/01/2018,25/06/2025,02/01/2018,28/03/2024,Industrials,MRCY US,,2.415933068,12.26882,,2–2.5,10-20
US37247D1063,GNW,04/01/2018,18/06/2025,02/01/2018,28/03/2024,Financials,GNW US,,1.572350371,12.39346,,1.5–2,10-20
US8872281048,TIME,01/01/2018,31/01/2018,02/01/2018,29/01/2018,Consumer Discretionary,2008551D US,,1.83802411,12.39779,,1.5–2,10-20
US3602711000,FULT,04/01/2018,17/06/2025,02/01/2018,28/03/2024,Financials,FULT US,,3.152196,12.52337,,3–4,10-20
US88554D2053,DDD,09/01/2018,30/06/2025,02/01/2018,28/03/2024,Information Technology,DDD US,,1.075998319,12.57415,,1–1.5,10-20
US39304D1028,GDOT,01/01/2018,20/06/2025,02/01/2018,28/03/2024,Financials,GDOT US,,3.062432845,12.59203,,3–4,10-20
US36164Y1010,GCP,05/01/2018,26/09/2022,01/05/2020,30/09/2022,Materials,GCP US,,2.406972288,12.59502,,2–2.5,10-20
US32051X1081,FHB,04/01/2018,22/05/2025,02/01/2020,28/03/2024,Financials,FHB US,,4.175025695,12.60055,,4–5,10-20
US6292093050,NMIH,08/01/2018,24/06/2025,02/01/2018,28/03/2024,Financials,NMIH US,,1.095604878,12.6236,,1–1.5,10-20
US21676P1030,CPS,21/01/2018,28/05/2025,02/01/2018,30/03/2022,Consumer Discretionary,CPS US,,2.329316865,12.64713,,2–2.5,10-20
US55303J1060,MGPI,21/01/2018,10/06/2025,26/03/2018,28/03/2024,Consumer Staples,MGPI US,,1.319247176,12.70413,,1–1.5,10-20
US69343T1079,PJT,04/01/2018,25/06/2025,02/01/2024,28/03/2024,Financials,PJT US,,1.718853419,12.74089,,1.5–2,10-20
US8448951025,SWX,23/01/2018,30/06/2025,02/01/2018,28/03/2024,Utilities,SWX US,,3.592486022,12.75806,,3–4,10-20
US2527843013,DRH,08/01/2018,30/05/2025,02/01/2018,28/03/2024,Financials,DRH US,,2.277470488,12.77239,,2–2.5,10-20
US69354N1063,PRAA,02/01/2018,24/06/2025,02/01/2018,28/03/2024,Financials,PRAA US,,1.506387451,12.77505,,1.5–2,10-20
US67069D1081,NTRI,03/01/2018,08/03/2019,02/01/2018,31/12/2018,Consumer Discretionary,NTRI US,,1.563552436,12.77887,,1.5–2,10-20
US74758T3032,QLYS,04/01/2018,30/06/2025,02/01/2018,28/03/2024,Information Technology,QLYS US,,2.385138248,12.84303,,2–2.5,10-20
US0305061097,AMWD,05/01/2018,17/06/2025,02/01/2018,28/03/2024,Industrials,AMWD US,,2.351565668,12.85325,,2–2.5,10-20
US49926D1090,KN,04/01/2018,26/05/2025,02/01/2018,28/03/2024,Information Technology,KN US,,1.370657282,12.85797,,1–1.5,10-20
US0423155078,ARR,02/01/2018,24/06/2025,02/01/2018,28/03/2024,Financials,ARR US,,1.068487438,12.88161,was 2AR1 GR -> ARMOUR Residential US line,1–1.5,10-20
US14174T1079,CTRE,21/01/2018,16/06/2025,02/01/2018,28/03/2024,Financials,CTRE US,,1.179080463,13.08689,,1–1.5,10-20
US5898891040,MMSI,02/01/2018,23/06/2025,02/01/2018,28/03/2024,Health Care,MMSI US,,2.186159177,13.13132,,2–2.5,10-20
US45256B1017,IPXL,02/01/2018,07/05/2018,02/01/2018,04/05/2018,Health Care,IPXL US,,1.304400662,13.14022,,1–1.5,10-20
US1282461052,CVGW,04/01/2018,12/06/2025,02/01/2018,28/03/2024,Consumer Staples,CVGW US,,1.516619984,13.15081,,1.5–2,10-20
US85254J1025,STAG,04/01/2018,16/06/2025,03/07/2023,28/03/2024,Real Estate,STAG US,,2.593906028,13.17071,,2.5–3,10-20
US3976241071,GEF,02/01/2018,11/06/2025,02/01/2018,28/03/2024,Materials,GEF US,,3.133391132,13.21561,,3–4,10-20
US3029411093,FCN,02/01/2018,30/06/2025,02/01/2018,28/03/2024,Industrials,FCN US,,1.662880749,13.23369,,1.5–2,10-20
US37637Q1058,GBCI,04/01/2018,27/06/2025,02/01/2018,28/03/2024,Financials,GBCI US,,3.016528989,13.31131,,3–4,10-20
US6378701063,NSA,19/01/2018,20/05/2025,02/01/2018,28/03/2024,Real Estate,NSA US,,2.030583911,13.31444,,2–2.5,10-20
US2082421072,CONN,02/01/2018,17/06/2025,02/01/2019,31/01/2023,Consumer Discretionary,CONNQ US,,1.124635329,13.38011,,1–1.5,10-20
US5006432000,KFY,04/01/2018,26/06/2025,02/01/2018,28/03/2024,Industrials,KFY US,,2.342459788,13.41194,,2–2.5,10-20
US15202L1070,CSR,20/09/2021,02/06/2025,04/01/2021,28/03/2024,Real Estate,CSR US,,1.401115234,13.43008,,1–1.5,10-20
US7587501039,RBC,15/01/2018,26/06/2025,02/01/2018,28/03/2024,Industrials,RRX US,,3.457927434,13.4334,,3–4,10-20
US95082P1057,WCC,23/01/2018,30/06/2025,03/07/2023,28/03/2024,Industrials,WCC US,,3.062202321,13.46084,,3–4,10-20
US7033431039,PATK,03/01/2018,23/06/2025,02/01/2018,28/03/2024,Industrials,PATK US,,1.762512267,13.46553,,1.5–2,10-20
US5290431015,LXP,09/01/2018,16/06/2025,02/01/2018,28/03/2024,Financials,LXP US,,2.247691268,13.55057,was LXPN S2 -> LXP Industrial Trust US line,2–2.5,10-20
US8968181011,TGI,02/01/2018,19/06/2025,02/01/2018,28/03/2024,Industrials,TGI US,,1.377720123,13.57421,,1–1.5,10-20
US0185223007,ALE,04/01/2018,19/05/2025,02/01/2018,28/03/2024,Industrials,ALE US,,3.721811861,13.5794,,3–4,10-20
US36251C1036,GMS,04/01/2018,30/06/2025,01/05/2020,28/03/2024,Industrials,GMS US,,1.539475616,13.6435,,1.5–2,10-20
US9304271094,WAGE,10/01/2018,29/08/2019,02/01/2018,31/12/2018,Industrials,WAGE US,,2.401974082,13.68305,,2–2.5,10-20
US67011P1003,DNOW,23/01/2018,27/06/2025,02/01/2018,28/03/2024,Industrials,DNOW US,,1.368021339,13.68807,,1–1.5,10-20
US9388241096,WAFD,05/01/2018,19/05/2025,02/01/2018,28/03/2024,Financials,WAFD US,,2.985593819,13.70661,,2.5–3,10-20
US83125X1037,SNBR,04/01/2018,11/06/2025,02/01/2018,31/01/2024,Consumer Discretionary,SNBRQ US,,1.50794553,13.79921,,1.5–2,10-20
US9292361071,WDFC,09/01/2018,17/06/2025,02/01/2018,28/03/2024,Consumer Staples,WDFC US,,1.650354437,13.87988,,1.5–2,10-20
US05350V1061,AVNS,02/07/2018,09/06/2025,01/05/2020,28/03/2024,Health Care,AVNS US,,2.689345859,13.88975,,2.5–3,10-20
US90278Q1085,UFPI,27/09/2021,17/06/2025,02/01/2018,28/03/2024,Industrials,UFPI US,,4.331406832,13.91243,,4–5,10-20
US40418F1084,HF,03/01/2018,01/07/2019,02/01/2018,31/12/2018,Financials,2259062D US,,1.866478339,13.9297,,1.5–2,10-20
US03966V1070,ARNC,22/10/2021,25/08/2023,02/01/2018,16/08/2023,Industrials,ARNC US,,3.269280473,13.97644,,3–4,10-20
US68235P1084,OGS,08/01/2018,18/06/2025,02/01/2018,28/03/2024,Utilities,OGS US,,3.730257155,13.98795,,3–4,10-20
US60783X1046,MODV,07/01/2021,25/06/2025,04/01/2021,28/03/2024,Health Care,MODVQ US,,2.30852827,14.26365,,2–2.5,10-20
US43940T1097,HOPE,02/01/2018,17/06/2025,02/01/2018,28/03/2024,Financials,HOPE US,,2.449808866,14.26426,,2–2.5,10-20
US9487411038,WRI,16/01/2018,03/08/2021,02/01/2018,02/08/2021,Financials,WRI US,,3.908083363,14.33826,,3–4,10-20
US0774541066,BDC,10/01/2018,26/06/2025,02/01/2018,28/03/2024,Industrials,BDC US,,3.465006967,14.34535,,3–4,10-20
US92886T2015,VG,03/01/2018,25/06/2025,02/01/2018,19/07/2022,Communication Services,2536085D US,,2.355314503,14.41978,,2–2.5,10-20
US8660821005,INN,20/01/2018,25/06/2025,02/01/2018,28/03/2024,Financials,INN US,,1.622543694,14.43304,,1.5–2,10-20
US4830077040,KALU,16/01/2018,30/06/2025,02/01/2018,28/03/2024,Materials,KALU US,,1.863135844,14.44004,,1.5–2,10-20
US74051N1028,PINC,08/01/2018,30/06/2025,02/01/2024,28/03/2024,Health Care,2655957D US,,4.167048191,14.59523,,4–5,10-20
US1320111073,CBM,16/01/2018,05/12/2019,02/01/2018,04/12/2019,Health Care,CBM US,,1.737211528,14.62366,,1.5–2,10-20
US0042391096,AKR,05/01/2018,16/06/2025,02/01/2018,28/03/2024,Financials,AKR US,,2.24164668,14.62653,,2–2.5,10-20
US05465C1009,AX,01/10/2018,09/06/2025,01/05/2020,28/03/2024,Financials,AX US,,2.174522696,14.6654,,2–2.5,10-20
US0375981091,APOG,05/01/2018,27/06/2025,02/01/2018,28/03/2024,Industrials,APOG US,,1.308973629,14.68512,,1–1.5,10-20
US16115Q3083,GTLS,02/01/2018,30/06/2025,02/01/2018,28/03/2024,Industrials,GTLS US,,1.489012271,14.6947,,1–1.5,10-20
US38526M1062,LOPE,05/01/2018,22/05/2025,01/05/2020,28/03/2024,Consumer Discretionary,LOPE US,,4.275056936,14.75289,,4–5,10-20
US05971J1025,BXS,02/01/2018,29/10/2021,02/01/2018,29/09/2021,Financials,CADE US,,2.854424714,14.89014,was BTO GZ; BancorpSouth renamed Cadence Bank Oct 2021,2.5–3,10-20
US4223471040,HTLD,09/01/2018,17/06/2025,02/01/2018,28/03/2024,Industrials,HTLD US,,1.954278808,14.93447,,1.5–2,10-20
US04316A1088,APAM,10/01/2018,10/06/2025,03/07/2023,28/03/2024,Financials,APAM US,,2.943445463,14.96173,,2.5–3,10-20
US7291321005,PLXS,08/01/2018,09/06/2025,02/01/2018,28/03/2024,Industrials,PLXS US,,2.190950809,14.96411,,2–2.5,10-20
US86272C1036,STRA,01/10/2018,23/06/2025,02/01/2018,28/03/2024,Consumer Discretionary,STRA US,,2.955473714,15.11101,,2.5–3,10-20
US22002T1088,OFC,08/01/2018,28/05/2025,02/01/2018,30/10/2023,Financials,CDP US,,3.062973181,15.11558,,3–4,10-20
US0009571003,ABM,12/01/2018,17/06/2025,02/01/2018,28/03/2024,Industrials,ABM US,,2.546540102,15.17736,,2.5–3,10-20
US2423702032,DF,02/01/2018,03/06/2021,02/01/2018,31/12/2018,Consumer Staples,DFODQ US,,1.057341973,15.1926,,1–1.5,10-20
US1271903049,CACI,12/01/2018,24/06/2025,02/01/2018,28/03/2024,Information Technology,CACI US,,3.38170836,15.30614,,3–4,10-20
US4415931009,HLI,15/01/2018,30/06/2025,02/01/2024,28/03/2024,Financials,HLI US,,3.309445453,15.35586,,3–4,10-20
US55264U1088,MBFI,04/01/2018,22/03/2019,02/01/2018,31/12/2018,Financials,MBFI US,,3.727411797,15.43424,,3–4,10-20
US12571T1007,CCMP,29/09/2021,06/07/2022,02/01/2018,01/07/2022,Information Technology,CCMP US,,3.586167406,15.45472,,3–4,10-20
US3498531017,FWRD,12/01/2018,26/06/2025,02/01/2018,28/03/2024,Industrials,,FWRD US,1.801816086,15.46061,,1.5–2,10-20
US0207641061,AMR,23/10/2021,19/05/2025,02/01/2024,28/03/2024,Materials,AMR US,,1.186268437,15.47175,,1–1.5,10-20
US0383361039,ATR,03/01/2018,30/06/2025,02/01/2018,28/03/2024,Industrials,ATR US,,5.431398863,15.50836,,5–6,10-20
US71943U1043,DOC,08/01/2018,26/06/2025,01/05/2020,28/03/2024,Real Estate,2392595D US,,3.121988326,15.59166,,3–4,10-20
US92937A1025,WPP,02/01/2018,30/06/2025,02/01/2019,30/04/2020,Materials,WPP US,,23.13563238,15.67653,,10+,10-20
US0678061096,B,08/01/2018,30/06/2025,02/01/2018,28/03/2024,Industrials,2566642D US,,3.508275701,15.72177,,3–4,10-20
US60786M1053,MC,03/01/2018,25/06/2025,03/07/2023,28/03/2024,Financials,MC US,,3.220522812,15.73718,,3–4,10-20
US6005441000,MLHR,03/01/2018,26/06/2025,02/01/2018,29/09/2021,Industrials,MLKN US,,2.412056907,15.91359,,2–2.5,10-20
US29084Q1004,EME,05/01/2018,30/06/2025,02/01/2018,28/03/2024,Industrials,EME US,,4.86566526,15.98161,,4–5,10-20
US05464C1018,AAXN,03/01/2018,30/06/2025,02/01/2018,31/12/2020,Industrials,AXON US,,1.415416571,16.02035,,1–1.5,10-20
US05566U1088,BOFI,09/01/2018,01/10/2018,02/01/2018,31/12/2018,Financials,,AX US,1.927508888,16.05515,,1.5–2,10-20
US7751331015,ROG,21/01/2018,21/05/2025,02/01/2018,28/03/2024,Information Technology,ROG US,,3.255812105,16.08082,,3–4,10-20
US92924F1066,WGL,08/01/2018,03/08/2018,02/01/2018,06/07/2018,Utilities,WGL US,,4.439427083,16.08085,,4–5,10-20
US2480191012,DLX,03/01/2018,12/06/2025,02/01/2018,28/03/2024,Industrials,DLX US,,3.659165095,16.09346,,3–4,10-20
US29275Y1029,ENS,17/01/2018,04/06/2025,02/01/2018,28/03/2024,Industrials,ENS US,,3.14715621,16.16004,,3–4,10-20
US4511071064,IDA,03/01/2018,10/06/2025,02/01/2018,28/03/2024,Utilities,IDA US,,4.483972521,16.17646,,4–5,10-20
US8086251076,SAIC,22/01/2018,25/06/2025,02/01/2018,28/03/2024,Information Technology,SAIC US,,3.312641269,16.23396,,3–4,10-20
US9741551033,WING,03/01/2018,30/06/2025,02/01/2018,28/03/2024,Consumer Discretionary,WING US,,1.175145717,16.28648,,1–1.5,10-20
US2333261079,DST,03/01/2018,16/04/2018,02/01/2018,25/04/2019,Industrials,DST US,,3.755932689,16.30792,,3–4,10-20
US2787152063,EBIX,01/01/2018,20/08/2024,02/01/2018,30/01/2024,Information Technology,EBIXQ US,,2.49285424,16.31519,,2–2.5,10-20
US6024961012,MDXG,05/01/2018,26/06/2025,02/01/2018,30/04/2020,Health Care,MDXG US,,1.475653462,16.36363,,1–1.5,10-20
US84857L1017,SR,05/01/2018,18/06/2025,02/01/2018,28/03/2024,Industrials,SR US,,3.462752217,16.454,,3–4,10-20
US1491501045,CATY,03/01/2018,16/06/2025,02/01/2018,28/03/2024,Financials,CATY US,,3.420301003,16.485,,3–4,10-20
US9300591008,WDR,03/01/2018,30/04/2021,02/01/2018,29/04/2021,Financials,WDR US,,1.812486823,16.58047,,1.5–2,10-20
US9027881088,UMBF,17/01/2018,30/06/2025,02/01/2018,28/03/2024,Financials,UMBF US,,3.791408766,16.6036,,3–4,10-20
US8941641024,TNL,17/02/2021,26/06/2025,04/01/2021,28/03/2024,Consumer Discretionary,TNL US,,4.622772715,16.64021,,4–5,10-20
US8794338298,TDS,02/01/2018,30/06/2025,02/01/2018,28/03/2024,Communication Services,TDS US,,3.09317251,16.66547,,3–4,10-20
US03076K1088,ABCB,02/01/2018,10/06/2025,02/01/2018,28/03/2024,Financials,ABCB US,,1.807567429,16.70171,,1.5–2,10-20
US76131V2025,RPAI,08/01/2018,21/10/2021,02/01/2020,29/09/2021,Real Estate,RPAI US,,2.956842638,16.72439,,2.5–3,10-20
US4108671052,THG,03/01/2018,23/06/2025,02/01/2018,28/03/2024,Financials,THG US,,4.533780966,16.78863,,4–5,10-20
US6866881021,ORA,09/01/2018,27/06/2025,01/08/2022,28/03/2024,Utilities,ORA US,,3.319171334,16.81123,,3–4,10-20
US6742152076,OAS,30/09/2021,16/06/2025,01/05/2018,30/04/2020,Energy,CHRD US,,1.978966136,16.87644,,1.5–2,10-20
US29261A1007,EHC,02/01/2018,25/06/2025,02/01/2018,28/03/2024,Health Care,EHC US,,5.05120911,16.93501,,5–6,10-20
US88870R1023,TVTY,04/01/2018,29/06/2022,02/01/2018,29/06/2022,Health Care,TVTY US,,1.449978577,16.94718,,1–1.5,10-20
US59001A1025,MTH,08/01/2018,16/06/2025,02/01/2018,28/03/2024,Consumer Discretionary,MTH US,,2.175591045,16.9624,,2–2.5,10-20
US8385181081,SJI,02/01/2018,24/01/2024,02/01/2018,30/01/2023,Utilities,SJI US,,2.478749333,17.0067,,2–2.5,10-20
US6102361010,MNRO,19/01/2018,16/06/2025,02/01/2018,28/03/2024,Consumer Discretionary,MNRO US,,1.992541309,17.11509,,1.5–2,10-20
US1844961078,CLH,01/01/2018,23/06/2025,02/01/2018,28/03/2024,Industrials,CLH US,,3.085795592,17.1724,,3–4,10-20
US68752M1080,OFIX,25/02/2019,23/06/2025,02/01/2018,31/01/2024,Health Care,OFIX US,,1.29063331,17.26693,,1–1.5,10-20
US5526761086,MDC,02/01/2018,19/04/2024,02/01/2018,28/03/2024,Consumer Discretionary,MDC US,,1.826570676,17.34121,,1.5–2,10-20
US62855J1043,MYGN,03/01/2018,05/06/2025,02/01/2018,28/03/2024,Health Care,MYGN US,,2.430351624,17.3783,,2–2.5,10-20
US6267551025,MUSA,02/01/2018,16/06/2025,02/01/2018,28/03/2024,Consumer Discretionary,MUSA US,,2.807353382,17.4084,,2.5–3,10-20
US3208671046,FMBI,02/01/2018,16/02/2022,02/01/2018,31/01/2022,Financials,FMBI US,,2.460357131,17.45105,,2–2.5,10-20
US81725T1007,SXT,21/01/2018,18/06/2025,02/01/2018,28/03/2024,Consumer Staples,SXT US,,3.205042316,17.51689,,3–4,10-20
US6404911066,NEOG,02/01/2018,30/06/2025,02/01/2018,28/03/2024,Health Care,NEOG US,,3.066817229,17.54207,,3–4,10-20
US79546E1047,SBH,21/01/2018,18/06/2025,02/01/2018,28/03/2024,Consumer Discretionary,SBH US,,2.351127484,17.82156,,2–2.5,10-20
US69007J1060,OUT,11/01/2018,24/06/2025,03/10/2022,28/03/2024,Real Estate,,OUT US,3.037523765,17.86394,,3–4,10-20
US1053682035,BDN,19/01/2018,27/06/2025,02/01/2020,28/03/2024,Real Estate,BDN US,,3.05155369,17.94078,,3–4,10-20
US4657411066,ITRI,01/01/2018,24/06/2025,02/01/2018,28/03/2024,Information Technology,ITRI US,,2.641059458,17.94225,,2.5–3,10-20
US2252233042,CRAY,10/01/2018,27/09/2019,02/01/2018,31/12/2018,Information Technology,CRAY US,,1.023081957,17.97343,,1–1.5,10-20
US68554V1089,OSUR,04/01/2018,05/06/2025,02/01/2018,28/03/2024,Health Care,OSUR US,,1.167480237,18.03133,,1–1.5,10-20
US3434981011,FLO,03/01/2018,28/05/2025,02/01/2018,28/03/2024,Consumer Staples,FLO US,,3.984680986,18.1957,,3–4,10-20
US9111631035,UNFI,03/01/2018,30/06/2025,02/01/2018,28/03/2024,Consumer Staples,UNFI US,,2.490810995,18.21641,,2–2.5,10-20
US1940141062,CFX,03/01/2018,05/04/2022,02/01/2019,30/03/2022,Industrials,ENOV US,,4.950488087,18.31478,was CFX US; Colfax renamed Enovis (ENOV) Apr 2022,4–5,10-20
US20451N1019,CMP,06/01/2018,27/06/2025,02/01/2018,28/03/2024,Materials,CMP US,,2.511691949,18.54527,,2.5–3,10-20
US1005571070,SAM,03/01/2018,27/06/2025,02/01/2018,28/03/2024,Consumer Staples,SAM US,,2.198773352,18.56238,,2–2.5,10-20
US03762U1051,ARI,04/01/2018,23/06/2025,02/01/2018,28/03/2024,Financials,ARI US,,1.960318601,18.5893,,1.5–2,10-20
US87403A1079,TLRD,01/01/2018,18/06/2025,02/01/2018,30/04/2020,Consumer Discretionary,TLRDQ US,,1.074975279,18.63969,,1–1.5,10-20
US67623C1099,OPI,02/01/2019,16/06/2025,02/01/2019,31/01/2024,Real Estate,OPITQ US,,1.306933992,18.64988,,1–1.5,10-20
US69478X1054,PPBI,16/01/2018,20/05/2025,02/01/2018,28/03/2024,Financials,PPBI US,,1.851093338,18.65045,,1.5–2,10-20
US05379B1070,AVA,04/01/2018,12/06/2025,02/01/2018,28/03/2024,Utilities,AVA US,,3.309650767,18.66089,,3–4,10-20
US36162J1060,GEO,19/01/2018,23/06/2025,02/01/2018,28/03/2024,Industrials,GEO US,,2.756846866,18.66112,,2.5–3,10-20
US50077C1062,KRA,03/01/2018,15/06/2022,02/01/2018,11/03/2022,Materials,KRA US,,1.571378235,18.66437,,1.5–2,10-20
US73179P1066,POL,02/01/2018,22/07/2022,02/01/2018,30/04/2020,Materials,AVNT US,,3.565081966,18.6663,was 2105325D US; PolyOne renamed Avient (AVNT) Jul 2020,3–4,10-20
US29404K1060,ENV,02/01/2018,25/11/2024,01/06/2021,28/03/2024,Information Technology,ENV US,,2.250734183,18.78706,,2–2.5,10-20
US2620371045,DRQ,19/01/2018,10/09/2024,02/01/2018,28/03/2024,Energy,INVX US,,2.057720838,18.79005,was DRQ US; Dril-Quip merged/renamed Innovex (INVX) Sep 2024,2–2.5,10-20
US9282981086,VSH,03/01/2018,27/06/2025,02/01/2018,28/03/2024,Industrials,VSH US,,3.117682573,18.87508,,3–4,10-20
US7433121008,PRGS,03/01/2018,30/06/2025,02/01/2018,28/03/2024,Information Technology,PRGS US,,2.071995166,18.93451,,2–2.5,10-20
US1417881091,CARG,20/01/2018,23/06/2025,03/07/2023,28/03/2024,Communication Services,CARG US,,3.821389535,18.97398,,3–4,10-20
US04247X1028,AWI,23/01/2018,24/06/2025,02/01/2024,28/03/2024,Industrials,AWI US,,3.283895837,19.0432,,3–4,10-20
US69360J1079,PSB,17/01/2018,20/07/2022,02/01/2018,29/07/2022,Financials,PSB US,,3.288382635,19.07172,,3–4,10-20
US12685J1051,CABO,05/01/2018,16/06/2025,02/01/2018,28/03/2024,Consumer Discretionary,CABO US,,4.071870366,19.12398,,4–5,10-20
US0625401098,BOH,04/01/2018,19/05/2025,02/01/2018,28/03/2024,Financials,BOH US,,3.620454743,19.20416,,3–4,10-20
US2036071064,CBU,04/01/2018,25/06/2025,02/01/2018,28/03/2024,Financials,CBU US,,2.699998099,19.23513,,2.5–3,10-20
US3614481030,GATX,04/01/2018,13/06/2025,02/01/2018,28/03/2024,Financials,GATX US,,2.433582,19.24589,,2–2.5,10-20
US2681582019,DVAX,04/01/2018,17/06/2025,02/05/2022,28/03/2024,Health Care,DVAX US,,1.090732518,19.26364,,1–1.5,10-20
US6031581068,MTX,18/01/2018,26/06/2025,02/01/2018,28/03/2024,Materials,MTX US,,2.654283669,19.31289,,2.5–3,10-20
US76131N1019,ROIC,03/01/2018,12/02/2025,02/01/2018,28/03/2024,Financials,ROIC US,,2.188020108,19.38716,,2–2.5,10-20
US03784Y2000,APLE,12/01/2018,18/06/2025,02/01/2024,28/03/2024,Real Estate,APLE US,,4.360839422,19.38844,,4–5,10-20
US6501111073,NYT,11/01/2018,28/06/2025,02/01/2018,28/03/2024,Consumer Discretionary,NYT US,,3.154844888,19.44276,,3–4,10-20
US05508R1068,BGS,23/01/2018,27/06/2025,02/01/2018,28/03/2024,Consumer Staples,BGS US,,2.197703806,19.46575,,2–2.5,10-20
US3032501047,FICO,03/01/2018,27/06/2025,02/01/2018,28/03/2024,Information Technology,FICO US,,4.601399608,19.71885,,4–5,10-20
US43283X1054,HGV,02/01/2018,18/06/2025,03/04/2023,28/03/2024,Consumer Discretionary,HGV US,,4.118137718,19.73396,,4–5,10-20
US1270551013,CBT,05/01/2018,30/06/2025,02/01/2018,28/03/2024,Materials,CBT US,,4.053984834,19.76756,,4–5,10-20
US20854L1089,CEIX,03/01/2018,17/01/2025,02/01/2018,28/03/2024,Energy,CNR US,,1.035077508,19.78987,was CEIXN S2; CONSOL Energy -> Core Natural Resources (CNR) Jan 2025,1–1.5,10-20
US92552V1008,VSAT,03/01/2018,17/06/2025,02/01/2018,28/03/2024,Information Technology,VSAT US,,4.352648179,19.79137,,4–5,10-20
US5894331017,MDP,01/01/2018,03/12/2021,02/01/2018,30/11/2021,Consumer Discretionary,MDP US,,2.953416619,19.84101,,2.5–3,10-20
US67555N2062,OCLR,22/01/2018,10/12/2018,02/01/2018,10/12/2018,Information Technology,OCLR US,,1.129151246,19.87291,,1–1.5,10-20
US78709Y1055,SAIA,10/01/2018,18/06/2025,02/01/2018,28/03/2024,Industrials,SAIA US,,1.886288194,19.98506,,1.5–2,10-20
US5012421013,KLIC,04/01/2018,09/06/2025,02/01/2018,28/03/2024,Information Technology,KLIC US,,1.782745773,20.02671,,1.5–2,20+
US1699051066,CHH,03/01/2018,23/06/2025,01/05/2020,28/03/2024,Consumer Discretionary,CHH US,,4.391680432,20.04045,,4–5,20+
US8010561020,SANM,19/01/2018,23/06/2025,02/01/2018,28/03/2024,Information Technology,SANM US,,2.55313658,20.10876,,2.5–3,20+
US78470V1089,SRCI,02/01/2018,14/01/2020,02/01/2018,13/01/2020,Energy,SRCI US,,2.11412964,20.13204,,2–2.5,20+
US7415111092,PSMT,04/01/2018,27/06/2025,01/05/2020,28/03/2024,Consumer Discretionary,PSMT US,,2.6709914,20.15512,,2.5–3,20+
US90984P3038,UCBI,08/01/2018,19/05/2025,02/01/2018,28/03/2024,Financials,UCB US,,2.075914073,20.17258,,2–2.5,20+
US0234361089,AMED,04/01/2018,30/06/2025,02/01/2018,28/03/2024,Health Care,AMED US,,1.800342253,20.20999,,1.5–2,20+
US93627C1018,HCC,17/01/2018,26/05/2025,01/05/2020,28/03/2024,Financials,HCC US,,1.488479009,20.23766,,1–1.5,20+
US87166B1026,SYNH,08/01/2018,29/04/2024,08/01/2019,28/09/2023,Health Care,2505298D US,,4.304230095,20.2656,,4–5,20+
US81721M1099,SNH,02/01/2018,02/01/2020,02/01/2018,07/01/2020,Financials,DHC US,,4.572009069,20.3184,was SNH US; Senior Housing renamed Diversified Healthcare 2020,4–5,20+
US6907321029,OMI,05/01/2018,06/06/2025,02/01/2018,28/03/2024,Health Care,ACH US,,1.21702981,20.3929,,1–1.5,20+
US46146L1017,ISBC,02/01/2018,07/04/2022,04/01/2021,30/03/2022,Financials,ISBC US,,4.231097396,20.49434,,4–5,20+
US6365181022,NATI,01/01/2018,11/10/2023,02/01/2018,12/10/2023,Information Technology,NATI US,,5.442915266,20.50574,,5–6,20+
US32054K1034,FR,04/01/2018,02/06/2025,02/01/2018,28/03/2024,Financials,FR US,,3.646943936,20.59785,,3–4,20+
US0454871056,ASB,02/01/2018,12/06/2025,02/01/2018,28/03/2024,Financials,ASB US,,3.839585996,20.65112,,3–4,20+
US45867G1013,IDCC,02/01/2018,30/06/2025,02/01/2018,28/03/2024,Information Technology,IDCC US,,2.728317926,20.69244,,2.5–3,20+
US6680743050,NWE,10/01/2018,30/06/2025,02/01/2018,28/03/2024,Utilities,NWE US,,2.731497744,20.7258,,2.5–3,20+
US91336L1070,UNVR,02/01/2018,11/09/2023,02/01/2020,28/07/2023,Industrials,UNVR US,,4.351757699,20.73083,,4–5,20+
US2787681061,SATS,03/01/2018,28/06/2025,02/01/2024,28/03/2024,Communication Services,ECHO US,,5.66032663,20.80673,,5–6,20+
US07831C1036,BRBR,04/08/2022,30/06/2025,31/03/2022,28/03/2024,Consumer Staples,BRBR US,,3.451323005,20.81566,,3–4,20+
US48123V1026,JCOM,03/01/2018,05/06/2025,02/01/2018,29/09/2021,Information Technology,ZD US,,3.633084343,21.12477,,3–4,20+
US5150981018,LSTR,22/01/2018,24/06/2025,02/01/2018,28/03/2024,Industrials,LSTR US,,4.668694916,21.15306,,4–5,20+
US9202531011,VMI,09/01/2018,13/06/2025,02/01/2018,28/03/2024,Industrials,VMI US,,3.772091408,21.18068,,3–4,20+
US1380981084,CMD,01/01/2018,02/06/2021,02/01/2018,28/05/2021,Health Care,CMD US,,4.300566452,21.19726,,4–5,20+
US4440971095,HPP,03/01/2018,30/06/2025,01/05/2020,28/03/2024,Real Estate,HPP US,,5.332599381,21.2168,was HPPN S2 (Cboe Europe code) -> Hudson Pacific US line,5–6,20+
US8678921011,SHO,08/01/2018,30/06/2025,01/08/2022,28/03/2024,Real Estate,SHO US,,3.738086339,21.52236,,3–4,20+
US7376301039,PCH,02/01/2018,10/06/2025,02/01/2018,28/03/2024,Materials,PCH US,,2.054909769,21.55017,,2–2.5,20+
US44106M1027,HPT,16/01/2018,27/09/2019,02/01/2018,31/12/2018,Financials,SVC US,,4.754620649,21.57812,was HPT US; Hospitality Properties renamed Service Properties 2019,4–5,20+
US0017441017,AMN,04/01/2018,24/06/2025,02/01/2018,28/03/2024,Health Care,AMN US,,2.350398784,21.59769,,2–2.5,20+
US4893981070,KW,19/01/2018,27/06/2025,03/04/2023,28/03/2024,Real Estate,KW US,,2.612425301,21.64155,,2.5–3,20+
US8684591089,SUPN,02/01/2018,16/06/2025,02/01/2018,28/03/2024,Health Care,SUPN US,,2.073553239,21.78183,,2–2.5,20+
US21871D1037,CLGX,02/01/2018,27/08/2021,02/01/2018,28/05/2021,Information Technology,CLGX US,,3.748832821,21.95028,,3–4,20+
US1442851036,CRS,22/01/2018,23/06/2025,02/01/2018,28/03/2024,Materials,CRS US,,2.514051796,22.06165,,2.5–3,20+
US0462241011,ASTE,02/01/2018,29/05/2025,02/01/2018,28/03/2024,Industrials,ASTE US,,1.417636015,22.10808,,1–1.5,20+
US4368932004,HOMB,03/01/2018,23/06/2025,02/01/2018,28/03/2024,Financials,HOMB US,,4.018114547,22.11934,,4–5,20+
US8676524064,SPWR,18/01/2018,30/06/2025,30/09/2021,28/03/2024,Information Technology,SPWRQ US,,1.193336128,22.22151,,1–1.5,20+
US45780R1014,IBP,16/01/2018,18/06/2025,02/01/2018,28/03/2024,Consumer Discretionary,IBP US,,2.306849416,22.24161,,2–2.5,20+
US9047081040,UNF,03/01/2018,30/06/2025,02/01/2018,28/03/2024,Consumer Discretionary,UNF US,,3.44831961,22.28151,,3–4,20+
US74624M1027,PSTG,11/01/2018,30/06/2025,02/01/2024,28/03/2024,Information Technology,P US,,3.696153645,22.33232,,3–4,20+
US65249B1098,NWSA,01/01/2018,30/06/2025,02/01/2018,28/03/2024,Consumer Discretionary,NWSA US,,9.522155528,22.43771,,9–10,20+
US28470R1023,ERI,04/01/2018,21/07/2020,20/08/2018,30/04/2020,Consumer Discretionary,CZR US,,2.45838704,22.50708,"was ERI US; Eldorado acquired Caesars Jul 2020, took CZR ticker",2–2.5,20+
US0080731088,AVAV,03/01/2018,30/06/2025,02/01/2018,28/03/2024,Industrials,AVAV US,,1.30498285,22.51934,,1–1.5,20+
US59001K1007,MTOR,02/01/2018,02/08/2022,01/05/2020,29/07/2022,Consumer Discretionary,MTOR US,,2.04893573,22.54278,,2–2.5,20+
US45781M1018,INVA,22/01/2018,12/06/2025,02/01/2018,28/03/2024,Health Care,INVA US,,1.647235628,22.55103,,1.5–2,20+
US2244411052,CR,25/07/2022,30/06/2025,02/01/2018,28/03/2024,Industrials,CXT US,,5.310102844,22.56336,,5–6,20+
US9099071071,UBSI,02/01/2018,19/05/2025,02/01/2018,28/03/2024,Financials,UBSI US,,3.658985942,22.72971,,3–4,20+
US9780971035,WWW,21/01/2018,30/06/2025,02/01/2018,28/03/2024,Consumer Discretionary,WWW US,,3.181383874,22.74696,,3–4,20+
US78440X8873,SLG,16/08/2022,30/06/2025,02/01/2018,28/03/2024,Financials,SLG US,,3.304751823,22.80751,,3–4,20+
US29472R1086,ELS,01/01/2018,29/05/2025,03/07/2023,28/03/2024,Real Estate,ELS US,,7.819227129,22.81343,,7–8,20+
US00508X2036,ATU,02/01/2018,01/09/2021,02/01/2018,31/12/2018,Industrials,,EPAC US,1.50188019,23.07223,,1.5–2,20+
US71377A1034,PFGC,23/01/2018,04/06/2025,30/09/2021,28/03/2024,Consumer Staples,PFGC US,,3.662331925,23.1553,,3–4,20+
US4219061086,HCSG,05/01/2018,21/05/2025,02/01/2018,28/03/2024,Industrials,HCSG US,,3.91351093,23.19451,,3–4,20+
US2576511099,DCI,21/01/2018,17/06/2025,02/01/2018,28/03/2024,Industrials,DCI US,,6.778576429,23.2393,,6–7,20+
US09073M1045,TECH,02/01/2018,27/06/2025,02/01/2018,28/03/2024,Health Care,TECH US,,4.92477792,23.26301,,4–5,20+
US0116421050,ALRM,08/01/2018,16/06/2025,02/01/2018,28/03/2024,Information Technology,ALRM US,,1.735238603,23.32621,,1.5–2,20+
US2315611010,CW,03/01/2018,11/06/2025,02/01/2018,28/03/2024,Industrials,CW US,,5.412025078,23.43161,,5–6,20+
US74164M1080,PRI,22/01/2018,23/06/2025,02/01/2018,28/03/2024,Financials,PRI US,,4.688081639,23.60992,,4–5,20+
US3936571013,GBX,04/01/2018,30/06/2025,02/01/2018,28/03/2024,Industrials,GBX US,,1.513957283,23.67515,,1.5–2,20+
US1096961040,BCO,10/01/2018,13/06/2025,02/01/2018,28/03/2024,Industrials,BCO US,,3.950322451,23.67601,,3–4,20+
US26484T1060,DNB,29/09/2021,18/06/2025,02/01/2018,31/12/2018,Industrials,DNB US,,7.199109213,23.79405,,7–8,20+
US8335511049,LNCE,22/01/2018,29/03/2018,02/01/2018,23/03/2018,Consumer Staples,LNCE US,,4.885423311,23.79671,,4–5,20+
US8910921084,TTC,08/01/2018,27/06/2025,02/01/2018,28/03/2024,Consumer Discretionary,TTC US,,7.047612935,23.97722,,7–8,20+
US2372661015,DAR,15/01/2018,27/06/2025,02/01/2018,28/03/2024,Consumer Staples,DAR US,,3.153656834,23.98847,,3–4,20+
US5779331041,MMS,03/01/2018,23/06/2025,02/01/2018,28/03/2024,Health Care,MMS US,,4.637072276,24.09413,,4–5,20+
US2005251036,CBSH,02/01/2018,24/06/2025,02/01/2018,28/03/2024,Financials,CBSH US,,5.970668442,24.34844,,5–6,20+
US25960P1093,DEI,03/01/2018,26/06/2025,02/01/2018,28/03/2024,Financials,DEI US,,6.894593626,24.3951,,6–7,20+
US70959W1036,PAG,03/01/2018,16/06/2025,02/01/2024,28/03/2024,Consumer Discretionary,PAG US,,4.134881065,24.46238,,4–5,20+
US01988P1084,MDRX,08/01/2018,23/06/2025,02/01/2018,28/03/2024,Health Care,MDRX US,,2.773451984,24.53384,,2.5–3,20+
US92936U1097,WPC,20/01/2018,25/06/2025,02/01/2024,28/03/2024,Real Estate,WPC US,,6.922388442,24.5424,,6–7,20+
US1143401024,BRKS,16/01/2018,09/06/2025,02/01/2018,30/11/2021,Information Technology,AZTA US,,1.840256413,24.61569,,1.5–2,20+
US88033G4073,THC,06/01/2018,30/06/2025,02/01/2018,28/03/2024,Health Care,THC US,,1.558465257,24.6284,,1.5–2,20+
US80810D1037,SDGR,16/09/2021,27/06/2025,03/07/2023,28/03/2024,Health Care,SDGR US,,4.325645883,24.70358,,4–5,20+
US37959E1029,GL,09/08/2019,18/06/2025,12/08/2019,28/03/2024,Financials,GL US,,9.675865605,24.72739,,9–10,20+
US64111Q1040,NTGR,01/01/2018,23/06/2025,02/01/2018,31/01/2024,Information Technology,NTGR US,,1.848857741,24.7928,,1.5–2,20+
US5562691080,SHOO,08/01/2018,09/06/2025,02/01/2018,28/03/2024,Consumer Discretionary,SHOO US,,2.777853878,24.8047,,2.5–3,20+
US9682232064,JWA,04/01/2018,30/06/2025,02/01/2018,30/03/2022,Consumer Discretionary,WLY US,,3.758398785,24.82421,,3–4,20+
US50187A1079,LHCG,04/01/2018,22/02/2023,02/01/2018,02/03/2023,Health Care,LHCG US,,1.179220738,24.83023,,1–1.5,20+
US9295661071,WNC,02/01/2018,23/06/2025,02/01/2018,28/03/2024,Industrials,WNC US,,1.296340265,24.83229,,1–1.5,20+
US8190471016,SHAK,02/01/2018,30/06/2025,02/01/2018,28/03/2024,Consumer Discretionary,SHAK US,,1.604389681,24.83248,,1.5–2,20+
US5370081045,LFUS,03/01/2018,27/05/2025,02/01/2018,28/03/2024,Information Technology,LFUS US,,4.560930638,24.83284,,4–5,20+
US57164Y1073,VAC,18/01/2018,28/06/2025,02/01/2018,28/03/2024,Consumer Discretionary,VAC US,,3.600355814,24.8628,,3–4,20+
US7593516047,RGA,01/01/2018,18/06/2025,02/01/2018,28/03/2024,Financials,RGA US,,10.042525232,24.91723,,10+,20+
US0844231029,WRB,05/01/2018,24/06/2025,02/01/2018,28/03/2024,Financials,WRB US,,8.458645943,24.96821,,8–9,20+
US8998961044,TUP,03/01/2018,12/06/2025,02/01/2018,31/01/2023,Consumer Discretionary,TUPBQ US,,3.200313051,25.14798,,3–4,20+
US70451X1046,PAYO,28/06/2021,10/06/2025,03/10/2022,28/03/2024,Information Technology,PAYO US,,4.029697134,25.16874,,4–5,20+
US8606301021,SF,02/01/2018,28/06/2025,02/01/2018,28/03/2024,Financials,SF US,,4.125153801,25.20769,,4–5,20+
US9255501051,VIAV,12/01/2018,24/06/2025,02/01/2018,28/03/2024,Information Technology,VIAV US,,2.055890116,25.23948,,2–2.5,20+
US03836W1036,WTR,03/01/2018,03/02/2020,02/01/2018,21/02/2020,Utilities,WTRG US,,6.798442279,25.36655,was WTR US; Aqua America renamed Essential Utilities Feb 2020,6–7,20+
US14575E1055,CARS,04/01/2018,30/06/2025,02/01/2018,28/03/2024,Consumer Discretionary,CARS US,,2.147335788,25.39359,,2–2.5,20+
US16359R1032,CHE,12/01/2018,30/06/2025,02/01/2018,28/03/2024,Health Care,CHE US,,4.185647346,25.55436,,4–5,20+
US2186811046,CORE,04/01/2018,02/09/2021,02/01/2018,31/08/2021,Consumer Discretionary,CORE US,,1.450873319,25.59201,,1–1.5,20+
US9197941076,VLY,02/01/2018,11/06/2025,02/01/2018,28/03/2024,Financials,VLY US,,3.705414559,25.68764,,3–4,20+
US12674R1005,CJ,10/01/2018,31/10/2019,04/04/2018,31/12/2018,Energy,CJ US,,2.376971323,25.78911,,2–2.5,20+
US49338L1035,KEYS,03/01/2018,30/06/2025,02/01/2018,28/03/2024,Information Technology,KEYS US,,8.006401474,25.80134,,8–9,20+
US40637H1095,HALO,09/01/2018,30/06/2025,04/01/2021,28/03/2024,Health Care,HALO US,,2.65638162,25.85648,,2.5–3,20+
US98156Q1085,WWE,02/01/2018,08/09/2023,02/01/2018,08/09/2023,Consumer Discretionary,WWE US,,2.421958825,25.90865,,2–2.5,20+
US21871N1019,CXW,13/01/2018,11/06/2025,02/01/2018,28/03/2024,Industrials,CXW US,,2.638318771,25.98859,,2.5–3,20+
US8270481091,SLGN,02/01/2018,09/06/2025,02/01/2018,28/03/2024,Materials,SLGN US,,3.264830855,26.06271,,3–4,20+
US53815P1084,RAMP,02/10/2018,25/06/2025,01/05/2020,28/03/2024,Information Technology,RAMP US,,3.617171882,26.13906,,3–4,20+
US03676B1026,AM,15/01/2020,03/06/2025,01/05/2020,28/03/2024,Consumer Discretionary,AM US,,3.820957185,26.41213,,3–4,20+
US01748X1028,ALGT,02/01/2018,27/06/2025,02/01/2018,28/03/2024,Industrials,ALGT US,,2.476801881,26.52222,,2–2.5,20+
US00486H1059,ADTN,26/07/2022,30/06/2025,02/01/2018,28/03/2024,Information Technology,ADTN US,,1.832408231,26.56988,,1.5–2,20+
US72346Q1040,PNFP,01/01/2018,21/05/2025,02/01/2018,28/03/2024,Financials,9998819D US,,5.153025286,26.605,,5–6,20+
US53223X1072,LSI,03/01/2018,20/07/2023,02/01/2018,30/06/2023,Information Technology,LSI US,,4.158994888,26.65554,,4–5,20+
US97650W1080,WTFC,03/01/2018,13/06/2025,02/01/2018,28/03/2024,Financials,WTFC US,,4.59073951,26.67741,,4–5,20+
US7365088472,POR,19/01/2018,25/06/2025,01/08/2022,28/03/2024,Utilities,POR US,,3.77751458,26.7226,,3–4,20+
US8782371061,TECD,08/01/2018,30/06/2020,02/01/2018,30/04/2020,Information Technology,TECD US,,3.909180663,26.86989,,3–4,20+
US5526901096,MDU,02/01/2018,25/06/2025,02/01/2018,28/03/2024,Utilities,MDU US,,5.218532927,26.89411,,5–6,20+
US42226A1079,HQY,08/01/2018,27/06/2025,02/01/2018,28/03/2024,Health Care,HQY US,,2.996620109,26.92449,,2.5–3,20+
US67098H1041,OI,28/09/2021,10/06/2025,02/01/2018,28/03/2024,Materials,OI US,,2.419033718,27.08459,,2–2.5,20+
US89055F1030,BLD,10/01/2018,23/06/2025,02/01/2018,28/03/2024,Consumer Discretionary,BLD US,,2.740321537,27.098,,2.5–3,20+
US29109X1063,AZPN,27/07/2022,12/03/2025,01/06/2021,28/03/2024,Information Technology,AZPN US,,12.604544184,27.11796,,10+,20+
US9507551086,WERN,09/01/2018,27/06/2025,02/01/2018,28/03/2024,Industrials,WERN US,,2.92241383,27.13418,,2.5–3,20+
US47233W1099,JEF,24/05/2018,26/06/2025,01/05/2020,28/03/2024,Financials,JEF US,,7.952005703,27.20717,,7–8,20+
US73278L1052,POOL,21/01/2018,17/06/2025,02/01/2018,28/03/2024,Consumer Discretionary,POOL US,,5.24377574,27.34556,,5–6,20+
US6390501038,BABY,04/01/2018,09/04/2025,02/01/2018,31/12/2018,Health Care,NTUS US,,1.158934417,27.36138,,1–1.5,20+
US6350171061,FIZZ,20/01/2018,14/06/2025,01/05/2020,28/03/2024,Consumer Staples,FIZZ US,,5.005386558,27.40502,,5–6,20+
US80874P1093,SGMS,01/01/2018,25/06/2025,02/01/2018,30/03/2022,Consumer Discretionary,LNWO US,,4.598603564,27.49801,,4–5,20+
US8308791024,SKYW,08/01/2018,18/06/2025,02/01/2018,28/03/2024,Industrials,SKYW US,,2.589534224,27.50774,,2.5–3,20+
US35137L2043,FOX,01/10/2019,28/06/2025,01/05/2020,28/03/2024,Consumer Discretionary,FOX US,,19.37254652,27.69125,,10+,20+
US8354511052,SONC,03/01/2018,10/12/2018,02/01/2018,07/12/2018,Consumer Discretionary,2600384D US,,1.080626919,27.7441,,1–1.5,20+
US8358981079,BID,21/01/2018,21/01/2022,02/01/2018,31/12/2018,Consumer Discretionary,2606902D US,,2.804722814,27.97727,,2.5–3,20+
US30226D1063,EXTR,09/01/2018,30/06/2025,01/02/2018,28/03/2024,Information Technology,EXTR US,,1.447240463,28.16995,,1–1.5,20+
US9478901096,WBS,03/01/2018,17/06/2025,02/01/2018,28/03/2024,Financials,WBS US,,5.163554223,28.35253,,5–6,20+
US0256762065,AEL,10/01/2018,02/05/2024,02/01/2018,28/03/2024,Financials,AEL US,,2.924078351,28.46096,,2.5–3,20+
US26884U1097,EPR,03/01/2018,23/06/2025,02/01/2018,28/03/2024,Financials,EPR US,,4.703682581,28.47745,,4–5,20+
US7757111049,ROL,03/01/2018,25/06/2025,02/01/2018,28/03/2024,Industrials,ROL US,,10.131485158,28.49378,,10+,20+
US4972661064,KEX,03/01/2018,23/05/2025,02/01/2018,28/03/2024,Industrials,KEX US,,4.02656265,28.58913,,4–5,20+
US8175651046,SCI,23/01/2018,19/05/2025,02/01/2018,28/03/2024,Health Care,SCI US,,7.40507211,28.82815,,7–8,20+
US1985161066,COLM,08/01/2018,30/05/2025,01/05/2020,28/03/2024,Consumer Discretionary,COLM US,,5.084213631,28.85368,,5–6,20+
US96208T1043,WEX,05/01/2018,25/06/2025,02/01/2018,28/03/2024,Information Technology,WEX US,,6.21893572,29.02318,,6–7,20+
US58471A1051,MDSO,09/01/2018,29/10/2019,02/01/2018,31/12/2018,Health Care,MDSO US,,3.809900437,29.05698,,3–4,20+
US68557N1037,OA,03/01/2018,07/06/2018,02/01/2018,06/06/2018,Industrials,OA US,,7.59666934,29.063,,7–8,20+
US23334L1026,DSW,09/01/2018,03/04/2019,02/01/2018,29/03/2018,Consumer Discretionary,DBI US,,1.611965382,29.09675,was DSW US; DSW renamed Designer Brands (DBI) Apr 2019,1.5–2,20+
US3802371076,GDDY,01/01/2018,23/06/2025,02/01/2024,28/03/2024,Information Technology,GDDY US,,8.365899896,29.15505,,8–9,20+
US74112D1019,PBH,02/01/2018,17/06/2025,02/01/2018,28/03/2024,Consumer Staples,PBH US,,2.327875829,29.35631,,2–2.5,20+
US50189K1034,LCII,17/01/2018,30/06/2025,02/01/2018,28/03/2024,Consumer Discretionary,LCII US,,3.192367744,29.38466,,3–4,20+
US3693001089,BGC,19/01/2018,30/06/2025,02/01/2018,05/06/2018,Industrials,2290985D US,,1.506049036,29.40685,,1.5–2,20+
US1488061029,CTLT,08/01/2018,20/02/2025,02/01/2018,28/03/2024,Health Care,CTLT US,,5.513670163,29.51122,,5–6,20+
US7549071030,RYN,16/01/2018,30/06/2025,02/01/2018,28/03/2024,Financials,RYN US,,4.154178536,29.64742,,4–5,20+
US3142111034,FII,03/01/2018,23/06/2025,02/01/2018,06/04/2020,Financials,FHI US,,3.567919118,29.73666,,3–4,20+
US4312841087,HIW,10/01/2018,25/06/2025,02/01/2018,28/03/2024,Financials,HIW US,,4.964209035,29.75599,,4–5,20+
US91325V1089,UNIT,08/01/2018,24/06/2025,02/01/2018,28/03/2024,Financials,,UNIT US,3.083015381,29.81379,,3–4,20+
US55354G1004,MSCI,19/01/2018,30/06/2025,02/01/2018,28/03/2024,Financials,MSCI US,,12.452017545,29.86061,,10+,20+
US34354P1057,FLS,02/01/2018,17/06/2025,02/01/2018,28/03/2024,Industrials,FLS US,,5.551988223,29.9193,,5–6,20+
US4581181066,IDTI,08/01/2018,01/04/2019,02/01/2018,31/12/2018,Information Technology,IDTI US,,4.339713047,29.94435,,4–5,20+
US9426222009,WSO,02/01/2018,25/06/2025,02/01/2018,28/03/2024,Industrials,WSO US,,6.067804991,30.03399,,6–7,20+
US87157D1090,SYNA,08/01/2018,18/06/2025,02/01/2018,28/03/2024,Information Technology,SYNA US,,1.485132391,30.05574,,1–1.5,20+
US0078001056,AJRD,08/01/2018,27/07/2023,02/01/2018,26/07/2023,Industrials,AJRD US,,2.397943,30.06248,,2–2.5,20+
US6460251068,NJR,02/01/2018,23/06/2025,02/01/2018,28/03/2024,Utilities,NJR US,,3.463414787,30.06974,,3–4,20+
US2183521028,CORT,10/01/2018,23/06/2025,02/01/2018,28/03/2024,Health Care,CORT US,,2.37492379,30.23828,,2–2.5,20+
US48242W1062,KBR,15/01/2018,23/06/2025,02/01/2018,28/03/2024,Industrials,KBR US,,2.884239149,30.29093,,2.5–3,20+
US5367971034,LAD,04/01/2018,16/06/2025,02/01/2018,28/03/2024,Consumer Discretionary,LAD US,,2.912867787,30.32283,,2.5–3,20+
US87724P1066,TMHC,02/01/2018,25/06/2025,01/05/2020,28/03/2024,Consumer Discretionary,TMHC US,,3.23248697,30.42368,,3–4,20+
US2536511031,DBD,09/01/2018,28/06/2025,02/01/2018,31/01/2023,Information Technology,DBDQQ US,,1.303382814,30.47287,,1–1.5,20+
US0240611030,AXL,11/01/2018,30/06/2025,02/01/2018,28/03/2024,Consumer Discretionary,DCH US,,2.045511523,30.62181,,2–2.5,20+
US25862V1052,DV,28/09/2021,30/06/2025,01/02/2023,28/03/2024,Information Technology,DV US,,5.52479214,30.78138,,5–6,20+
US5520747008,WLH,03/01/2018,05/02/2020,02/01/2018,04/02/2020,Consumer Discretionary,WLH US,,1.02718995,30.78351,,1–1.5,20+
US01749D1054,ALGM,02/11/2020,16/06/2025,01/02/2023,28/03/2024,Information Technology,ALGM US,,3.741277379,30.92545,,3–4,20+
US17888H1032,CIVI,25/07/2022,30/06/2025,30/09/2021,28/03/2024,Energy,CIVI US,,4.584844735,31.03338,,4–5,20+
US5179421087,LHO,02/01/2018,01/12/2018,02/01/2018,30/11/2018,Financials,LHO US,,3.22710573,31.15117,,3–4,20+
US4262811015,JKHY,03/01/2018,09/06/2025,02/01/2018,28/03/2024,Information Technology,JKHY US,,8.985457658,31.17182,,8–9,20+
US3841091040,GGG,03/01/2018,06/06/2025,02/01/2018,28/03/2024,Industrials,GGG US,,7.7307849,31.22773,,7–8,20+
US9396531017,WRE,02/01/2018,17/06/2025,02/01/2019,30/09/2022,Real Estate,ELME US,,2.361012241,31.2397,,2–2.5,20+
US12650T1043,CSRA,15/01/2018,03/04/2018,02/01/2018,02/04/2018,Information Technology,CSRA US,,5.254060636,31.29788,,5–6,20+
US5627501092,MANH,09/01/2018,17/06/2025,02/01/2018,28/03/2024,Information Technology,MANH US,,3.474230659,31.40066,,3–4,20+
US12621E1038,CNO,17/01/2018,23/06/2025,02/01/2018,28/03/2024,Financials,CNO US,,4.256130135,31.51515,,4–5,20+
US00737L1035,ATGE,08/01/2018,16/06/2025,02/01/2018,28/03/2024,Consumer Discretionary,CVSA US,,2.742058,31.67218,,2.5–3,20+
US74347M1080,PUMP,10/01/2018,03/06/2025,19/04/2018,28/03/2024,Energy,PUMP US,,1.66079708,31.68685,,1.5–2,20+
US2124851062,CVG,20/01/2018,05/10/2018,02/01/2018,04/10/2018,Industrials,CVG US,,2.077425761,31.7237,,2–2.5,20+
US78573L1061,SBRA,02/01/2018,30/06/2025,02/01/2018,28/03/2024,Financials,SBRA US,,3.402452946,31.73631,,3–4,20+
US7841171033,SEIC,20/01/2018,30/06/2025,02/01/2018,28/03/2024,Financials,SEIC US,,12.161651066,31.9217,,10+,20+
US86333M1080,LRN,17/09/2021,04/06/2025,01/08/2022,28/03/2024,Consumer Discretionary,LRN US,,1.48400124,31.93102,,1–1.5,20+
US2227955026,CUZ,06/01/2020,30/06/2025,02/01/2018,28/03/2024,Financials,CUZ US,,5.976159675,31.95591,,5–6,20+
US4101201097,HBHC,04/01/2018,24/06/2025,02/01/2018,31/12/2018,Financials,HWC US,,4.31014848,32.03959,,4–5,20+
US90333L2016,USCR,02/01/2018,30/08/2021,02/01/2018,25/08/2021,Materials,USCR US,,1.391886162,32.08706,,1–1.5,20+
US8826811098,TXRH,10/01/2018,28/06/2025,02/01/2018,28/03/2024,Consumer Discretionary,TXRH US,,4.029589204,32.17642,,4–5,20+
US60855R1005,MOH,01/01/2018,09/06/2025,02/01/2018,28/03/2024,Health Care,MOH US,,4.37796792,32.20278,,4–5,20+
US67018T1051,NUS,01/01/2018,25/06/2025,02/01/2018,28/03/2024,Consumer Staples,NUS US,,3.592353645,32.31438,,3–4,20+
US5528481030,MTG,09/01/2018,13/06/2025,04/01/2021,28/03/2024,Financials,MTG US,,5.439920639,32.33306,,5–6,20+
US7436061052,PB,02/01/2018,30/06/2025,02/01/2018,28/03/2024,Financials,PB US,,4.86388084,32.34074,,4–5,20+
US36237H1014,GIII,04/01/2018,30/06/2025,02/01/2018,28/03/2024,Consumer Discretionary,GIII US,,1.895506405,32.44757,,1.5–2,20+
US5747951003,MASI,02/01/2018,12/06/2025,02/01/2018,28/03/2024,Health Care,MASI US,,4.44578523,32.50459,,4–5,20+
US00773T1016,ASIX,17/01/2018,20/06/2025,02/01/2018,28/03/2024,Industrials,ASIX US,,1.218708981,32.66918,,1–1.5,20+
US0427351004,ARW,02/01/2018,27/06/2025,02/01/2018,28/03/2024,Information Technology,ARW US,,7.14516706,32.72355,,7–8,20+
US9022521051,TYL,02/01/2018,24/06/2025,02/01/2018,28/03/2024,Information Technology,TYL US,,6.713050758,32.74649,,6–7,20+
US4052171000,HAIN,21/01/2018,09/06/2025,02/01/2018,28/03/2024,Consumer Staples,HAIN US,,4.08525312,32.79171,,4–5,20+
US8793601050,TDY,04/01/2018,30/06/2025,02/01/2018,28/03/2024,Industrials,TDY US,,6.630875447,32.90025,,6–7,20+
US88023U1016,TPX,04/01/2018,08/05/2025,02/01/2018,28/03/2024,Consumer Discretionary,SGI US,,3.411212402,32.92803,,3–4,20+
US1714841087,CHDN,03/01/2018,26/06/2025,02/01/2018,28/03/2024,Consumer Discretionary,CHDN US,,3.668983241,32.94909,,3–4,20+
US9892071054,ZBRA,05/01/2018,19/06/2025,02/01/2018,28/03/2024,Information Technology,ZBRA US,,5.826334452,33.03843,,5–6,20+
US74733V1008,QEP,19/01/2018,18/03/2021,02/01/2018,26/02/2021,Energy,QEP US,,2.618963874,33.05864,,2.5–3,20+
US0024741045,AZZ,09/01/2018,26/06/2025,02/01/2018,28/03/2024,Industrials,AZZ US,,1.233162843,33.3999,,1–1.5,20+
US00650F1093,ADPT,23/12/2019,25/06/2025,27/06/2019,30/04/2020,Information Technology,ADPT US,,3.996257324,33.42331,,3–4,20+
US09739D1000,BCC,02/01/2018,13/06/2025,02/01/2018,28/03/2024,Materials,BCC US,,1.49418202,33.58717,,1–1.5,20+
US7496601060,RES,02/01/2018,21/05/2025,01/05/2020,28/03/2024,Energy,RES US,,5.635562724,33.63914,,5–6,20+
US12008R1077,BLDR,06/01/2018,23/06/2025,02/01/2020,28/03/2024,Industrials,BLDR US,,2.572802905,33.71468,,2.5–3,20+
US2521311074,DXCM,01/01/2018,30/06/2025,01/05/2020,28/03/2024,Health Care,DXCM US,,4.987371492,33.85609,,4–5,20+
US88076W1036,TDC,18/01/2018,24/06/2025,02/01/2018,28/03/2024,Information Technology,TDC US,,4.69601,33.88632,,4–5,20+
US8269191024,SLAB,17/01/2018,03/06/2025,02/01/2018,28/03/2024,Information Technology,SLAB US,,4.177768,33.91057,,4–5,20+
US48020Q1076,JLL,04/01/2018,30/06/2025,02/01/2018,28/03/2024,Financials,JLL US,,6.965561048,34.10742,,6–7,20+
US00766T1007,ACM,03/01/2018,23/06/2025,02/01/2018,28/03/2024,Industrials,ACM US,,6.085873065,34.17252,,6–7,20+
US1255818015,CIT,08/01/2018,04/01/2022,01/05/2020,31/12/2021,Financials,CIT US,,6.675824399,34.22177,,6–7,20+
US7595091023,RS,03/01/2018,20/06/2025,02/01/2018,28/03/2024,Industrials,RS US,,6.436233001,34.25301,,6–7,20+
US3795772082,GMED,02/01/2018,05/06/2025,02/01/2018,28/03/2024,Health Care,GMED US,,4.16016339,34.38022,,4–5,20+
US0097281069,AKRX,04/01/2018,11/09/2020,02/01/2018,30/04/2020,Health Care,AKRXQ US,,4.058541651,34.43488,,4–5,20+
US92240G1013,VVC,02/01/2018,01/02/2019,02/01/2018,31/12/2018,Utilities,VVC US,,5.316303144,34.48726,,5–6,20+
US08579W1036,BERY,12/01/2018,02/05/2025,03/07/2023,28/03/2024,Materials,BERY US,,7.89013,34.66197,,7–8,20+
US5846881051,MDCO,05/01/2018,06/01/2020,02/01/2018,03/01/2020,Health Care,MDCO US,,1.978432586,34.9884,,1.5–2,20+
US4198791018,HA,08/01/2018,19/09/2024,02/01/2018,31/01/2024,Industrials,HA US,,2.054268464,35.05121,,2–2.5,20+
US5764852050,MTDR,05/01/2018,18/06/2025,02/01/2018,28/03/2024,Energy,MTDR US,,3.421503797,35.06738,,3–4,20+
US1170431092,BC,08/01/2018,30/06/2025,02/01/2018,28/03/2024,Consumer Discretionary,BC US,,4.993939065,35.08785,,4–5,20+
US6556631025,NDSN,03/01/2018,28/06/2025,02/01/2018,28/03/2024,Industrials,NDSN US,,8.611025065,35.17538,,8–9,20+
US9553061055,WST,20/01/2018,30/06/2025,02/01/2018,28/03/2024,Health Care,WST US,,7.470586583,35.22875,,7–8,20+
US60770K1079,MRNA,23/12/2019,30/06/2025,01/06/2021,28/03/2024,Health Care,MRNA US,,6.565027266,35.23198,,6–7,20+
US4432011082,HWM,01/04/2020,27/06/2025,01/04/2020,28/03/2024,Industrials,HWM US,,5.754125098,35.26992,,5–6,20+
US74762E1029,PWR,22/01/2018,12/06/2025,02/01/2018,28/03/2024,Industrials,PWR US,,6.067037799,35.43248,,6–7,20+
US1152361010,BRO,02/01/2018,23/06/2025,02/01/2018,28/03/2024,Financials,BRO US,,7.120739719,35.44766,,7–8,20+
US2298991090,CFR,12/01/2018,22/05/2025,02/01/2018,28/03/2024,Financials,CFR US,,6.373297142,35.45184,,6–7,20+
US1686151028,CHS,08/01/2018,04/01/2024,02/01/2018,03/01/2024,Consumer Discretionary,CHS US,,1.165578399,35.60031,,1–1.5,20+
US5951371005,MSCC,02/01/2018,29/05/2018,02/01/2018,29/05/2018,Information Technology,MSCC US,,6.247608935,35.64278,,6–7,20+
US8354951027,SON,03/01/2018,30/06/2025,02/01/2018,28/03/2024,Materials,SON US,,5.356714393,35.68746,,5–6,20+
US2244081046,CXT,25/07/2023,12/09/2023,03/04/2023,28/03/2024,Industrials,CR US,,5.181072539,35.83472,,5–6,20+
US7502361014,RDN,04/01/2018,30/06/2025,03/04/2023,28/03/2024,Financials,RDN US,,4.496691094,35.9019,,4–5,20+
US5311721048,LPT,15/01/2018,05/11/2021,02/01/2018,31/01/2020,Financials,LPT US,,6.002861489,35.9964,,6–7,20+
US2067871036,CNDT,03/01/2018,26/06/2025,02/01/2019,30/04/2020,Information Technology,CNDT US,,3.418630426,36.00229,,3–4,20+
US0639041062,OZRK,02/01/2018,13/07/2018,02/01/2018,31/12/2018,Financials,OZK US,,6.202670557,36.22303,was OZRK US; Bank of the Ozarks renamed Bank OZK Jul 2018,6–7,20+
US87162W1009,SNX,03/01/2018,30/06/2025,02/01/2018,28/03/2024,Information Technology,SNX US,,5.523584487,36.25231,,5–6,20+
US6988131024,PZZA,03/01/2018,12/06/2025,02/01/2018,28/03/2024,Consumer Discretionary,PZZA US,,2.030687203,36.32654,,2–2.5,20+
US12653C1080,CNX,02/01/2020,12/06/2025,02/01/2018,28/03/2024,Energy,CNX US,,1.571060443,36.33228,,1.5–2,20+
US2575592033,UFS,12/01/2018,02/12/2021,02/01/2018,26/11/2021,Consumer Staples,UFS US,,3.155374374,36.49182,,3–4,20+
US2296631094,CUBE,03/01/2018,20/06/2025,01/02/2023,28/03/2024,Real Estate,CUBE US,,5.240133897,36.57277,,5–6,20+
US09257W1009,BXMT,04/01/2018,27/06/2025,02/01/2024,28/03/2024,Financials,BXMT US,,3.393340547,36.59734,,3–4,20+
US9021041085,IIVI,04/01/2018,08/09/2022,02/01/2018,30/09/2022,Industrials,COHR US,,3.03120907,36.59942,was 2225789D US; II-VI renamed Coherent (COHR) Jul 2022,3–4,20+
US4314751029,HRC,02/01/2018,13/12/2021,02/01/2018,30/11/2021,Health Care,HRC US,,5.571089355,36.73696,,5–6,20+
US87161C5013,SNV,02/01/2018,17/06/2025,02/01/2018,28/03/2024,Financials,SNV US,,5.763005054,36.83864,,5–6,20+
US4579852082,IART,02/01/2018,09/06/2025,02/01/2018,28/03/2024,Health Care,IART US,,3.678237472,36.86872,,3–4,20+
US4891701009,KMT,04/01/2018,25/06/2025,02/01/2018,28/03/2024,Industrials,KMT US,,4.05240765,37.0015,,4–5,20+
US1423391002,CSL,03/01/2018,30/06/2025,02/01/2018,28/03/2024,Industrials,CSL US,,7.321218471,37.02264,,7–8,20+
US5253271028,LDOS,02/01/2018,24/06/2025,02/01/2018,28/03/2024,Information Technology,LDOS US,,9.68207744,37.09824,,9–10,20+
US62955J1034,NOV,25/09/2021,27/06/2025,02/01/2018,28/03/2024,Energy,NOV US,,5.063525525,37.16118,,5–6,20+
US69327R1014,PDCE,02/01/2018,07/08/2023,02/01/2018,01/09/2023,Energy,PDCE US,,3.481376952,37.18764,,3–4,20+
US48562P1030,KS,16/01/2018,07/11/2018,02/01/2018,02/11/2018,Materials,KS US,,2.466576362,37.23654,,2–2.5,20+
US50187T1060,LGIH,05/01/2018,27/06/2025,02/01/2018,28/03/2024,Consumer Discretionary,LGIH US,,1.683162422,37.23997,,1.5–2,20+
US9807451037,WWD,08/01/2018,23/06/2025,02/01/2018,28/03/2024,Industrials,WWD US,,4.918485172,37.2429,,4–5,20+
US04621X1081,AIZ,03/01/2018,24/06/2025,02/01/2018,28/03/2024,Financials,AIZ US,,5.354802964,37.32924,,5–6,20+
US9026811052,UGI,11/01/2018,27/06/2025,02/01/2018,28/03/2024,Utilities,UGI US,,8.242040912,37.38368,,8–9,20+
US2358252052,DAN,17/01/2018,18/06/2025,02/01/2018,28/03/2024,Consumer Discretionary,DAN US,,5.005291495,37.41184,,5–6,20+
US29414B1044,EPAM,05/01/2018,26/06/2025,01/12/2021,28/03/2024,Information Technology,EPAM US,,5.820475103,37.41692,,5–6,20+
US21870Q1058,COR,05/01/2018,30/06/2025,02/01/2018,28/03/2024,Financials,2297634D US,,5.376031682,37.51659,,5–6,20+
US7075691094,PENN,02/01/2018,30/06/2025,02/01/2018,28/03/2024,Consumer Discretionary,PENN US,,2.80027942,37.52073,,2.5–3,20+
US88224Q1076,TCBI,21/01/2018,04/06/2025,02/01/2018,28/03/2024,Financials,TCBI US,,4.960173173,37.57995,,4–5,20+
US06652K1034,BKU,05/01/2018,25/06/2025,01/05/2020,28/03/2024,Financials,BKU US,,4.343321652,37.66083,,4–5,20+
US83417M1045,SEDG,04/01/2018,30/06/2025,02/01/2018,28/03/2024,Information Technology,SEDG US,,1.606529835,37.83635,,1.5–2,20+
US95709T1007,WR,02/01/2018,04/06/2018,02/01/2018,31/12/2018,Utilities,2653838D US,,7.550884513,37.83788,,7–8,20+
US03820C1053,AIT,09/01/2018,25/06/2025,02/01/2018,28/03/2024,Consumer Discretionary,AIT US,,2.740353473,37.93609,,2.5–3,20+
US92839U2069,VC,04/01/2018,11/06/2025,11/07/2018,28/03/2024,Consumer Discretionary,VC US,,4.143608109,38.16501,,4–5,20+
US3025201019,FNB,08/01/2018,25/06/2025,02/01/2018,28/03/2024,Financials,FNB US,,4.523108383,38.21361,,4–5,20+
US65336K1034,NXST,01/01/2018,30/06/2025,01/02/2023,28/03/2024,Communication Services,NXST US,,3.563271131,38.25926,,3–4,20+
US29977A1051,EVR,09/01/2018,30/06/2025,02/01/2018,28/03/2024,Financials,EVR US,,3.637770196,38.27464,,3–4,20+
US70432V1026,PAYC,04/01/2018,25/06/2025,28/01/2020,28/03/2024,Information Technology,PAYC US,,4.91978945,38.28345,,4–5,20+
US89469A1043,THS,05/01/2018,25/06/2025,02/01/2018,28/03/2024,Consumer Staples,THS US,,2.843594645,38.32233,,2.5–3,20+
US3911641005,GXP,22/01/2018,04/06/2018,02/01/2018,01/06/2018,Utilities,GXP US,,6.614342683,38.37026,,6–7,20+
US0259321042,AFG,02/01/2018,26/06/2025,02/01/2018,28/03/2024,Financials,AFG US,,9.40782501,38.48562,,9–10,20+
US4595061015,IFF,16/01/2018,26/06/2025,02/01/2018,28/03/2024,Materials,IFF US,,12.04715158,38.55196,,10+,20+
US6361801011,NFG,02/01/2018,18/06/2025,02/01/2018,28/03/2024,Utilities,NFG US,,4.836250179,38.61438,,4–5,20+
US6780261052,OIS,12/01/2018,21/05/2025,02/01/2018,28/03/2024,Energy,OIS US,,1.73958045,38.64956,,1.5–2,20+
US88870P1066,TIVO,03/01/2018,01/06/2020,02/01/2018,30/04/2020,Consumer Discretionary,TIVO US,,1.8063992,38.67269,,1.5–2,20+
US2987361092,EEFT,02/01/2018,30/06/2025,01/02/2022,28/03/2024,Information Technology,EEFT US,,4.486316855,39.06356,,4–5,20+
US91307C1027,UTHR,03/01/2018,30/06/2025,02/01/2018,28/03/2024,Health Care,UTHR US,,6.485546945,39.14483,,6–7,20+
US00404A1097,ACHC,03/01/2018,27/06/2025,02/01/2018,28/03/2024,Health Care,ACHC US,,2.936945815,39.17913,,2.5–3,20+
US83417Q2049,SWI,18/09/2021,16/04/2025,02/01/2019,30/04/2020,Information Technology,SWI US,,2.839691855,39.22863,,2.5–3,20+
US7703231032,RHI,03/01/2018,29/05/2025,02/01/2018,28/03/2024,Industrials,RHI US,,6.995772059,39.47952,,6–7,20+
US4571871023,INGR,04/01/2018,18/06/2025,02/01/2018,28/03/2024,Consumer Staples,INGR US,,10.12218525,39.6682,,10+,20+
US0921131092,BKH,04/01/2018,26/06/2025,02/01/2018,28/03/2024,Utilities,BKH US,,3.116545311,39.77323,,3–4,20+
US8962391004,TRMB,03/01/2018,30/06/2025,02/01/2018,28/03/2024,Information Technology,TRMB US,,10.621809247,39.804,,10+,20+
US7045511000,BTU,10/01/2018,21/05/2025,02/01/2024,28/03/2024,Energy,BTU US,,4.168505,39.84443,,4–5,20+
US44967H1014,ILG,22/01/2018,05/09/2018,02/01/2018,31/08/2018,Consumer Discretionary,1859004D US,,3.653210184,39.98544,,3–4,20+
US9858171054,YELP,04/01/2018,30/06/2025,12/12/2018,28/03/2024,Communication Services,YELP US,,3.549342307,39.9886,,3–4,20+
US7163821066,PETS,16/01/2018,16/06/2025,02/01/2018,30/06/2023,Consumer Discretionary,PETS US,,1.066891016,40.3453,,1–1.5,20+
US7005171050,PK,03/01/2018,23/06/2025,01/05/2020,28/03/2024,Consumer Discretionary,PK US,,6.217790776,40.47743,,6–7,20+
US87265H1095,TPH,04/01/2018,25/06/2025,02/01/2018,28/03/2024,Consumer Discretionary,TPH US,,2.862728972,40.56901,,2.5–3,20+
US8754651060,SKT,02/01/2018,16/06/2025,02/01/2018,28/03/2024,Financials,SKT US,,2.483255499,40.77576,,2–2.5,20+
US0814371052,BMS,02/01/2018,11/06/2019,02/01/2018,31/12/2018,Materials,BMS US,,4.341387863,40.93226,,4–5,20+
US1296031065,CCC,03/01/2018,11/12/2019,02/01/2018,30/04/2020,Materials,1667208D US,,1.084814145,41.04699,,1–1.5,20+
US5763231090,MTZ,19/01/2018,27/06/2025,12/11/2018,28/03/2024,Industrials,MTZ US,,4.411141259,41.1627,,4–5,20+
US36467J1088,GLPI,04/01/2018,23/06/2025,02/01/2024,28/03/2024,Information Technology,GLPI US,,7.757894672,41.43476,,7–8,20+
US7611521078,RMD,03/01/2018,24/06/2025,02/01/2018,28/03/2024,Health Care,RMD US,,12.263335729,41.52933,,10+,20+
US2435371073,DECK,02/01/2018,30/06/2025,02/01/2018,28/03/2024,Consumer Discretionary,DECK US,,2.564903714,41.58857,,2.5–3,20+
US90187B4086,TWO,16/01/2018,18/06/2025,01/06/2021,28/03/2024,Financials,TWO US,,2.716794991,41.73514,was TWON S2 -> Two Harbors US line,2.5–3,20+
US90385D1072,ULTI,03/01/2018,25/07/2019,02/01/2018,31/12/2018,Information Technology,2604374D US,,6.636010697,41.77441,,6–7,20+
US5380341090,LYV,08/01/2018,28/06/2025,02/01/2018,28/03/2024,Consumer Discretionary,LYV US,,8.902736814,41.80241,,8–9,20+
US9746371007,WGO,19/01/2018,30/06/2025,02/01/2018,28/03/2024,Consumer Discretionary,WGO US,,1.677774943,42.01886,,1.5–2,20+
US1184401065,BKE,04/01/2018,16/06/2025,02/01/2018,28/03/2024,Consumer Discretionary,BKE US,,1.091602608,42.04234,,1–1.5,20+
US53219L1098,LPNT,03/01/2018,21/11/2018,02/01/2018,16/11/2018,Health Care,LPNT US,,1.889987274,42.05495,,1.5–2,20+
US10922N1037,BHF,02/01/2018,24/06/2025,02/01/2018,28/03/2024,Financials,BHF US,,6.907315023,42.10661,,6–7,20+
US7127041058,PBCT,10/01/2018,04/04/2022,02/01/2018,30/03/2022,Financials,PBCT US,,6.665343396,42.16114,,6–7,20+
US8318652091,AOS,19/01/2018,24/06/2025,02/01/2018,28/03/2024,Industrials,AOS US,,11.52615549,42.36004,,10+,20+
US54142L1098,LOGM,17/01/2018,20/01/2022,02/01/2018,30/04/2020,Information Technology,LOGM US,,6.298097455,42.66046,,6–7,20+
US3719011096,GNTX,02/01/2018,30/06/2025,02/01/2018,28/03/2024,Consumer Discretionary,GNTX US,,5.998867094,42.70102,,5–6,20+
US6494451031,NYCB,04/01/2018,28/10/2024,02/01/2018,28/03/2024,Financials,FLG US,,6.431066004,42.73682,was NYCBN S2; NYCB renamed Flagstar (FLG) Oct 2024,6–7,20+
US5339001068,LECO,04/01/2018,10/06/2025,02/01/2018,28/03/2024,Industrials,LECO US,,6.204050484,42.98736,,6–7,20+
US00164V1035,AMCX,02/01/2018,19/06/2025,02/01/2018,28/03/2024,Consumer Discretionary,AMCX US,,3.348668007,43.0486,,3–4,20+
US5962781010,MIDD,04/01/2018,30/06/2025,02/01/2020,28/03/2024,Industrials,MIDD US,,7.585699887,43.10181,,7–8,20+
US9042141039,UMPQ,04/01/2018,02/03/2023,02/01/2018,28/02/2023,Financials,UMPQ US,,4.618259818,43.33626,,4–5,20+
US92047W1018,VVV,04/01/2018,04/06/2025,02/01/2018,28/03/2024,Materials,VVV US,,5.12664296,43.34395,,5–6,20+
US4825391034,KLXI,16/01/2018,09/10/2018,02/01/2018,14/09/2018,Industrials,KLXI US,,3.50940282,43.44299,,3–4,20+
US82568P3047,SFLY,03/01/2018,25/09/2019,02/01/2018,31/12/2018,Consumer Discretionary,SFLY US,,1.631125754,43.57209,,1.5–2,20+
US5128161099,LAMR,02/01/2018,29/05/2025,02/01/2018,28/03/2024,Consumer Discretionary,LAMR US,,7.169764955,43.9182,,7–8,20+
US00191U1025,ASGN,09/04/2018,24/06/2025,02/01/2018,28/03/2024,Industrials,EFOR US,,4.274252923,43.92387,,4–5,20+
US2674751019,DY,08/01/2018,24/06/2025,02/01/2018,28/03/2024,Industrials,DY US,,3.539087731,43.95645,,3–4,20+
US8766641034,TCO,17/01/2018,28/12/2020,02/01/2018,31/12/2020,Financials,TCO US,,3.76054247,44.0682,,3–4,20+
US2168311072,CTB,10/01/2018,08/06/2021,02/01/2018,28/05/2021,Consumer Discretionary,CTB US,,2.040696444,44.17592,,2–2.5,20+
US06417N1037,OZK,16/07/2018,10/06/2025,01/05/2020,28/03/2024,Financials,OZK US,,5.454609268,44.32378,,5–6,20+
US1598641074,CRL,03/01/2018,25/06/2025,02/01/2018,28/03/2024,Health Care,CRL US,,5.224449602,44.42413,,5–6,20+
US0538071038,AVT,04/01/2018,21/05/2025,02/01/2018,28/03/2024,Information Technology,AVT US,,4.96165274,44.62881,,4–5,20+
US1727551004,CRUS,03/01/2018,24/06/2025,02/01/2018,28/03/2024,Information Technology,CRUS US,,3.439188648,44.68137,,3–4,20+
US4282911084,HXL,05/01/2018,21/05/2025,02/01/2020,28/03/2024,Industrials,HXL US,,5.660801245,44.96974,,5–6,20+
US29670G1022,WTRG,03/02/2020,27/05/2025,01/05/2020,28/03/2024,Utilities,WTRG US,,11.597124787,45.3241,,10+,20+
US9026531049,UDR,04/01/2018,23/06/2025,02/01/2018,28/03/2024,Financials,UDR US,,10.056917163,45.36538,,10+,20+
US29786A1060,ETSY,03/01/2018,30/06/2025,01/05/2020,28/03/2024,Consumer Discretionary,ETSY US,,2.48418823,45.42238,,2–2.5,20+
US1720621010,CINF,04/01/2018,24/06/2025,02/01/2018,28/03/2024,Financials,CINF US,,12.078964076,45.70204,,10+,20+
US0683231049,CUDA,03/01/2018,13/02/2018,02/01/2018,08/02/2018,Information Technology,CUDA US,,1.471955021,45.80763,,1–1.5,20+
US59408Q1067,MIK,19/01/2018,24/08/2021,02/01/2018,26/02/2021,Consumer Discretionary,MIK US,,4.714276996,46.06908,,4–5,20+
US6374171063,NNN,02/01/2018,25/06/2025,02/01/2018,28/03/2024,Financials,NNN US,,6.526128194,46.07494,,6–7,20+
US6267171022,MUR,20/01/2018,30/06/2025,02/01/2018,28/03/2024,Energy,MUR US,,5.919249544,46.19582,,5–6,20+
US0028962076,ANF,09/01/2018,28/06/2025,02/01/2018,28/03/2024,Consumer Discretionary,ANF US,,1.19314301,46.29701,,1–1.5,20+
US6811161099,OLLI,04/01/2018,26/06/2025,02/01/2018,28/03/2024,Consumer Discretionary,OLLI US,,3.212331315,46.33599,,3–4,20+
US5261071071,LII,04/01/2018,23/06/2025,02/01/2018,28/03/2024,Industrials,LII US,,8.813444763,46.5329,,8–9,20+
US09075E1001,BIVV,02/01/2018,08/03/2018,02/01/2018,06/03/2018,Health Care,BIVV US,,5.945582307,46.65434,,5–6,20+
US58463J3041,MPW,05/01/2018,30/06/2025,02/01/2018,28/03/2024,Financials,MPT US,,4.835992742,46.86489,,4–5,20+
US33768G1076,FCFS,24/02/2022,16/06/2025,02/01/2018,28/03/2024,Financials,FCFS US,,3.524745143,47.21836,,3–4,20+
US7835491082,R,03/01/2018,26/06/2025,02/01/2018,28/03/2024,Industrials,R US,,4.628159768,47.31678,,4–5,20+
US1630721017,CAKE,09/01/2018,25/06/2025,02/01/2018,28/03/2024,Consumer Discretionary,CAKE US,,2.171138215,47.43416,,2–2.5,20+
US2582781009,DORM,03/01/2018,17/06/2025,02/01/2018,28/03/2024,Consumer Discretionary,DORM US,,2.330556861,47.46842,,2–2.5,20+
US7802871084,RGLD,09/01/2018,30/06/2025,02/01/2018,28/03/2024,Materials,RGLD US,,5.489650296,47.47742,,5–6,20+
US52603B1070,TREE,05/01/2018,16/06/2025,02/01/2018,30/06/2023,Financials,TREE US,,4.261490528,47.54772,,4–5,20+
US8589121081,SRCL,03/01/2018,04/11/2024,02/01/2018,28/03/2024,Industrials,SRCL US,,5.773767604,47.56554,,5–6,20+
US46333X1081,IRWD,05/01/2018,03/06/2025,02/05/2022,28/03/2024,Health Care,IRWD US,,2.267305234,47.89838,,2–2.5,20+
US0495601058,ATO,09/01/2018,26/06/2025,02/01/2018,28/03/2024,Utilities,ATO US,,9.164036169,47.90838,,9–10,20+
US8851601018,THO,09/01/2018,28/06/2025,02/01/2018,28/03/2024,Consumer Discretionary,THO US,,8.100704731,48.07427,,8–9,20+
US5018892084,LKQ,05/01/2018,24/06/2025,02/01/2018,28/03/2024,Consumer Discretionary,LKQ US,,12.986035645,48.21454,,10+,20+
US7033951036,PDCO,03/01/2018,17/04/2025,02/01/2018,28/03/2024,Health Care,PDCO US,,3.53029752,48.41002,,3–4,20+
US84860W3007,SRC,06/01/2020,23/01/2024,01/05/2020,19/01/2024,Real Estate,SRC US,,4.9146944,48.54132,,4–5,20+
US2540671011,DDS,02/01/2018,30/06/2025,02/01/2018,30/04/2020,Consumer Discretionary,DDS US,,1.72675973,48.54348,,1.5–2,20+
US0248351001,ACC,04/01/2018,09/08/2022,02/01/2018,29/07/2022,Industrials,ACC US,,5.401125373,48.59947,,5–6,20+
US63938C1080,NAVI,02/01/2018,05/06/2025,02/01/2018,28/03/2024,Financials,NAVI US,,3.584856327,48.61302,,3–4,20+
US5463471053,LPX,21/01/2018,30/06/2025,02/01/2018,28/03/2024,Materials,LPX US,,4.165112061,48.65022,,4–5,20+
US0152711091,ARE,01/01/2018,25/06/2025,02/01/2018,28/03/2024,Financials,ARE US,,12.499790897,48.81609,,10+,20+
US31787A5074,FNSR,01/01/2018,23/09/2019,08/03/2018,31/12/2018,Information Technology,FNSR US,,2.320390089,49.01637,,2–2.5,20+
US2197981051,QDEL,26/07/2022,03/06/2025,02/01/2020,28/03/2024,Health Care,QDEL US,,6.805369699,49.1786,,6–7,20+
US9290421091,VNO,11/01/2018,27/06/2025,02/01/2018,28/03/2024,Financials,VNO US,,13.838298364,49.19973,,10+,20+
US46284V1017,IRM,02/01/2018,20/06/2025,02/01/2018,28/03/2024,Industrials,IRM US,,10.58277702,49.24808,,10+,20+
US6951271005,PCRX,03/01/2018,13/06/2025,01/05/2020,28/03/2024,Health Care,PCRX US,,1.880419593,49.33671,,1.5–2,20+
US70975L1070,PEN,02/01/2018,28/06/2025,01/05/2020,28/03/2024,Health Care,PEN US,,3.066351968,49.40754,,3–4,20+
US5404241086,L,01/01/2018,20/06/2025,02/01/2018,28/03/2024,Financials,L US,,16.84164893,49.60089,,10+,20+
US78442P1066,SLM,09/01/2018,20/06/2025,02/01/2018,28/03/2024,Financials,SLM US,,5.053109069,49.72124,,5–6,20+
US6907421019,OC,19/01/2018,23/06/2025,01/05/2020,28/03/2024,Industrials,OC US,,10.682468909,49.76804,,10+,20+
US74251V1026,PFG,03/01/2018,11/06/2025,02/01/2018,28/03/2024,Financials,PFG US,,20.365868215,49.78892,,10+,20+
US5249011058,LM,03/01/2018,31/07/2020,02/01/2018,30/04/2020,Financials,LM US,,3.800696333,50.21496,,3–4,20+
US4627261005,IRBT,08/01/2018,13/06/2025,02/01/2018,28/03/2024,Consumer Discretionary,IRBTQ US,,2.279580699,50.56186,,2–2.5,20+
US1445771033,CRZO,18/01/2018,26/12/2019,02/01/2018,19/12/2019,Energy,CRZO US,,1.859608997,50.74244,,1.5–2,20+
US4435106079,HUBB,02/01/2018,30/06/2025,02/01/2018,28/03/2024,Industrials,HUBB US,,7.341550434,50.77655,,7–8,20+
US87901J1051,TGNA,03/01/2018,23/06/2025,02/01/2018,28/03/2024,Consumer Discretionary,TGNA US,,3.055922687,50.79726,,3–4,20+
US2605571031,DOW,25/12/2019,30/06/2025,20/03/2019,28/03/2024,Materials,DOW US,,40.802339129,50.88675,,10+,20+
US4663131039,JBL,09/01/2018,30/06/2025,02/01/2018,28/03/2024,Information Technology,JBL US,,4.719096324,51.05952,,4–5,20+
US0441861046,ASH,04/01/2018,23/05/2025,02/01/2018,28/03/2024,Energy,ASH US,,4.585344333,51.06514,,4–5,20+
US2172041061,CPRT,04/01/2018,30/05/2025,02/01/2018,28/03/2024,Consumer Discretionary,CPRT US,,10.117235779,51.06949,,10+,20+
US56418H1005,MAN,09/01/2018,10/06/2025,02/01/2018,28/03/2024,Industrials,MAN US,,8.647381263,51.28187,,8–9,20+
US95058W1009,WEN,03/01/2018,24/06/2025,02/01/2018,28/03/2024,Consumer Discretionary,WEN US,,4.044685525,51.3882,,4–5,20+
US3397501012,FND,01/01/2018,26/06/2025,02/01/2024,28/03/2024,Consumer Discretionary,FND US,,4.628425907,51.77791,,4–5,20+
US8621211007,STOR,10/01/2018,30/01/2023,01/05/2020,02/02/2023,Real Estate,STOR US,,4.693387296,51.84115,,4–5,20+
US11120U1051,BRX,03/01/2018,12/06/2025,02/01/2019,28/03/2024,Real Estate,BRX US,,5.586448478,51.8718,,5–6,20+
US11133T1034,BR,02/01/2018,20/06/2025,02/01/2018,28/03/2024,Energy,BR US,,10.582966728,51.87324,,10+,20+
US1462291097,CRI,03/01/2018,11/06/2025,02/01/2018,28/03/2024,Consumer Discretionary,CRI US,,5.516479995,51.93685,,5–6,20+
US8807791038,TEX,09/01/2018,10/06/2025,02/01/2018,28/03/2024,Industrials,TEX US,,3.988022,52.16321,,3–4,20+
US12514G1085,CDW,10/01/2018,04/06/2025,23/09/2019,28/03/2024,Consumer Discretionary,CDW US,,11.072564833,52.28094,,10+,20+
US3886891015,GPK,02/01/2018,25/06/2025,03/07/2023,28/03/2024,Materials,GPK US,,4.877994051,52.37398,,4–5,20+
US31620R3030,FNF,02/01/2018,13/06/2025,02/01/2024,28/03/2024,Financials,FNF US,,10.495887318,52.81882,,10+,20+
US28035Q1022,EPC,16/01/2018,24/06/2025,02/01/2018,28/03/2024,Consumer Staples,EPC US,,3.416290454,53.01366,,3–4,20+
US1280302027,CALM,05/01/2018,14/06/2025,02/01/2018,28/03/2024,Consumer Staples,CALM US,,1.981857062,53.05536,,1.5–2,20+
US75605Y1064,RLGY,03/01/2018,27/06/2025,20/09/2018,29/04/2022,Financials,HOUS US,,3.60178576,53.20531,,3–4,20+
US12508E1010,CDK,03/01/2018,06/07/2022,02/01/2018,14/07/2022,Information Technology,CDK US,,9.682678086,53.25922,,9–10,20+
US3635761097,AJG,12/01/2018,20/06/2025,02/01/2018,28/03/2024,Financials,AJG US,,11.54944012,53.32851,,10+,20+
US69370C1009,PTC,04/01/2018,27/06/2025,02/01/2018,28/03/2024,Information Technology,PTC US,,7.315892451,53.33032,,7–8,20+
US2644115055,DRE,03/01/2018,05/10/2022,02/01/2018,30/09/2022,Financials,DRE US,,9.548136188,53.34337,,9–10,20+
US98419M1009,XYL,03/01/2018,23/06/2025,02/01/2018,28/03/2024,Industrials,XYL US,,12.374439862,53.34563,,10+,20+
US1331311027,CPT,05/01/2018,17/06/2025,02/01/2018,28/03/2024,Financials,CPT US,,8.190629138,53.42087,,8–9,20+
US5535301064,MSM,03/01/2018,30/06/2025,02/01/2018,28/03/2024,Industrials,MSM US,,5.60381988,53.62801,,5–6,20+
US12740C1036,CADE,24/02/2022,11/06/2025,01/05/2020,28/03/2024,Financials,CADE US,,5.824523276,53.75172,,5–6,20+
US7588491032,REG,03/01/2018,02/06/2025,02/01/2018,28/03/2024,Financials,REG US,,11.757575753,53.87669,,10+,20+
US2283681060,CCK,04/01/2018,30/06/2025,03/07/2023,28/03/2024,Materials,CCK US,,7.65355359,54.43702,,7–8,20+
US8305661055,SKX,02/01/2018,29/06/2025,02/01/2018,28/03/2024,Consumer Discretionary,SKX US,,6.093191955,54.72045,,6–7,20+
US5770811025,MAT,03/01/2018,27/06/2025,02/01/2018,28/03/2024,Consumer Discretionary,MAT US,,5.547794937,54.84954,,5–6,20+
US13123X5086,CPE,21/09/2021,01/04/2024,02/01/2018,27/03/2024,Energy,CPE US,,1.671553963,55.0436,,1.5–2,20+
US0905722072,BIO,09/01/2018,30/06/2025,02/01/2018,28/03/2024,Health Care,BIO US,,7.531763517,55.16512,,7–8,20+
US1475281036,CASY,02/01/2018,24/06/2025,02/01/2018,28/03/2024,Consumer Staples,CASY US,,4.219937001,55.6461,,4–5,20+
US57060D1081,MKTX,03/01/2018,30/06/2025,02/01/2018,28/03/2024,Financials,MKTX US,,7.542672523,55.73749,,7–8,20+
US00130H1059,AES,04/01/2018,30/06/2025,02/01/2018,28/03/2024,Utilities,AES US,,7.15198651,56.0083,,7–8,20+
US03852U1060,ARMK,09/01/2018,30/06/2025,03/04/2023,28/03/2024,Consumer Discretionary,ARMK US,,10.700177924,56.04173,,10+,20+
US9297401088,WAB,04/01/2018,27/06/2025,02/01/2018,28/03/2024,Industrials,WAB US,,8.003457306,56.22934,,8–9,20+
US0082521081,AMG,03/01/2018,27/06/2025,02/01/2018,28/03/2024,Financials,AMG US,,11.23421666,56.27917,,10+,20+
US69318G1067,PBF,02/01/2018,18/06/2025,02/01/2018,28/03/2024,Energy,PBF US,,3.991033757,56.53695,,3–4,20+
US62886E1082,NCR,02/01/2018,09/06/2025,02/01/2018,30/11/2023,Information Technology,VYX US,,4.24473,56.56354,,4–5,20+
US05605H1005,BWXT,10/01/2018,24/06/2025,03/07/2023,28/03/2024,Industrials,BWXT US,,6.086484326,56.64626,,6–7,20+
US7034811015,PTEN,03/01/2018,11/06/2025,02/01/2018,28/03/2024,Energy,PTEN US,,5.22076812,56.91904,,5–6,20+
US34959E1091,FTNT,02/01/2018,30/06/2025,02/01/2018,28/03/2024,Information Technology,FTNT US,,7.712474358,56.96338,,7–8,20+
US77634L1052,RCM,03/08/2022,20/11/2024,02/01/2020,28/03/2024,Health Care,RCM US,,10.967638651,57.26405,,10+,20+
US0079731008,AEIS,04/01/2018,30/06/2025,02/01/2018,28/03/2024,Industrials,AEIS US,,2.695111127,57.42072,,2.5–3,20+
US0311001004,AME,02/01/2018,22/05/2025,02/01/2018,28/03/2024,Industrials,AME US,,16.813776664,57.46202,,10+,20+
US0236081024,AEE,10/01/2018,27/06/2025,02/01/2018,28/03/2024,Utilities,AEE US,,13.704013391,57.57167,,10+,20+
US1717793095,CIEN,01/01/2018,27/06/2025,02/01/2018,28/03/2024,Information Technology,CIEN US,,3.007213861,57.66604,,3–4,20+
US25456K1016,DPLO,05/01/2018,10/02/2020,02/01/2018,07/02/2020,Health Care,DPLO US,,1.677942232,58.17582,,1.5–2,20+
US23283R1005,CONE,19/01/2018,25/03/2022,02/01/2018,24/03/2022,Real Estate,CONE US,,5.06034478,58.17778,,5–6,20+
US45167R1041,IEX,02/01/2018,18/06/2025,02/01/2018,28/03/2024,Industrials,IEX US,,10.06059495,58.23049,,10+,20+
US0936711052,HRB,02/01/2018,05/06/2025,02/01/2018,28/03/2024,Industrials,HRB US,,5.594684165,58.41243,,5–6,20+
US72703H1014,PLNT,02/01/2018,23/06/2025,03/07/2023,28/03/2024,Consumer Discretionary,PLNT US,,3.242056412,58.65436,,3–4,20+
US3205171057,FHN,05/01/2018,18/06/2025,02/01/2018,28/03/2024,Financials,FHN US,,6.613595324,58.84835,,6–7,20+
US6708371033,OGE,11/01/2018,30/06/2025,02/01/2018,28/03/2024,Utilities,OGE US,,6.240789188,59.0487,,6–7,20+
US31847R1023,FAF,08/01/2018,24/06/2025,02/01/2018,28/03/2024,Financials,FAF US,,6.69226031,59.32358,,6–7,20+
US26969P1084,EXP,16/01/2018,13/06/2025,02/01/2018,28/03/2024,Materials,EXP US,,5.729493766,59.37198,,5–6,20+
US6819361006,OHI,01/01/2018,24/06/2025,02/01/2018,28/03/2024,Financials,OHI US,,5.45493882,59.39721,,5–6,20+
US2782651036,EV,02/01/2018,10/04/2025,02/01/2018,31/12/2020,Financials,2336307D US,,6.728426043,59.5873,,6–7,20+
US53220K5048,LGND,03/01/2018,30/06/2025,02/01/2018,28/03/2024,Health Care,LGND US,,2.985580635,59.83463,,2.5–3,20+
US23285D1090,CTKB,23/07/2021,24/06/2025,03/07/2023,28/03/2024,Health Care,CTKB US,,2.453974139,59.87864,,2–2.5,20+
US37940X1028,GPN,08/01/2018,30/06/2025,02/01/2018,28/03/2024,Industrials,GPN US,,16.579458462,60.09321,,10+,20+
US58502B1061,MD,06/01/2018,12/06/2025,02/01/2018,28/03/2024,Health Care,MD US,,5.104210744,60.57886,,5–6,20+
US03674X1063,AR,17/01/2018,23/06/2025,03/10/2022,28/03/2024,Energy,AR US,,6.243210791,60.62149,,6–7,20+
US6707041058,NUVA,04/01/2018,01/09/2023,02/01/2018,07/09/2023,Health Care,NUVA US,,3.104968611,60.69427,,3–4,20+
US8873891043,TKR,02/01/2018,24/06/2025,02/01/2018,28/03/2024,Industrials,TKR US,,3.981758359,60.76454,,3–4,20+
US2220702037,COTY,17/01/2018,23/06/2025,02/01/2018,28/03/2024,Consumer Staples,COTY US,,15.514475333,61.01487,,10+,20+
US48238T1097,KAR,19/01/2018,20/06/2025,01/05/2020,28/03/2024,Industrials,OPLN US,,7.351647478,61.14835,,7–8,20+
US45073V1089,ITT,20/01/2018,20/06/2025,02/01/2018,28/03/2024,Industrials,ITT US,,4.95264,61.31455,,4–5,20+
US4990491049,KNX,04/01/2018,24/06/2025,02/01/2018,28/03/2024,Industrials,KNX US,,8.033703846,61.32701,,8–9,20+
US98850P1093,YUMC,08/01/2018,20/06/2025,02/01/2019,30/04/2020,Consumer Discretionary,YUMC US,,16.400873987,61.56098,,10+,20+
US3021301094,EXPD,21/01/2018,30/06/2025,02/01/2018,28/03/2024,Industrials,EXPD US,,11.79946924,61.62338,,10+,20+
US83001A1025,SIX,08/01/2018,02/07/2024,02/01/2018,28/03/2024,Consumer Discretionary,SIX US,,5.531535083,61.75305,,5–6,20+
US69349H1077,PNM,11/01/2018,09/04/2025,02/01/2018,28/03/2024,Utilities,TXNM US,,2.911339957,61.7705,,2.5–3,20+
US94946T1060,WCG,02/01/2018,27/01/2020,02/01/2018,22/01/2020,Health Care,WCG US,,9.017841168,61.86764,,9–10,20+
US71424F1057,PR,07/09/2022,21/06/2025,02/01/2024,28/03/2024,Energy,PR US,,4.190955968,62.0734,,4–5,20+
US0571491069,BKR,18/10/2019,20/12/2019,18/10/2019,28/03/2024,Energy,BKR US,,22.348385948,62.13985,"was 1749591D US; BHGE Class A restructure -> Baker Hughes Co (BKR) Oct 2019. If NaN at Start_Date, query by new ISIN US05722G1004",10+,20+
US0010841023,AGCO,10/01/2018,30/05/2025,02/01/2018,28/03/2024,Industrials,AGCO US,,5.746645622,62.15302,,5–6,20+
US0536111091,AVY,04/01/2018,27/06/2025,02/01/2018,28/03/2024,Industrials,AVY US,,10.280887055,62.3521,,10+,20+
US7140461093,PKI,04/01/2018,26/06/2025,02/01/2018,28/06/2023,Information Technology,RVTY US,,8.416800166,62.40555,,8–9,20+
US92220P1057,VAR,03/01/2018,17/04/2021,02/01/2018,26/02/2021,Health Care,VAR US,,10.179630536,62.87094,,10+,20+
US8926721064,TW,01/10/2019,26/06/2025,04/04/2019,30/04/2020,Industrials,TW US,,8.404443491,63.22635,,8–9,20+
US3137451015,FRT,03/08/2022,28/06/2025,02/01/2018,28/03/2024,Financials,FRT US,,8.273204942,63.23963,,8–9,20+
US9663875089,WLL,20/09/2021,05/07/2022,02/01/2019,30/04/2020,Materials,WLL US,,2.047042324,63.26827,,2–2.5,20+
US45168D1046,IDXX,02/01/2018,18/06/2025,02/01/2018,28/03/2024,Health Care,IDXX US,,13.763985099,63.31412,,10+,20+
US87256C1018,TKO,12/09/2023,20/06/2025,02/01/2024,28/03/2024,Communication Services,TKO US,,15.130398587,63.4328,,10+,20+
US3434121022,FLR,03/01/2018,24/06/2025,02/01/2018,28/03/2024,Industrials,FLR US,,7.427376518,63.65296,,7–8,20+
US1638511089,CC,18/01/2018,30/06/2025,02/01/2018,28/03/2024,Consumer Discretionary,CC US,,9.554414102,63.69774,,9–10,20+
US55024U1097,LITE,06/01/2018,30/06/2025,02/01/2018,28/03/2024,Information Technology,LITE US,,3.1682,63.93006,,3–4,20+
US85917A1007,STL,04/01/2018,31/01/2022,02/01/2018,31/01/2022,Financials,STL US,,5.606457764,64.59077,,5–6,20+
US9120081099,USFD,08/01/2018,25/06/2025,03/04/2023,28/03/2024,Consumer Staples,USFD US,,6.893801991,64.91344,,6–7,20+
US4001101025,GRUB,03/01/2018,02/03/2022,01/05/2020,28/05/2021,Consumer Discretionary,9990620D US,,6.183054878,65.01227,,6–7,20+
US1156372096,BFB,04/01/2018,17/06/2025,02/01/2018,28/03/2024,Consumer Staples,BF/B US,,28.783293091,65.05591,,10+,20+
US8832031012,TXT,03/01/2018,27/06/2025,02/01/2018,28/03/2024,Industrials,TXT US,,15.180914655,65.10566,,10+,20+
US4103451021,HBI,03/01/2018,22/05/2025,02/01/2018,28/03/2024,Consumer Discretionary,HBI US,,7.667205326,65.12725,,7–8,20+
US0188021085,LNT,15/01/2018,22/05/2025,02/01/2018,28/03/2024,Utilities,LNT US,,9.139508351,65.18859,,9–10,20+
US6098391054,MPWR,17/01/2018,16/06/2025,02/01/2018,28/03/2024,Information Technology,MPWR US,,5.003203186,65.27719,,5–6,20+
US89531P1057,TREX,03/01/2018,30/06/2025,02/01/2018,28/03/2024,Industrials,TREX US,,3.356791337,65.29435,,3–4,20+
US1924221039,CGNX,11/01/2018,24/06/2025,02/01/2018,28/03/2024,Industrials,CGNX US,,11.609531194,65.40173,,10+,20+
US0997241064,BWA,10/01/2018,28/06/2025,02/01/2018,28/03/2024,Consumer Discretionary,BWA US,,11.49280658,65.45857,,10+,20+
US8110651010,SNI,02/01/2018,08/03/2018,02/01/2018,05/03/2018,Consumer Discretionary,2558202D US,,11.255889663,65.75569,,10+,20+
US2655041000,DNKN,02/01/2018,15/12/2020,02/01/2018,18/12/2020,Consumer Discretionary,DNKN US,,5.920666292,66.23015,,5–6,20+
US81211K1007,SEE,01/01/2018,09/06/2025,02/01/2018,28/03/2024,Materials,SEE US,,8.893046956,66.34163,,8–9,20+
US6752321025,OII,04/01/2018,23/06/2025,02/01/2018,28/03/2024,Energy,OII US,,2.264349588,66.71131,,2–2.5,20+
US3030751057,FDS,02/01/2018,30/06/2025,02/01/2018,28/03/2024,Industrials,FDS US,,7.494600626,66.85976,,7–8,20+
US7310681025,PII,03/01/2018,26/06/2025,02/01/2018,28/03/2024,Consumer Discretionary,PII US,,8.02792552,67.07844,,8–9,20+
US78486Q1013,SIVB,11/01/2018,27/09/2024,02/01/2018,30/03/2023,Financials,SIVBQ US,,13.219463724,67.12633,,10+,20+
US55405Y1001,MTSI,05/01/2018,30/06/2025,01/08/2022,28/03/2024,Information Technology,MTSI US,,2.36620048,67.60734,,2–2.5,20+
US7496851038,RPM,03/01/2018,30/06/2025,02/01/2018,28/03/2024,Materials,RPM US,,7.140155804,67.8863,,7–8,20+
US8910271043,TMK,05/01/2018,09/08/2019,02/01/2018,09/08/2019,Financials,GL US,,10.512588522,68.19525,was TMK US; Torchmark renamed Globe Life 2019,10+,20+
US8965221091,TRN,04/01/2018,16/06/2025,02/01/2018,28/03/2024,Industrials,TRN US,,5.615994125,68.5366,,5–6,20+
US45841N1072,IBKR,02/01/2018,30/06/2025,02/01/2018,28/03/2024,Financials,IBKR US,,24.585146353,68.70494,,10+,20+
US5272881047,LUK,08/01/2018,11/06/2018,02/01/2018,31/12/2018,Financials,JEF US,,9.708441103,68.80929,was LUK US; Leucadia renamed Jefferies (JEF) May 2018,9–10,20+
US69047Q1022,OVV,28/01/2020,16/06/2025,03/07/2023,28/03/2024,Energy,OVV US,,4.481937211,68.90602,,4–5,20+
US49427F1084,KRC,08/01/2018,25/06/2025,02/01/2018,28/03/2024,Financials,KRC US,,7.165179704,68.97994,,7–8,20+
US9418481035,WAT,02/01/2018,26/06/2025,02/01/2018,28/03/2024,Information Technology,WAT US,,15.563815901,69.50409,,10+,20+
US9778521024,WOLF,04/10/2021,30/06/2025,30/09/2021,28/03/2024,Information Technology,9966620D US,,9.279408864,69.64959,,9–10,20+
US74982T1034,RXO,01/11/2022,28/05/2025,01/02/2023,28/03/2024,Industrials,RXO US,,1.853329427,69.92941,Start_Date shifted to first regular-way trading day (was 20/10/2022),1.5–2,20+
US69354M1080,PRAH,02/01/2018,02/07/2021,31/05/2018,28/05/2021,Health Care,PRAH US,,5.753337696,70.03098,,5–6,20+
US17243V1026,CNK,04/01/2018,30/06/2025,02/01/2018,28/03/2024,Consumer Discretionary,CNK US,,3.95871333,70.2823,,3–4,20+
US3024451011,FLIR,08/01/2018,14/05/2021,02/01/2018,13/05/2021,Information Technology,FLIR US,,6.882982203,70.40177,,6–7,20+
US0528001094,ALV,05/01/2018,30/06/2025,03/04/2023,28/03/2024,Consumer Discretionary,ALV US,,11.601357584,70.50249,,10+,20+
US3364331070,FSLR,05/01/2018,30/06/2025,02/01/2018,28/03/2024,Industrials,FSLR US,,7.22362978,70.51603,,7–8,20+
US8528572006,STMP,04/01/2018,05/10/2021,02/01/2018,29/09/2021,Consumer Discretionary,STMP US,,3.265033862,70.53219,,3–4,20+
US46187W1071,INVH,20/01/2018,23/06/2025,03/10/2022,28/03/2024,Real Estate,INVH US,,11.500758074,70.70703,,10+,20+
US0893021032,BIG,08/01/2018,18/06/2025,02/01/2018,30/06/2023,Consumer Discretionary,BIGGQ US,,2.432015783,70.73438,,2–2.5,20+
US1508701034,CE,02/01/2018,30/06/2025,24/12/2018,28/03/2024,Industrials,CE US,,14.480540142,71.24767,,10+,20+
US82669G1040,SBNY,12/01/2018,28/06/2025,02/01/2018,30/03/2023,Financials,SBNY US,,8.08401674,71.5738,,8–9,20+
US6802231042,ORI,03/01/2018,25/06/2025,02/01/2018,28/03/2024,Financials,ORI US,,5.587425715,71.98427,,5–6,20+
US1564311082,CENX,03/01/2018,18/06/2025,02/01/2018,28/03/2024,Materials,CENX US,,1.788455977,72.37716,,1.5–2,20+
US55261F1049,MTB,02/01/2018,23/06/2025,02/01/2018,28/03/2024,Financials,MTB US,,25.766725677,72.5681,,10+,20+
US74340E1038,PGNY,25/10/2019,24/06/2025,01/03/2021,28/03/2024,Health Care,PGNY US,,1.309866216,72.62145,,1–1.5,20+
US1096411004,EAT,09/01/2018,28/06/2025,02/01/2018,28/03/2024,Consumer Discretionary,EAT US,,1.715514367,72.7327,,1.5–2,20+
US13057Q3056,CRC,16/09/2021,23/06/2025,02/01/2019,28/03/2024,Energy,CRC US,,3.452856702,72.73436,,3–4,20+
US72147K1088,PPC,02/01/2018,28/06/2025,01/05/2020,28/03/2024,Consumer Staples,PPC US,,7.507350691,72.77834,,7–8,20+
US30225T1025,EXR,16/01/2018,24/06/2025,02/01/2018,28/03/2024,Financials,EXR US,,10.422105386,73.2797,,10+,20+
US34964C1062,FBHS,03/01/2018,03/06/2025,02/01/2018,31/01/2023,Industrials,FBIN US,,10.557743762,73.2969,,10+,20+
US46266C1053,IQV,03/01/2018,26/06/2025,02/01/2018,28/03/2024,Health Care,IQV US,,20.698952822,73.45638,,10+,20+
US48666K1097,KBH,05/01/2018,27/06/2025,02/01/2018,28/03/2024,Consumer Discretionary,KBH US,,2.889110254,74.24177,,2.5–3,20+
US4698141078,JEC,03/01/2018,03/09/2022,02/01/2018,09/12/2019,Industrials,9990213D US,,8.086984866,74.39513,,8–9,20+
US0171751003,Y,18/01/2018,19/10/2022,02/01/2018,30/09/2022,Financials,Y US,,9.075927008,74.40217,,9–10,20+
US4485791028,H,04/01/2018,30/06/2025,02/01/2024,28/03/2024,Consumer Discretionary,H US,,8.907583726,74.63886,,8–9,20+
US12673P1057,CA,04/01/2018,01/10/2024,02/01/2018,06/06/2019,Information Technology,2326248D US,,14.138395849,74.70767,,10+,20+
US27579R1041,EWBC,13/01/2018,09/06/2025,02/01/2018,28/03/2024,Financials,EWBC US,,9.730628769,74.99734,,9–10,20+
US92840M1027,VST,03/01/2018,30/06/2025,02/01/2024,28/03/2024,Utilities,VST US,,7.9090387,75.00734,,7–8,20+
US4404521001,HRL,02/01/2018,23/06/2025,02/01/2018,28/03/2024,Consumer Staples,HRL US,,19.255710818,75.03154,,10+,20+
US3647601083,GPS,01/01/2018,11/06/2025,02/01/2018,28/03/2024,Consumer Discretionary,GAP US,,13.24446942,75.10392,,10+,20+
US1011211018,BXP,09/01/2018,30/06/2025,02/01/2018,28/03/2024,Financials,BXP US,,19.352012156,75.16534,,10+,20+
US65473P1057,NI,11/01/2018,27/06/2025,02/01/2018,28/03/2024,Utilities,NI US,,8.126831812,75.24218,,8–9,20+
US36174X1019,GGP,02/01/2018,28/08/2018,02/01/2018,24/08/2018,Financials,GGP US,,22.457493529,75.32243,,10+,20+
US6200763075,MSI,11/01/2018,23/06/2025,02/01/2018,28/03/2024,Information Technology,MSI US,,15.155081477,75.76497,,10+,20+
US3825501014,GT,10/01/2018,12/06/2025,02/01/2018,28/03/2024,Consumer Discretionary,GT US,,8.244568238,76.12599,,8–9,20+
US8330341012,SNA,03/01/2018,06/06/2025,02/01/2018,28/03/2024,Consumer Discretionary,SNA US,,9.987089266,76.16173,,9–10,20+
US8716071076,SNPS,03/01/2018,30/06/2025,02/01/2018,28/03/2024,Information Technology,SNPS US,,12.947011414,76.2032,,10+,20+
US4278661081,HSY,04/01/2018,30/06/2025,02/01/2018,28/03/2024,Consumer Staples,HSY US,,23.686376418,76.37977,,10+,20+
US62944T1051,NVR,20/01/2018,20/06/2025,02/01/2018,28/03/2024,Consumer Discretionary,NVR US,,13.8374746,76.5337,,10+,20+
US78573M1045,SABR,05/01/2018,16/06/2025,02/01/2018,28/03/2024,Information Technology,SABR US,,5.61461346,76.62526,,5–6,20+
US92345Y1064,VRSK,08/01/2018,23/06/2025,02/01/2018,28/03/2024,Industrials,VRSK US,,15.975115464,76.80602,,10+,20+
US50540R4092,LH,02/01/2018,27/06/2025,02/01/2018,28/03/2024,Health Care,9980328D US,,16.52214,76.83658,,10+,20+
US8793691069,TFX,02/01/2018,30/06/2025,02/01/2018,28/03/2024,Health Care,TFX US,,11.475399783,77.1427,,10+,20+
US1651677353,CHK,20/09/2021,29/04/2025,02/01/2018,28/03/2024,Energy,EXE US,,5.86932854,77.31029,,5–6,20+
US7234841010,PNW,03/01/2018,18/06/2025,02/01/2018,28/03/2024,Utilities,PNW US,,9.286978898,77.4035,,9–10,20+
US7433151039,PGR,01/01/2018,30/06/2025,02/01/2018,28/03/2024,Financials,PGR US,,32.755712,77.57998,,10+,20+
US1198481095,BWLD,02/01/2018,05/02/2018,02/01/2018,02/02/2018,Consumer Discretionary,BWLD US,,2.433169728,77.73704,,2–2.5,20+
US5797802064,MKC,04/01/2018,27/06/2025,02/01/2018,28/03/2024,Consumer Staples,MKC US,,13.373875488,77.85461,,10+,20+
US0357104092,NLY,08/01/2018,04/06/2025,03/10/2022,28/03/2024,Financials,NLY US,,13.462294543,78.45472,was AAY GR -> Annaly US line,10+,20+
US5246601075,LEG,22/01/2018,23/05/2025,02/01/2018,28/03/2024,Consumer Discretionary,LEG US,,6.33909867,79.00478,,6–7,20+
US29414D1000,EVHC,04/01/2018,15/10/2018,02/01/2018,09/10/2018,Health Care,EVHC US,,4.282901072,79.20709,,4–5,20+
US1258961002,CMS,04/01/2018,30/06/2025,02/01/2018,28/03/2024,Utilities,CMS US,,13.015336612,79.52956,,10+,20+
US5533681012,MP,18/11/2020,28/06/2025,01/08/2022,28/03/2024,Materials,MP US,,2.35284789,79.69231,,2–2.5,20+
US98212B1035,WPX,22/01/2018,06/01/2021,02/01/2018,31/12/2020,Energy,WPX US,,6.119671876,79.71095,,6–7,20+
US9604131022,WLK,08/01/2018,25/06/2025,03/10/2022,28/03/2024,Materials,WLK US,,14.413555383,80.65526,,10+,20+
US03662Q1058,ANSS,03/01/2018,30/06/2025,02/01/2018,28/03/2024,Information Technology,ANSS US,,12.849572822,80.70683,,10+,20+
US0036541003,ABMD,08/01/2018,22/12/2022,02/01/2018,22/12/2022,Health Care,ABMD US,,9.188114931,80.95815,,9–10,20+
US85208M1027,SFM,04/01/2018,23/06/2025,02/01/2018,28/03/2024,Consumer Staples,SFM US,,3.224299911,81.20278,,3–4,20+
US4039491000,DINO,08/08/2022,25/06/2025,31/03/2022,28/03/2024,Energy,DINO US,,10.224174938,81.25836,,10+,20+
US6806652052,OLN,08/01/2018,30/06/2025,02/01/2018,28/03/2024,Materials,OLN US,,6.37312,81.26782,,6–7,20+
US2166484020,COO,01/01/2018,17/06/2025,02/01/2018,28/03/2024,Health Care,COO US,,10.779715144,81.43474,was 0I3IL S2 -> Cooper Companies US line,10+,20+
US25470F3029,DISCK,02/01/2018,11/04/2022,01/05/2020,30/03/2022,Consumer Discretionary,DISCK US,,12.94720545,81.57865,,10+,20+
US74144T1088,TROW,04/01/2018,28/06/2025,02/01/2018,28/03/2024,Financials,TROW US,,25.517669891,81.62471,,10+,20+
US4128221086,HOG,02/01/2018,16/06/2025,02/01/2018,28/03/2024,Consumer Discretionary,HOG US,,8.761446602,81.94386,,8–9,20+
US8865471085,TIF,09/01/2018,07/01/2021,02/01/2018,31/12/2020,Consumer Discretionary,2078185D US,,13.240515155,82.16741,,10+,20+
US6658591044,NTRS,11/01/2018,30/06/2025,02/01/2018,28/03/2024,Financials,NTRS US,,24.095268512,82.39316,,10+,20+
US4883602074,KEM,19/01/2018,15/06/2020,02/01/2018,30/04/2020,Information Technology,2301306D US,,1.125939953,82.48838,,1–1.5,20+
US6402681083,NKTR,04/01/2018,30/06/2025,02/01/2018,31/03/2023,Health Care,NKTR US,,9.186665793,82.62285,was NKTRN S2 -> Nektar Therapeutics US line,9–10,20+
US1033041013,BYD,05/01/2018,30/06/2025,02/01/2018,28/03/2024,Consumer Discretionary,BYD US,,4.13900824,83.14399,,4–5,20+
US5024131071,LLL,03/01/2018,13/07/2022,02/01/2018,31/12/2018,Industrials,1927294D US,,15.569041966,83.64606,,10+,20+
US6153691059,MCO,02/01/2018,30/06/2025,02/01/2018,28/03/2024,Financials,MCO US,,27.925443,83.64662,,10+,20+
US3377381088,FISV,03/01/2018,07/06/2023,02/01/2018,29/06/2023,Industrials,FISV US,,27.385764366,83.65708,,10+,20+
US9699041011,WSM,04/01/2018,30/06/2025,02/01/2018,28/03/2024,Consumer Discretionary,WSM US,,4.434348482,83.73912,,4–5,20+
US1567821046,CERN,08/01/2018,07/06/2022,02/01/2018,29/04/2022,Health Care,CERN US,,23.465167509,84.40034,,10+,20+
US22160N1090,CSGP,03/01/2018,28/06/2025,03/10/2022,28/03/2024,Industrials,CSGP US,,11.114738175,85.02126,,10+,20+
US6936561009,PVH,01/01/2018,30/06/2025,02/01/2018,28/03/2024,Consumer Discretionary,PVH US,,10.555473918,86.69451,,10+,20+
US6311031081,NDAQ,02/01/2018,27/06/2025,02/01/2018,28/03/2024,Financials,NDAQ US,,12.75620419,86.70754,,10+,20+
US7561091049,O,03/01/2018,30/06/2025,02/01/2018,28/03/2024,Financials,O US,,15.912422329,87.24824,,10+,20+
US4050241003,HAE,02/01/2018,26/06/2025,02/01/2018,28/03/2024,Health Care,HAE US,,3.332830565,87.31422,,3–4,20+
US4138751056,HRS,18/01/2018,02/07/2019,02/01/2018,28/06/2019,Information Technology,LHX US,,17.372288157,87.64737,was HRS US; Harris merged w/ L3 -> L3Harris (LHX) Jun 2019,10+,20+
US0010551028,AFL,01/01/2018,30/06/2025,02/01/2018,28/03/2024,Financials,AFL US,,34.510673644,87.80111,,10+,20+
US3546131018,BEN,03/01/2018,28/06/2025,02/01/2018,28/03/2024,Financials,BEN US,,24.024012626,88.14482,,10+,20+
US22410J1060,CBRL,20/01/2018,30/06/2025,02/01/2018,28/03/2024,Consumer Discretionary,CBRL US,,4.188791969,88.28413,,4–5,20+
US0534841012,AVB,09/01/2018,28/06/2025,02/01/2018,28/03/2024,Financials,AVB US,,23.898866969,89.24749,,10+,20+
US05329W1027,AN,04/01/2018,20/06/2025,02/01/2018,28/03/2024,Consumer Discretionary,AN US,,4.98647285,89.37563,,4–5,20+
US8969452015,TRIP,02/01/2018,20/06/2025,02/01/2018,28/03/2024,Consumer Discretionary,TRIP US,,4.828822795,89.41347,,4–5,20+
US29476L1070,EQR,03/01/2018,30/06/2025,02/01/2018,28/03/2024,Financials,EQR US,,23.460228738,89.64774,,10+,20+
US8936411003,TDG,02/01/2018,30/06/2025,02/01/2018,28/03/2024,Industrials,TDG US,,14.294633617,89.75613,,10+,20+
US90346E1038,SLCA,03/01/2018,01/08/2024,02/01/2018,28/03/2024,Energy,SLCA US,,2.924218908,89.97609,,2.5–3,20+
US0396531008,ACA,01/11/2018,23/06/2025,06/11/2018,28/03/2024,Industrials,ACA US,,1.342,90.05765,Start_Date shifted to first regular-way trading day (was 16/10/2018),1–1.5,20+
US59522J1034,MAA,02/01/2018,28/06/2025,02/01/2018,28/03/2024,Financials,MAA US,,11.317250594,90.10626,,10+,20+
US7766961061,ROP,03/01/2018,19/06/2025,02/01/2018,28/03/2024,Industrials,ROP US,,26.827081183,90.71581,,10+,20+
US4165151048,HIG,08/01/2018,30/06/2025,02/01/2018,28/03/2024,Financials,HIG US,,19.541049455,91.01035,,10+,20+
US03750L1098,AIRC,15/12/2020,01/07/2024,04/01/2021,28/03/2024,Real Estate,AIRC US,,5.637443886,91.1794,"ticker kept. WARNING: AIR Communities acquired by Blackstone Jun 2024 - if NaN, needs D-code | Start_Date shifted to first regular-way trading day (was 11/12/2020)",5–6,20+
US5926881054,MTD,03/01/2018,30/06/2025,02/01/2018,28/03/2024,Health Care,MTD US,,16.154239971,91.9051,,10+,20+
US74834L1008,DGX,04/01/2018,25/06/2025,02/01/2018,28/03/2024,Health Care,DGX US,,13.504548713,92.47506,,10+,20+
US1252691001,CF,22/01/2018,30/06/2025,02/01/2018,28/03/2024,Financials,CF US,,9.52634036,92.48584,,9–10,20+
US15189T1079,CNP,03/01/2018,25/06/2025,02/01/2018,28/03/2024,Utilities,CNP US,,12.051696912,92.64056,,10+,20+
US55306N1046,MKSI,09/01/2018,24/06/2025,02/01/2018,28/03/2024,Information Technology,MKSI US,,5.315438011,92.7405,,5–6,20+
US1281951046,CAA,02/01/2018,13/02/2018,02/01/2018,09/02/2018,Consumer Discretionary,CAA US,,6.383953244,92.94248,,6–7,20+
US42250P1030,PEAK,06/01/2020,04/03/2024,30/10/2019,27/03/2024,Real Estate,DOC US,,17.669889156,93.0831,,10+,20+
US2600031080,DOV,09/01/2018,25/06/2025,02/01/2018,28/03/2024,Industrials,DOV US,,16.210062914,93.14347,,10+,20+
US85571B1052,STWD,04/01/2018,12/06/2025,03/04/2023,28/03/2024,Financials,STWD US,,5.428772606,93.60734,,5–6,20+
US48203R1041,JNPR,17/01/2018,30/06/2025,02/01/2018,28/03/2024,Information Technology,JNPR US,,10.749194447,93.74275,,10+,20+
US5502411037,LUMN,20/01/2021,30/06/2025,19/03/2020,28/03/2024,Communication Services,LUMN US,,12.134271404,93.77553,,10+,20+
US6952631033,PACW,18/01/2018,01/12/2023,02/01/2018,29/11/2023,Financials,PACW US,,6.787177143,94.02359,,6–7,20+
US02005N1000,ALLY,04/01/2018,18/06/2025,02/01/2024,28/03/2024,Financials,ALLY US,,13.141765097,94.6108,,10+,20+
US4851703029,KSU,03/01/2018,15/12/2021,02/01/2018,30/11/2021,Industrials,KSU US,,11.088432828,94.64481,,10+,20+
US8064071025,HSIC,05/01/2018,17/06/2025,02/01/2018,28/03/2024,Health Care,HSIC US,,11.509465565,94.9741,,10+,20+
US74736K1016,QRVO,08/01/2018,27/06/2025,02/01/2018,28/03/2024,Information Technology,QRVO US,,8.752874791,95.04592,,8–9,20+
US2538681030,DLR,08/01/2018,25/06/2025,02/01/2018,28/03/2024,Financials,DLR US,,23.725611996,95.2454,,10+,20+
US46982L1089,J,03/09/2022,25/06/2025,10/12/2019,28/03/2024,Industrials,J US,,15.159546587,95.47727,,10+,20+
US2058871029,CAG,02/01/2018,30/06/2025,02/01/2018,28/03/2024,Consumer Staples,CAG US,,15.326849913,95.51113,,10+,20+
US9139031002,UHS,03/01/2018,09/06/2025,02/01/2018,28/03/2024,Health Care,UHS US,,10.762054105,95.66917,,10+,20+
US1890541097,CLX,05/01/2018,27/06/2025,02/01/2018,28/03/2024,Consumer Staples,CLX US,,18.79028047,95.93763,,10+,20+
US9621661043,WY,04/01/2018,28/06/2025,02/01/2018,28/03/2024,Materials,WY US,,26.660575008,96.59018,,10+,20+
US03073E1055,ABC,03/01/2018,30/08/2023,02/01/2018,29/09/2023,Health Care,COR US,,20.584764794,97.18163,,10+,20+
US1273871087,CDNS,05/01/2018,23/06/2025,02/01/2018,28/03/2024,Information Technology,CDNS US,,12.4210164,97.46622,,10+,20+
US8581191009,STLD,19/01/2018,20/06/2025,02/01/2018,28/03/2024,Materials,STLD US,,10.999301813,98.05162,,10+,20+
US12541W2098,CHRW,08/01/2018,30/06/2025,02/01/2018,28/03/2024,Industrials,CHRW US,,12.655212952,98.33609,,10+,20+
US29272W1099,ENR,04/01/2018,26/05/2025,02/01/2018,28/03/2024,Consumer Staples,ENR US,,3.057035522,98.78846,,3–4,20+
US8760301072,TPR,03/01/2018,21/06/2025,02/01/2018,28/03/2024,Consumer Discretionary,TPR US,,12.873666979,98.79682,,10+,20+
US7374461041,POST,10/01/2018,16/06/2025,02/01/2018,28/03/2024,Consumer Staples,POST US,,5.231599699,98.92599,,5–6,20+
US8101861065,SMG,02/01/2018,09/06/2025,02/01/2018,28/03/2024,Materials,SMG US,,6.231516568,99.00301,,6–7,20+
US74340W1036,PLD,01/01/2018,28/06/2025,02/01/2018,28/03/2024,Financials,PLD US,,35.079040787,99.55161,,10+,20+
US28176E1082,EW,01/01/2018,23/06/2025,02/01/2018,28/03/2024,Health Care,EW US,,23.851677915,99.60486,,10+,20+
US0584981064,BLL,03/01/2018,25/06/2025,02/01/2018,29/04/2022,Materials,BALL US,,13.48767051,99.66209,,10+,20+
US3024913036,FMC,04/01/2018,30/06/2025,02/01/2018,28/03/2024,Materials,FMC US,,13.083810656,99.76766,,10+,20+
US8454671095,SWN,22/01/2018,02/10/2024,02/01/2018,28/03/2024,Energy,SWN US,,3.119229676,100.7846,,3–4,20+
US5341871094,LNC,02/01/2018,27/06/2025,02/01/2018,28/03/2024,Financials,LNC US,,17.049000813,100.8619,,10+,20+
US33616C1009,FRC,08/01/2018,03/05/2023,02/01/2019,30/05/2023,Financials,FRCB US,,14.188576862,101.5041,,10+,20+
US5218652049,LEA,04/01/2018,30/06/2025,01/05/2020,28/03/2024,Consumer Discretionary,LEA US,,12.576430262,101.5375,,10+,20+
US2017231034,CMC,02/01/2018,25/06/2025,02/01/2018,28/03/2024,Materials,CMC US,,2.6556794,101.811,,2.5–3,20+
US0304201033,AWK,02/01/2018,27/06/2025,02/01/2018,28/03/2024,Utilities,AWK US,,15.889680632,101.8785,,10+,20+
US4181001037,HCP,04/08/2022,27/02/2025,02/01/2018,29/10/2019,Financials,HCP US,,6.805609306,102.0776,,6–7,20+
US6516391066,NEM,01/01/2018,30/06/2025,02/01/2018,28/03/2024,Materials,NEM US,,20.010784354,102.3493,,10+,20+
US25470M1099,DISH,03/01/2018,10/01/2024,02/01/2018,03/01/2024,Consumer Discretionary,DISH US,,23.01940161,104.0036,,10+,20+
US12504L1098,CBG,02/01/2018,30/06/2025,02/01/2018,31/12/2018,Financials,CBRE US,,14.875099427,104.354,,10+,20+
US42806J1060,HTZ,17/01/2018,21/07/2022,03/04/2023,28/03/2024,Industrials,HTZGQ US,,1.762854383,104.7451,,1.5–2,20+
US64125C1099,NBIX,02/01/2018,30/06/2025,01/03/2021,28/03/2024,Health Care,NBIX US,,7.017498468,105.0911,,7–8,20+
US03076C1062,AMP,01/01/2018,23/06/2025,02/01/2018,28/03/2024,Financials,AMP US,,25.069698964,105.3635,,10+,20+
US1729081059,CTAS,08/01/2018,14/06/2025,02/01/2018,28/03/2024,Industrials,CTAS US,,17.240536558,105.4799,,10+,20+
US3666511072,IT,04/01/2018,27/06/2025,02/01/2018,28/03/2024,Information Technology,IT US,,11.539928185,105.5353,,10+,20+
US91529Y1064,UNM,10/01/2018,30/06/2025,02/01/2018,28/03/2024,Financials,UNM US,,12.90685528,105.6412,,10+,20+
US2003401070,CMA,03/01/2018,27/06/2025,02/01/2018,28/03/2024,Financials,CMA US,,15.050607389,106.2372,,10+,20+
US29364G1031,ETR,05/01/2018,18/06/2025,02/01/2018,28/03/2024,Utilities,ETR US,,14.405692447,106.3606,,10+,20+
US01741R1023,ATI,08/01/2018,20/06/2025,02/01/2018,28/03/2024,Materials,ATI US,,3.431028079,106.4499,,3–4,20+
US4456581077,JBHT,10/01/2018,30/06/2025,02/01/2018,28/03/2024,Industrials,JBHT US,,13.182300108,106.8467,,10+,20+
US0126531013,ALB,04/01/2018,30/06/2025,02/01/2018,28/03/2024,Materials,ALB US,,14.388743673,107.4774,,10+,20+
US8326964058,SJM,02/01/2018,30/06/2025,02/01/2018,28/03/2024,Consumer Staples,SJM US,,14.054289381,108.0124,,10+,20+
US30161Q1040,EXEL,04/01/2018,30/06/2025,02/07/2018,28/03/2024,Health Care,EXEL US,,9.434758867,108.3157,,9–10,20+
US60871R2094,TAP,03/01/2018,27/06/2025,02/01/2018,28/03/2024,Consumer Staples,TAP US,,17.573362149,108.5934,,10+,20+
US4364401012,HOLX,02/01/2018,03/06/2025,02/01/2018,28/03/2024,Health Care,HOLX US,,11.818553703,108.688,,10+,20+
US3156161024,FFIV,04/01/2018,26/06/2025,02/01/2018,28/03/2024,Information Technology,FFIV US,,8.582823737,108.7893,,8–9,20+
US8919061098,TSS,09/01/2018,24/09/2019,02/01/2018,31/12/2018,Information Technology,TSS US,,14.834550846,108.8095,,10+,20+
US4612021034,INTU,01/01/2018,30/06/2025,02/01/2018,28/03/2024,Information Technology,INTU US,,40.336440433,109.1831,,10+,20+
US00402L1070,ASO,02/10/2020,30/06/2025,31/03/2022,28/03/2024,Consumer Discretionary,ASO US,,1.14445797,109.4923,Start_Date shifted to first regular-way trading day (was 01/10/2020),1–1.5,20+
US6935061076,PPG,02/01/2018,23/06/2025,02/01/2018,28/03/2024,Materials,PPG US,,30.028159386,109.8865,,10+,20+
US7739031091,ROK,10/01/2018,24/06/2025,02/01/2018,28/03/2024,Industrials,ROK US,,25.951890726,109.9348,,10+,20+
US29605J1060,ESAB,05/04/2022,26/06/2025,06/04/2022,28/03/2024,Industrials,ESAB US,,2.694339878,110.4639,Start_Date shifted to first regular-way trading day (was 31/03/2022),2.5–3,20+
US92939U1060,WEC,04/01/2018,25/06/2025,02/01/2018,28/03/2024,Utilities,WEC US,,20.610239954,110.4841,,10+,20+
US3724601055,GPC,16/01/2018,12/06/2025,02/01/2018,28/03/2024,Industrials,GPC US,,15.071867389,110.9529,,10+,20+
US9170471026,URBN,07/01/2018,27/06/2025,02/01/2018,28/03/2024,Consumer Discretionary,URBN US,,3.708592616,111.0736,,3–4,20+
US14040H1059,COF,01/01/2018,30/06/2025,02/01/2018,28/03/2024,Financials,COF US,,48.270825644,111.7282,,10+,20+
US0758961009,BBBY,02/01/2018,29/09/2023,02/01/2018,31/03/2023,Consumer Discretionary,BBBYQ US,,3.174380844,111.8221,,3–4,20+
US5732841060,MLM,19/01/2018,25/06/2025,02/01/2018,28/03/2024,Materials,MLM US,,14.267860886,112.1521,,10+,20+
US0527691069,ADSK,01/01/2018,30/06/2025,02/01/2018,28/03/2024,Information Technology,ADSK US,,23.09057095,112.1925,,10+,20+
US29452E1010,EQH,21/09/2021,30/06/2025,02/01/2024,28/03/2024,Financials,EQH US,,11.553324981,112.3729,,10+,20+
US0394831020,ADM,09/01/2018,26/06/2025,02/01/2018,28/03/2024,Consumer Staples,ADM US,,22.493035,112.5694,,10+,20+
US6974351057,PANW,02/01/2018,30/06/2025,03/07/2023,28/03/2024,Information Technology,PANW US,,13.650104711,112.8401,,10+,20+
US34959J1088,FTV,04/01/2018,30/06/2025,02/01/2018,28/03/2024,Industrials,FTV US,,25.806254042,113.0681,,10+,20+
US4771431016,JBLU,03/01/2018,30/06/2025,02/01/2018,28/03/2024,Industrials,JBLU US,,6.922767607,113.1085,,6–7,20+
US4663671091,JACK,02/01/2018,24/06/2025,02/01/2018,28/03/2024,Consumer Discretionary,JACK US,,2.836504275,113.185,,2.5–3,20+
US3119001044,FAST,02/01/2018,26/06/2025,02/01/2018,28/03/2024,Industrials,FAST US,,15.674270998,113.5355,,10+,20+
US43300A2033,HLT,03/01/2018,27/06/2025,02/01/2018,28/03/2024,Consumer Discretionary,HLT US,,25.86807263,114.5744,,10+,20+
US4234521015,HP,05/01/2018,27/06/2025,02/01/2018,28/03/2024,Energy,HP US,,7.243989985,115.522,,7–8,20+
US6550441058,NBL,02/01/2018,02/09/2021,02/01/2018,30/04/2020,Energy,NBL US,,14.690673904,115.5345,,10+,20+
US25470F1049,DISCA,02/01/2018,11/04/2022,02/01/2018,30/03/2022,Consumer Discretionary,DISCA US,,12.94720545,116.1421,,10+,20+
US6512901082,NFX,04/01/2018,15/02/2019,02/01/2018,31/12/2018,Energy,2663545D US,,6.755098669,116.5884,,6–7,20+
US98389B1008,XEL,02/01/2018,30/06/2025,02/01/2018,28/03/2024,Utilities,XEL US,,24.276143341,116.6775,,10+,20+
US6882392011,OSK,19/01/2018,28/06/2025,02/01/2018,28/03/2024,Industrials,OSK US,,7.12989328,117.0178,,7–8,20+
US00846U1016,A,03/01/2018,24/06/2025,02/01/2018,28/03/2024,Information Technology,A US,,22.391609632,117.2789,,10+,20+
US8725901040,TMUS,01/01/2018,30/06/2025,15/07/2019,28/03/2024,Communication Services,TMUS US,,52.838039864,117.527,,10+,20+
US49446R1095,KIM,03/01/2018,26/06/2025,02/01/2018,28/03/2024,Financials,KIM US,,7.661761362,117.7198,,7–8,20+
US1773761002,CTXS,02/01/2018,03/10/2022,02/01/2018,29/09/2022,Information Technology,CTXS US,,13.363403709,117.8896,,10+,20+
US15135B1017,CNC,03/01/2018,20/06/2025,02/01/2018,28/03/2024,Financials,CNC US,,18.021122832,119.2926,,10+,20+
US9598021098,WU,03/01/2018,30/06/2025,02/01/2018,28/03/2024,Information Technology,WU US,,8.758706392,119.696,,8–9,20+
US4606901001,IPG,02/01/2018,30/06/2025,02/01/2018,28/03/2024,Consumer Discretionary,IPG US,,7.869324008,119.8198,,7–8,20+
US8894781033,TOL,05/01/2018,30/06/2025,02/01/2018,28/03/2024,Consumer Discretionary,TOL US,,7.84398933,119.9613,,7–8,20+
US29265N1081,EGN,02/01/2018,30/11/2018,02/01/2018,29/11/2018,Utilities,EGN US,,5.748522968,120.1458,,5–6,20+
US1924791031,COHR,05/01/2018,24/06/2025,02/01/2018,28/03/2024,Health Care,2150994D US,,7.340243206,120.2323,,7–8,20+
US9897011071,ZION,02/01/2018,28/05/2025,02/01/2018,28/03/2024,Financials,ZION US,,10.127009443,120.57,,10+,20+
US0967611015,BOBE,11/01/2018,17/01/2018,02/01/2018,11/01/2018,Consumer Discretionary,BOBE US,,1.54403995,120.8766,,1.5–2,20+
US98262P1012,WW,26/12/2019,26/06/2025,01/05/2020,31/03/2023,Industrials,WGHTQ US,,2.512443381,121.1628,,2.5–3,20+
US74967X1037,RH,11/01/2018,27/06/2025,02/01/2018,28/03/2024,Consumer Discretionary,RH US,,2.032755272,121.241,,2–2.5,20+
US78410G1040,SBAC,17/01/2018,21/05/2025,02/01/2018,28/03/2024,Real Estate,SBAC US,,18.979616217,121.3207,,10+,20+
US45784P1012,PODD,08/01/2018,25/06/2025,03/04/2023,28/03/2024,Health Care,PODD US,,4.545627499,121.9386,,4–5,20+
US7547301090,RJF,04/01/2018,25/06/2025,02/01/2018,28/03/2024,Financials,RJF US,,13.074023896,122.1793,,10+,20+
US0537741052,CAR,03/01/2018,24/06/2025,02/01/2018,28/03/2024,Industrials,CAR US,,3.567892672,122.5152,,3–4,20+
US1858991011,CLF,03/01/2018,23/06/2025,01/05/2020,28/03/2024,Materials,CLF US,,2.327603681,122.7499,,2–2.5,20+
US00971T1016,AKAM,04/01/2018,25/06/2025,02/01/2018,28/03/2024,Information Technology,AKAM US,,11.096354013,123.119,,10+,20+
US0116591092,ALK,03/01/2018,30/06/2025,02/01/2018,28/03/2024,Industrials,ALK US,,9.18653201,123.1318,,9–10,20+
US1344291091,CPB,03/01/2018,27/06/2025,02/01/2018,28/03/2024,Consumer Staples,CPB US,,14.044358806,123.3975,,10+,20+
US9182041080,VFC,03/01/2018,28/06/2025,02/01/2018,28/03/2024,Consumer Discretionary,VFC US,,29.154098606,123.7914,,10+,20+
US2333311072,DTE,03/01/2018,23/06/2025,02/01/2018,28/03/2024,Utilities,DTE US,,19.392089917,123.814,,10+,20+
US7185461040,PSX,02/01/2018,24/06/2025,02/01/2018,28/03/2024,Energy,PSX US,,51.560844552,124.0753,,10+,20+
US12503M1080,CBOE,03/01/2018,23/06/2025,02/01/2018,28/03/2024,Financials,CBOE US,,14.018848733,124.5254,,10+,20+
US02553E1064,AEO,08/01/2018,06/06/2025,02/01/2018,28/03/2024,Consumer Discretionary,AEO US,,3.182677631,124.6328,,3–4,20+
US6293775085,NRG,04/01/2018,30/06/2025,02/01/2018,28/03/2024,Utilities,NRG US,,9.040123361,124.7929,,9–10,20+
US0549371070,BBT,02/01/2018,13/12/2019,02/01/2018,06/12/2019,Financials,,TFC US,39.382938916,124.8265,,10+,20+
US4361061082,HFC,02/01/2018,15/03/2022,02/01/2018,30/03/2022,Energy,HFC US,,9.094108029,125.8108,,9–10,20+
US61945C1036,MOS,02/01/2018,30/06/2025,02/01/2018,28/03/2024,Materials,MOS US,,9.355473146,125.9574,,9–10,20+
US91347P1057,OLED,04/01/2018,04/06/2025,10/12/2018,28/03/2024,Information Technology,OLED US,,8.302666253,126.1048,,8–9,20+
US2788651006,ECL,02/01/2018,23/06/2025,02/01/2018,28/03/2024,Industrials,ECL US,,38.858974023,126.2854,,10+,20+
US2774321002,EMN,03/01/2018,30/06/2025,02/01/2018,28/03/2024,Materials,EMN US,,13.705074945,126.8232,,10+,20+
US9024941034,TSN,02/01/2018,27/06/2025,02/01/2018,28/03/2024,Consumer Staples,TSN US,,29.617277332,126.9014,,10+,20+
US8807701029,TER,02/01/2018,26/06/2025,02/01/2018,28/03/2024,Information Technology,TER US,,8.666248511,127.3629,,8–9,20+
US6951561090,PKG,09/01/2018,17/06/2025,02/01/2018,28/03/2024,Materials,PKG US,,12.067428822,127.3796,,10+,20+
US7244791007,PBI,11/01/2018,30/06/2025,02/01/2018,28/03/2024,Industrials,PBI US,,2.494687777,127.7899,,2–2.5,20+
US6795801009,ODFL,10/01/2018,30/06/2025,02/01/2018,28/03/2024,Industrials,ODFL US,,11.358819056,127.8496,,10+,20+
US95040Q1040,HCN,02/01/2018,27/06/2025,02/01/2018,31/12/2018,Financials,WELL US,,23.713948145,128.0971,,10+,20+
US2328061096,CY,17/01/2018,16/04/2020,02/01/2018,15/04/2020,Information Technology,CY US,,5.705667464,128.5458,,5–6,20+
US87165B1035,SYF,02/01/2018,30/06/2025,02/01/2018,28/03/2024,Financials,SYF US,,30.411508371,128.9889,,10+,20+
US12572Q1058,CME,01/01/2018,30/06/2025,02/01/2018,28/03/2024,Financials,CME US,,49.700011141,129.0251,,10+,20+
US2971781057,ESS,08/01/2018,26/06/2025,02/01/2018,28/03/2024,Financials,ESS US,,15.727378827,129.3912,,10+,20+
US03743Q1085,APA,20/09/2021,26/06/2025,02/01/2018,28/03/2024,Energy,APA US,,7.148387302,129.4792,,7–8,20+
US7445731067,PEG,03/01/2018,20/06/2025,02/01/2018,28/03/2024,Utilities,PEG US,,25.676408255,129.8634,,10+,20+
US0404131064,ANET,03/01/2018,30/06/2025,28/08/2018,28/03/2024,Information Technology,ANET US,,17.222511726,130.7244,was ANET-RM RM (Moscow line) -> primary US listing,10+,20+
US92553P2011,VIAB,02/01/2018,05/12/2019,02/01/2018,03/12/2019,Consumer Discretionary,VIAB US,,12.722404707,131.3912,,10+,20+
US33829M1018,FIVE,03/01/2018,30/06/2025,02/01/2018,28/03/2024,Consumer Discretionary,FIVE US,,3.910647983,132.0685,,3–4,20+
US7607591002,RSG,04/01/2018,27/06/2025,02/01/2018,28/03/2024,Industrials,RSG US,,22.874326012,132.1022,,10+,20+
US26138E1091,DPS,18/01/2018,22/03/2021,02/01/2018,29/06/2018,Consumer Staples,KDP US,,17.20916812,132.1916,was DPS US; Dr Pepper Snapple -> Keurig Dr Pepper Jul 2018,10+,20+
US0091581068,APD,03/01/2018,30/06/2025,02/01/2018,28/03/2024,Materials,APD US,,36.413367589,132.5351,,10+,20+
US92532F1003,VRTX,01/01/2018,23/06/2025,02/01/2018,28/03/2024,Health Care,VRTX US,,37.900020801,132.5794,,10+,20+
US74460D1090,PSA,09/01/2018,30/06/2025,02/01/2018,28/03/2024,Financials,PSA US,,35.008391202,133.1714,,10+,20+
US1689051076,PLCE,08/01/2018,09/06/2025,02/01/2018,30/06/2023,Consumer Discretionary,PLCE US,,2.571061255,133.5947,,2.5–3,20+
US6512291062,NWL,02/01/2018,27/06/2025,02/01/2018,28/03/2024,Consumer Discretionary,NWL US,,15.506764,134.5059,,10+,20+
US00751Y1064,AAP,21/01/2018,30/06/2025,02/01/2018,28/03/2024,Consumer Discretionary,AAP US,,8.647548992,136.6224,,8–9,20+
US42226K1051,HR,03/08/2022,26/06/2025,02/01/2018,28/03/2024,Financials,HR US,,9.639473439,136.9858,,9–10,20+
US40434L1052,HPQ,02/01/2018,30/06/2025,02/01/2018,28/03/2024,Information Technology,HPQ US,,35.076269211,137.2215,,10+,20+
US78409V1044,SPGI,03/01/2018,30/06/2025,02/01/2018,28/03/2024,Consumer Discretionary,SPGI US,,43.5591,137.5189,,10+,20+
US0015471081,AKS,03/01/2018,12/03/2020,02/01/2018,12/03/2020,Materials,AKS US,,1.996329214,137.602,,1.5–2,20+
US6826801036,OKE,02/01/2018,30/06/2025,02/01/2018,28/03/2024,Utilities,OKE US,,20.954814945,138.6948,,10+,20+
US1220171060,BURL,04/01/2018,16/06/2025,02/01/2024,28/03/2024,Consumer Discretionary,BURL US,,8.358317496,139.5107,,8–9,20+
US75281A1097,RRC,05/01/2018,26/06/2025,02/01/2018,28/03/2024,Energy,RRC US,,4.158815121,139.8065,,4–5,20+
US5658491064,MRO,02/01/2018,22/11/2024,02/01/2018,28/03/2024,Energy,MRO US,,14.767152012,139.9324,,10+,20+
US8243481061,SHW,03/01/2018,30/06/2025,02/01/2018,28/03/2024,Consumer Discretionary,SHW US,,38.84194015,140.2219,,10+,20+
US9837931008,XPO,04/01/2018,30/06/2025,02/01/2019,28/03/2024,Industrials,XPO US,,10.951335436,141.1333,,10+,20+
US8545021011,SWK,03/01/2018,30/06/2025,02/01/2018,28/03/2024,Consumer Discretionary,SWK US,,25.936372006,141.2507,,10+,20+
US4932671088,KEY,11/01/2018,24/06/2025,02/01/2018,28/03/2024,Financials,KEY US,,22.787718689,141.4414,,10+,20+
US5543821012,MAC,03/01/2018,24/06/2025,02/01/2018,28/03/2024,Financials,MAC US,,9.241739047,141.8364,,9–10,20+
US9884981013,YUM,02/01/2018,28/06/2025,02/01/2018,28/03/2024,Consumer Discretionary,YUM US,,27.498683798,142.9153,,10+,20+
US57772K1016,MXIM,02/01/2018,26/08/2021,03/12/2018,25/08/2021,Information Technology,MXIM US,,14.910345043,143.1307,,10+,20+
US9043112062,UA,05/01/2018,27/06/2025,02/01/2019,28/03/2024,Consumer Discretionary,UA US,,6.73689497,143.1557,,6–7,20+
US96145D1054,WRK,02/01/2018,09/07/2024,02/01/2018,28/03/2024,Materials,WRK US,,16.484844998,143.8117,,10+,20+
US87612G1013,TRGP,03/01/2018,30/06/2025,01/06/2021,28/03/2024,Energy,TRGP US,,10.766549798,144.7251,,10+,20+
US8574771031,STT,03/01/2018,30/06/2025,02/01/2018,28/03/2024,Financials,STT US,,36.130617732,144.8824,,10+,20+
US30040W1080,ES,03/01/2018,28/06/2025,02/01/2018,28/03/2024,Utilities,ES US,,19.833882723,145.0284,,10+,20+
US25179M1036,DVN,10/01/2018,26/06/2025,02/01/2018,28/03/2024,Energy,DVN US,,22.16559,146.2281,,10+,20+
US7458671010,PHM,03/01/2018,27/06/2025,02/01/2018,28/03/2024,Consumer Discretionary,PHM US,,10.074271297,146.3097,,10+,20+
US5002551043,KSS,01/01/2018,17/06/2025,02/01/2018,28/03/2024,Consumer Discretionary,KSS US,,9.110899599,146.7802,,9–10,20+
US8000131040,SAFM,02/01/2018,26/07/2022,02/01/2018,21/07/2022,Consumer Staples,SAFM US,,3.055378059,146.9326,,3–4,20+
US5168062058,LPI,19/09/2021,24/06/2025,17/09/2018,31/01/2023,Energy,VTLE US,,1.158904976,147.2604,,1–1.5,20+
US45687V1061,IR,20/09/2021,17/06/2025,02/01/2018,28/03/2024,Industrials,IR US,,22.264003117,148.0352,,10+,20+
US9043111072,UAA,05/01/2018,27/06/2025,02/01/2018,28/03/2024,Consumer Discretionary,UAA US,,6.73689497,148.3268,,6–7,20+
US2547091080,DFS,03/01/2018,19/05/2025,02/01/2018,28/03/2024,Financials,DFS US,,28.154731135,148.7728,,10+,20+
US2641201064,DCT,17/09/2021,11/09/2023,02/01/2018,20/08/2018,Financials,DCT US,,6.490783179,148.9986,,6–7,20+
US6687711084,NLOK,06/11/2019,08/11/2022,04/11/2019,29/12/2022,Information Technology,GEN US,,14.832759048,149.2782,,10+,20+
US4131971040,HRMY,19/08/2020,11/06/2025,30/09/2021,28/03/2024,Health Care,HRMY US,,2.35672278,149.5415,Start_Date shifted to first regular-way trading day (was 17/08/2020),2–2.5,20+
US1941621039,CL,11/01/2018,30/06/2025,02/01/2018,28/03/2024,Consumer Staples,CL US,,65.462744375,149.7935,,10+,20+
US1270971039,COG,02/01/2018,17/06/2025,02/01/2018,29/09/2021,Energy,CTRA US,,13.366493165,150.4676,,10+,20+
US6821891057,ON,02/01/2018,26/06/2025,02/05/2022,28/03/2024,Information Technology,ON US,,9.250978673,151.2792,,9–10,20+
US1717981013,XEC,02/01/2018,06/10/2021,02/01/2018,29/09/2021,Energy,XEC US,,11.956195685,151.3916,,10+,20+
US5950171042,MCHP,04/01/2018,26/06/2025,02/01/2018,28/03/2024,Information Technology,MCHP US,,21.51695655,151.7437,,10+,20+
US4180561072,HAS,03/01/2018,25/06/2025,02/01/2018,28/03/2024,Consumer Discretionary,HAS US,,11.370679446,152.2718,,10+,20+
US0185811082,ADS,02/01/2018,11/06/2025,02/01/2018,30/03/2022,Information Technology,BFH US,,14.106642145,152.98,,10+,20+
US7512121010,RL,03/01/2018,28/06/2025,02/01/2018,28/03/2024,Consumer Discretionary,RL US,,8.26089762,153.3554,,8–9,20+
US92343E1029,VRSN,02/01/2018,23/06/2025,02/01/2018,28/03/2024,Information Technology,VRSN US,,10.790469066,154.3492,,10+,20+
US7043261079,PAYX,02/01/2018,28/06/2025,02/01/2018,28/03/2024,Industrials,PAYX US,,24.176773447,154.5013,,10+,20+
US64110D1046,NTAP,04/01/2018,25/06/2025,02/01/2018,28/03/2024,Information Technology,NTAP US,,15.423233438,156.633,,10+,20+
US30034W1062,EVRG,05/06/2018,11/06/2025,02/01/2019,28/03/2024,Utilities,EVRG US,,14.718053102,157.4805,,10+,20+
US2692464017,ETFC,03/01/2018,03/10/2020,02/01/2018,30/04/2020,Financials,ETFC US,,13.565874554,158.3821,,10+,20+
US31620M1062,FIS,04/01/2018,30/06/2025,02/01/2018,28/03/2024,Information Technology,FIS US,,31.700818917,158.8719,,10+,20+
US8715031089,SYMC,02/01/2018,05/11/2019,02/01/2018,01/11/2019,Information Technology,GEN US,,17.923681384,159.3089,was SYMG IX; Symantec -> NortonLifeLock -> Gen Digital,10+,20+
US20605P1012,CXO,04/01/2018,20/01/2021,02/01/2018,31/12/2020,Energy,CXO US,,22.841197476,161.2887,,10+,20+
US35909D1090,FYBR,04/05/2021,26/06/2025,03/10/2022,28/03/2024,Communication Services,FYBR US,,7.007,161.9374,Start_Date shifted to first regular-way trading day (was 30/04/2021),7–8,20+
US9633201069,WHR,03/01/2018,30/06/2025,02/01/2018,28/03/2024,Consumer Discretionary,WHR US,,12.133312957,162.6475,,10+,20+
US6937181088,PCAR,02/01/2018,24/06/2025,02/01/2018,28/03/2024,Industrials,PCAR US,,25.674574979,164.3974,,10+,20+
US5717481023,MMC,03/01/2018,25/06/2025,02/01/2018,28/03/2024,Financials,MRSH US,,41.568563478,164.6683,,10+,20+
US05722G1004,BHGE,03/01/2018,27/06/2025,02/01/2018,17/10/2019,Energy,BKR US,,38.401466572,164.7376,,10+,20+
US8740541094,TTWO,03/01/2018,25/06/2025,02/01/2018,28/03/2024,Information Technology,TTWO US,,12.988364409,165.3797,,10+,20+
US98956P1021,ZBH,03/01/2018,30/06/2025,02/01/2018,28/03/2024,Health Care,ZBH US,,25.29292716,165.9817,,10+,20+
US7010941042,PH,04/01/2018,30/06/2025,02/01/2018,28/03/2024,Industrials,PH US,,26.968950719,166.4144,,10+,20+
US78454L1008,SM,09/01/2018,30/06/2025,02/01/2018,28/03/2024,Energy,SM US,,2.920084599,166.642,,2.5–3,20+
US0320951017,APH,20/01/2018,30/06/2025,02/01/2018,28/03/2024,Information Technology,APH US,,28.43623001,166.8169,,10+,20+
US2533931026,DKS,03/01/2018,30/06/2025,02/01/2018,28/03/2024,Consumer Discretionary,DKS US,,3.252212196,166.993,,3–4,20+
US8636671013,SYK,02/01/2018,28/06/2025,02/01/2018,28/03/2024,Health Care,SYK US,,59.092121935,167.0909,,10+,20+
US2091151041,ED,02/01/2018,30/06/2025,02/01/2018,28/03/2024,Utilities,ED US,,25.915550053,167.1849,,10+,20+
US4464131063,HII,16/01/2018,30/06/2025,02/01/2018,28/03/2024,Industrials,HII US,,10.643184113,167.239,,10+,20+
US7443201022,PRU,03/01/2018,30/06/2025,02/01/2018,28/03/2024,Financials,PRU US,,48.96776,167.5004,,10+,20+
US4943681035,KMB,05/01/2018,23/06/2025,02/01/2018,28/03/2024,Consumer Staples,KMB US,,41.56715955,167.984,,10+,20+
US98585X1046,YETI,25/10/2018,30/06/2025,01/05/2020,28/03/2024,Consumer Discretionary,YETI US,,1.422006225,168.1908,Start_Date shifted to first regular-way trading day (was 15/10/2018),1–1.5,20+
US2910111044,EMR,08/01/2018,30/06/2025,02/01/2018,28/03/2024,Industrials,EMR US,,46.339392304,168.2667,,10+,20+
US81762P1021,NOW,02/01/2018,27/06/2025,21/11/2019,28/03/2024,Information Technology,NOW US,,22.749771,168.7051,,10+,20+
US3379321074,FE,11/01/2018,25/06/2025,02/01/2018,28/03/2024,Utilities,FE US,,13.452506011,169.6324,,10+,20+
US4492531037,IAA,28/06/2019,15/03/2023,02/01/2020,17/03/2023,Industrials,IAA US,,5.174406403,170.3416,,5–6,20+
US23918K1088,DVA,04/01/2018,23/06/2025,02/01/2018,28/03/2024,Health Care,DVA US,,13.720005,170.4765,,10+,20+
US12592V1008,CNXC,01/12/2020,07/09/2021,04/01/2021,28/03/2024,Information Technology,,CNXC US,5.4285,170.7046,,5–6,20+
US3448491049,FL,08/01/2018,27/06/2025,02/01/2018,28/03/2024,Consumer Discretionary,FL US,,5.693026515,172.2513,,5–6,20+
US7591EP1005,RF,02/01/2018,17/06/2025,02/01/2018,28/03/2024,Financials,RF US,,20.148704833,172.3951,,10+,20+
US89417E1091,TRV,03/01/2018,30/06/2025,02/01/2018,28/03/2024,Financials,TRV US,,36.237333982,172.9393,,10+,20+
US1940145022,ENOV,05/04/2022,04/06/2025,31/03/2022,28/03/2024,Health Care,ENOV US,,3.804156916,174.244,,3–4,20+
US6556641008,JWN,02/01/2018,21/05/2025,02/01/2018,28/03/2024,Consumer Discretionary,JWN US,,8.182525032,175.4624,,8–9,20+
US61174X1090,MNST,03/01/2018,25/06/2025,02/01/2018,28/03/2024,Industrials,MNST US,,35.597363496,175.578,,10+,20+
US55616P1049,M,01/01/2018,07/06/2025,02/01/2018,28/03/2024,Consumer Discretionary,M US,,7.672027037,177.0557,,7–8,20+
US4562371066,ILPT,12/01/2018,16/06/2025,01/05/2020,31/03/2023,Real Estate,ILPT US,,1.51775,177.5078,,1.5–2,20+
US0530151036,ADP,03/01/2018,28/06/2025,02/01/2018,28/03/2024,Industrials,ADP US,,51.999170843,178.2258,,10+,20+
US2944291051,EFX,03/01/2018,30/06/2025,02/01/2018,28/03/2024,Industrials,EFX US,,14.42873782,179.1745,,10+,20+
US6668071029,NOC,04/01/2018,27/06/2025,02/01/2018,28/03/2024,Industrials,NOC US,,53.711927963,179.4055,,10+,20+
US4523271090,ILMN,02/01/2018,24/06/2025,02/01/2018,28/03/2024,Health Care,ILMN US,,32.70838,179.8918,,10+,20+
US14316J1088,CG,20/09/2021,24/06/2025,02/01/2024,28/03/2024,Financials,CG US,,16.666810199,180.5794,,10+,20+
US23355L1061,DXC,09/01/2018,27/06/2025,02/01/2018,28/03/2024,Information Technology,DXC US,,28.991862554,181.6038,,10+,20+
US7782961038,ROST,07/01/2018,30/06/2025,02/01/2018,28/03/2024,Consumer Discretionary,ROST US,,31.324507374,181.6947,,10+,20+
US4212981009,HAYW,12/03/2021,28/06/2025,02/01/2024,28/03/2024,Industrials,HAYW US,,3.902471244,181.8532,,3–4,20+
US45337C1027,INCY,02/01/2018,27/06/2025,02/01/2018,28/03/2024,Health Care,INCY US,,21.291554105,183.0902,,10+,20+
US0326541051,ADI,03/01/2018,27/06/2025,02/01/2018,28/03/2024,Information Technology,ADI US,,33.693311023,183.1227,,10+,20+
US30161N1019,EXC,04/01/2018,27/06/2025,02/01/2018,28/03/2024,Utilities,EXC US,,36.972984952,183.2264,,10+,20+
US23331A1097,DHI,09/01/2018,30/06/2025,02/01/2018,28/03/2024,Consumer Discretionary,DHI US,,19.864233682,183.3186,,10+,20+
US3390411052,FLT,03/01/2018,25/03/2024,20/06/2018,27/03/2024,Information Technology,CPAY US,,17.498437695,183.7151,was FLT US; FleetCor renamed Corpay (CPAY) Mar 2024,10+,20+
US94106L1098,WM,03/01/2018,27/06/2025,02/01/2018,28/03/2024,Industrials,WM US,,37.928781489,183.7516,,10+,20+
US3703341046,GIS,03/01/2018,30/06/2025,02/01/2018,28/03/2024,Consumer Staples,GIS US,,33.419941728,183.9791,,10+,20+
US98421M1062,XRX,08/11/2019,11/06/2025,02/01/2018,28/03/2024,Information Technology,XRX US,,8.596880797,184.0101,,8–9,20+
US8718291078,SYY,04/01/2018,30/06/2025,02/01/2018,28/03/2024,Consumer Staples,SYY US,,31.701066509,185.8819,,10+,20+
US53814L1089,LTHM,11/10/2018,04/01/2024,02/01/2019,30/01/2024,Materials,LTHM US,,2.42671,186.9504,"ticker kept. WARNING: Livent -> Arcadium (2024) -> acquired by Rio Tinto Mar 2025; LTHM likely D-coded - if NaN, query by ISIN | Start_Date shifted to first regular-way trading day (was 27/08/2018)",2–2.5,20+
US04206A1016,ARLO,03/08/2018,30/06/2025,02/01/2019,28/03/2024,Information Technology,ARLO US,,1.6070015,188.0345,Start_Date shifted to first regular-way trading day (was 02/08/2018),1.5–2,20+
US30212P3038,EXPE,02/01/2018,24/06/2025,02/01/2018,28/03/2024,Consumer Discretionary,EXPE US,,18.48643784,188.3444,,10+,20+
US42824C1099,HPE,05/01/2018,30/06/2025,02/01/2018,28/03/2024,Information Technology,HPE US,,23.9879843,188.7971,,10+,20+
US4601461035,IP,02/01/2018,26/06/2025,02/01/2018,28/03/2024,Materials,IP US,,24.680719112,189.1036,,10+,20+
US2193501051,GLW,03/01/2018,25/06/2025,02/01/2018,28/03/2024,Industrials,GLW US,,29.043899511,189.4655,,10+,20+
US44107P1049,HST,08/01/2018,23/06/2025,02/01/2018,28/03/2024,Financials,HST US,,15.090398235,189.757,,10+,20+
US44980X1090,IPGP,03/01/2018,30/06/2025,02/01/2018,28/03/2024,Information Technology,IPGP US,,12.505365985,190.8378,,10+,20+
US00508Y1029,AYI,05/01/2018,27/06/2025,02/01/2018,28/03/2024,Industrials,AYI US,,7.813465066,191.0629,,7–8,20+
US3848021040,GWW,10/01/2018,12/06/2025,02/01/2018,28/03/2024,Industrials,GWW US,,13.205853819,193.2865,,10+,20+
US7743411016,COL,05/01/2018,14/02/2022,02/01/2018,29/04/2020,Industrials,COL US,,22.384048682,194.4494,,10+,20+
US0640581007,BK,02/01/2018,30/06/2025,02/01/2018,28/03/2024,Financials,BNY US,,55.112883038,195.7791,,10+,20+
US5500211090,LULU,02/01/2018,28/06/2025,02/01/2024,28/03/2024,Consumer Discretionary,LULU US,,10.788431642,197.087,,10+,20+
US22041X1028,CRSR,23/09/2020,11/06/2025,01/02/2022,28/03/2024,Information Technology,CRSR US,,1.431013122,197.7315,Start_Date shifted to first regular-way trading day (was 22/09/2020),1–1.5,20+
US5745991068,MAS,03/01/2018,13/06/2025,02/01/2018,28/03/2024,Industrials,MAS US,,13.840872848,197.9295,,10+,20+
US2567461080,DLTR,04/01/2018,30/06/2025,02/01/2018,28/03/2024,Consumer Discretionary,DLTR US,,25.810326732,197.9744,,10+,20+
US30219G1085,ESRX,02/01/2018,21/12/2018,02/01/2018,20/12/2018,Health Care,ESRX US,,42.60824079,198.5923,,10+,20+
US14149Y1082,CAH,05/01/2018,30/06/2025,02/01/2018,28/03/2024,Health Care,CAH US,,19.889242184,199.2297,,10+,20+
US5132721045,LW,04/01/2018,30/06/2025,02/01/2018,28/03/2024,Consumer Staples,LW US,,8.366942144,199.4994,,8–9,20+
US03349M1053,ANDV,03/01/2018,04/10/2018,02/01/2018,28/09/2018,Energy,ANDV US,,18.167447188,201.6487,,10+,20+
US92276F1003,VTR,16/01/2018,23/06/2025,02/01/2018,28/03/2024,Financials,VTR US,,19.418053047,204.1472,,10+,20+
US9694571004,WMB,05/01/2018,30/06/2025,02/01/2018,28/03/2024,Utilities,WMB US,,26.836192981,205.9354,,10+,20+
US4824801009,KLAC,04/01/2018,30/06/2025,02/01/2018,28/03/2024,Information Technology,KLAC US,,16.855502047,207.6245,,10+,20+
US25278X1090,FANG,03/01/2018,30/06/2025,03/12/2018,28/03/2024,Energy,FANG US,,12.68023139,207.6524,,10+,20+
US40412C1018,HCA,03/01/2018,30/06/2025,02/01/2018,28/03/2024,Health Care,HCA US,,30.8167296,209.9556,,10+,20+
US8679141031,STI,02/01/2018,16/06/2025,02/01/2018,05/12/2019,Financials,2370058D US,,30.875516011,211.0937,,10+,20+
US49456B1017,KMI,05/01/2018,28/06/2025,02/01/2018,28/03/2024,Utilities,KMI US,,42.319889927,212.0512,,10+,20+
US2371941053,DRI,04/01/2018,30/06/2025,02/01/2018,28/03/2024,Consumer Discretionary,DRI US,,12.170551651,213.2908,,10+,20+
US1567001060,CTL,02/01/2018,26/07/2022,02/01/2018,30/04/2020,Communication Services,,LUMN US,18.611348028,214.4166,,10+,20+
US02376R1023,AAL,02/01/2018,30/06/2025,02/01/2018,28/03/2024,Industrials,AAL US,,25.355665878,214.9469,,10+,20+
US1746101054,CFG,02/01/2018,30/06/2025,02/01/2018,28/03/2024,Financials,CFG US,,20.99819308,215.585,,10+,20+
US1011371077,BSX,03/01/2018,30/06/2025,02/01/2018,28/03/2024,Health Care,BSX US,,35.098877415,216.7876,,10+,20+
US5017971046,LB,02/01/2018,29/05/2025,02/01/2018,28/05/2021,Consumer Discretionary,BBWI US,,16.904861451,218.8135,was LBRA AV; L Brands renamed Bath & Body Works Aug 2021,10+,20+
US0255371017,AEP,02/01/2018,18/06/2025,02/01/2018,28/03/2024,Utilities,AEP US,,35.617422828,218.8902,,10+,20+
US8835561023,TMO,02/01/2018,25/06/2025,02/01/2018,28/03/2024,Industrials,TMO US,,77.384083994,219.6918,,10+,20+
US0162551016,ALGN,02/01/2018,18/06/2025,02/01/2018,28/03/2024,Health Care,ALGN US,,18.009515872,219.7233,,10+,20+
US64115T1043,NTCT,10/01/2018,17/06/2025,02/01/2018,28/03/2024,Information Technology,NTCT US,,2.289628172,221.0019,,2–2.5,20+
US8666831057,SNCY,17/03/2021,16/06/2025,01/08/2022,28/03/2024,Industrials,SNCY US,,2.0296402,221.0713,Start_Date shifted to first regular-way trading day (was 10/03/2021),2–2.5,20+
US4461501045,HBAN,03/01/2018,27/06/2025,02/01/2018,28/03/2024,Financials,HBAN US,,15.911529757,222.3819,,10+,20+
US6819191064,OMC,02/01/2018,30/06/2025,02/01/2018,28/03/2024,Consumer Discretionary,OMC US,,16.775861741,222.5519,,10+,20+
US45866F1049,ICE,02/01/2018,30/06/2025,02/01/2018,28/03/2024,Financials,ICE US,,40.864078394,223.2262,,10+,20+
US6558441084,NSC,04/01/2018,27/06/2025,02/01/2018,28/03/2024,Industrials,NSC US,,42.172605133,228.0506,,10+,20+
US34965K1079,FTRE,03/07/2023,30/06/2025,03/07/2023,28/03/2024,Health Care,FTRE US,,3.264024,228.9186,,3–4,20+
US09247X1019,BLK,03/01/2018,30/06/2025,02/01/2018,28/03/2024,Financials,9903115D US,,83.28134028,229.9185,,10+,20+
US5719032022,MAR,01/01/2018,30/06/2025,02/01/2018,28/03/2024,Consumer Discretionary,MAR US,,49.484617542,229.9741,,10+,20+
US9290891004,VOYA,09/01/2018,25/06/2025,01/12/2021,28/03/2024,Financials,VOYA US,,9.524786588,230.1471,,9–10,20+
US8923561067,TSCO,11/01/2018,30/06/2025,02/01/2018,28/03/2024,Consumer Discretionary,TSCO US,,9.85554693,230.2319,,9–10,20+
US4523081093,ITW,04/01/2018,12/06/2025,02/01/2018,28/03/2024,Industrials,ITW US,,56.922821358,231.1811,,10+,20+
US21874C1027,CNM,23/07/2021,23/06/2025,02/01/2024,28/03/2024,Industrials,CNM US,,5.708737547,232.6557,,5–6,20+
US26614N1028,DD,01/10/2019,28/06/2025,02/01/2019,28/03/2024,Materials,DD US,,50.655529012,233.8528,was DD-RM RM (Moscow line) -> DuPont US line,10+,20+
US9839191015,XLNX,04/01/2018,16/02/2022,02/01/2018,31/01/2022,Information Technology,XLNX US,,17.689669287,235.5923,,10+,20+
US75886F1075,REGN,02/01/2018,24/06/2025,02/01/2018,28/03/2024,Health Care,REGN US,,41.106396316,237.753,,10+,20+
US0325111070,APC,03/01/2018,08/08/2019,02/01/2018,31/12/2018,Energy,2616271D US,,29.967819397,237.9467,,10+,20+
US5260571048,LEN,02/01/2018,25/06/2025,02/01/2018,28/03/2024,Consumer Discretionary,LEN US,,14.94208997,238.8696,,10+,20+
US0138721065,AA,13/01/2018,24/06/2025,02/01/2019,28/03/2024,Materials,AA US,,10.50190145,239.951,,10+,20+
US6081901042,MHK,10/01/2018,30/06/2025,02/01/2018,28/03/2024,Consumer Discretionary,MHK US,,20.22667458,240.962,,10+,20+
US22822V1017,CCI,04/01/2018,21/05/2025,02/01/2018,28/03/2024,Financials,CCI US,,43.556752506,241.2283,,10+,20+
US8168511090,SRE,02/01/2018,26/06/2025,02/01/2018,28/03/2024,Utilities,SRE US,,26.451027899,242.1386,,10+,20+
US83088M1027,SWKS,02/01/2018,25/06/2025,02/01/2018,28/03/2024,Information Technology,SWKS US,,18.031351344,242.5645,,10+,20+
US8873173038,TWX,01/01/2018,18/06/2018,02/01/2018,14/06/2018,Information Technology,TWX US,,71.217899881,242.5683,,10+,20+
US03027X1000,AMT,04/01/2018,03/06/2025,02/01/2018,28/03/2024,Communication Services,AMT US,,59.872638653,242.8965,,10+,20+
US1713401024,CHD,02/01/2018,30/06/2025,02/01/2018,28/03/2024,Consumer Staples,CHD US,,12.353809655,244.4729,,10+,20+
US5529531015,MGM,06/01/2018,28/06/2025,02/01/2018,28/03/2024,Consumer Discretionary,MGM US,,19.186425123,245.1015,,10+,20+
US9291601097,VMC,02/01/2018,25/06/2025,02/01/2018,28/03/2024,Materials,VMC US,,17.444354905,245.4727,,10+,20+
US6703461052,NUE,02/01/2018,30/06/2025,02/01/2018,28/03/2024,Materials,NUE US,,21.147817154,247.7511,,10+,20+
US2810201077,EIX,04/01/2018,26/06/2025,02/01/2018,28/03/2024,Utilities,EIX US,,20.294780022,248.3206,,10+,20+
US8288061091,SPG,02/01/2018,30/06/2025,02/01/2018,28/03/2024,Financials,SPG US,,53.598547927,248.6191,,10+,20+
US58155Q1031,MCK,03/01/2018,26/06/2025,02/01/2018,28/03/2024,Health Care,MCK US,,32.680456193,249.3033,,10+,20+
US90184L1026,TWTR,01/01/2018,31/10/2022,07/06/2018,26/10/2022,Information Technology,TWTR US,,17.834473688,250.1152,,10+,20+
US8447411088,LUV,02/01/2018,30/06/2025,02/01/2018,28/03/2024,Industrials,LUV US,,39.335667981,250.4385,,10+,20+
US2505651081,DBI,19/03/2019,30/06/2025,02/04/2018,28/03/2024,Consumer Discretionary,DBI US,,1.774916678,253.7312,,1.5–2,20+
US3167731005,FITB,02/01/2018,25/06/2025,02/01/2018,28/03/2024,Financials,FITB US,,21.470837985,254.7976,,10+,20+
US79466L3024,CRM,01/01/2018,29/06/2025,02/01/2018,28/03/2024,Information Technology,CRM US,,73.840729,256.1068,,10+,20+
US2566771059,DG,17/01/2018,30/06/2025,02/01/2018,28/03/2024,Consumer Discretionary,DG US,,27.292141499,256.5053,,10+,20+
US4878361082,K,11/01/2018,30/06/2025,02/01/2018,28/03/2024,Consumer Staples,K US,,22.79430854,258.2177,,10+,20+
US20825C1045,COP,08/01/2018,26/06/2025,02/01/2018,28/03/2024,Energy,COP US,,68.694339247,258.2998,,10+,20+
US6745991058,OXY,03/01/2018,28/06/2025,02/01/2018,28/03/2024,Energy,OXY US,,57.393401025,258.6461,,10+,20+
US2310211063,CMI,04/01/2018,24/06/2025,02/01/2018,28/03/2024,Industrials,CMI US,,30.164598214,260.0171,,10+,20+
US26884L1098,EQT,03/01/2018,25/06/2025,02/01/2018,28/03/2024,Utilities,EQT US,,15.187163454,260.3116,,10+,20+
US3453708600,F,02/01/2018,30/06/2025,02/01/2018,28/03/2024,Consumer Discretionary,F US,,50.289345751,262.1244,,10+,20+
US26441C2044,DUK,02/01/2018,26/06/2025,02/01/2018,28/03/2024,Utilities,DUK US,,58.261,263.6911,,10+,20+
US4988941047,KNF,01/06/2023,16/06/2025,03/07/2023,28/03/2024,Materials,KNF US,,1.980948849,266.5412,Start_Date shifted to first regular-way trading day (was 25/05/2023),1.5–2,20+
US92942W1071,KLG,02/10/2023,18/06/2025,02/01/2024,28/03/2024,Consumer Staples,KLG US,,1.142582031,268.0142,Start_Date shifted to first regular-way trading day (was 28/09/2023),1–1.5,20+
US9581021055,WDC,03/01/2018,26/06/2025,02/01/2018,28/03/2024,Information Technology,WDC US,,24.45267971,268.5331,,10+,20+
US98978V1035,ZTS,08/01/2018,18/06/2025,02/01/2018,28/03/2024,Health Care,ZTS US,,36.176279309,269.2767,,10+,20+
US59156R1086,MET,02/01/2018,27/06/2025,02/01/2018,28/03/2024,Financials,MET US,,52.804377419,271.349,,10+,20+
US0258161092,AXP,02/01/2018,28/06/2025,02/01/2018,28/03/2024,Financials,AXP US,,85.87952424,271.5226,,10+,20+
US5178341070,LVS,06/01/2018,26/06/2025,03/10/2019,28/03/2024,Consumer Discretionary,LVS US,,53.689402279,272.9718,,10+,20+
US5184391044,EL,03/01/2018,30/06/2025,02/01/2018,28/03/2024,Consumer Staples,EL US,,47.730895754,273.6316,,10+,20+
US24906P1093,XRAY,10/01/2018,18/06/2025,02/01/2018,28/03/2024,Health Care,XRAY US,,14.414899243,273.6316,,10+,20+
US29415F1049,NVST,18/09/2019,27/05/2025,01/03/2021,28/03/2024,Health Care,NVST US,,4.3220762,274.0996,Start_Date shifted to first regular-way trading day (was 17/09/2019),4–5,20+
US7237871071,PXD,01/01/2018,03/05/2024,02/01/2018,28/03/2024,Energy,PXD US,,29.413066055,274.5348,,10+,20+
US9113631090,URI,11/01/2018,30/06/2025,02/01/2018,28/03/2024,Consumer Discretionary,URI US,,15.222580274,274.746,,10+,20+
US36467W1099,GME,12/01/2018,27/06/2025,02/01/2018,28/03/2024,Consumer Discretionary,GME US,,1.799166037,276.8763,,1.5–2,20+
US0079031078,AMD,01/01/2018,30/06/2025,02/01/2018,28/03/2024,Information Technology,AMD US,,9.918129639,277.2528,,9–10,20+
US6092071058,MDLZ,02/01/2018,30/06/2025,02/01/2018,28/03/2024,Consumer Staples,MDLZ US,,63.377020441,277.3835,,10+,20+
US29444U7000,EQIX,17/01/2018,27/06/2025,02/01/2018,28/03/2024,Information Technology,EQIX US,,34.571470704,277.8581,,10+,20+
US69351T1060,PPL,08/01/2018,18/06/2025,02/01/2018,28/03/2024,Utilities,PPL US,,21.6073762,278.2044,,10+,20+
US1431301027,KMX,03/01/2018,23/06/2025,02/01/2018,28/03/2024,Consumer Discretionary,KMX US,,12.20517348,278.564,,10+,20+
US0865161014,BBY,07/01/2018,25/06/2025,02/01/2018,28/03/2024,Consumer Discretionary,BBY US,,20.132525848,281.5535,,10+,20+
US8085131055,SCHW,03/01/2018,28/06/2025,02/01/2018,28/03/2024,Financials,SCHW US,,69.066494892,283.8588,,10+,20+
US7565771026,RHT,02/01/2018,09/07/2019,02/01/2018,31/12/2018,Information Technology,RHT US,,21.41768703,284.7252,,10+,20+
US45332Y1091,NARI,22/05/2020,19/02/2025,02/05/2022,28/03/2024,Health Care,NARI US,,1.958896296,287.7291,,1.5–2,20+
US0153511094,ALXN,02/01/2018,22/07/2021,02/01/2018,28/05/2021,Health Care,ALXN US,,27.713966338,287.849,,10+,20+
US37045V1008,GM,02/01/2018,30/06/2025,02/01/2018,28/03/2024,Consumer Discretionary,GM US,,59.373036008,288.9341,,10+,20+
US9029733048,USB,02/01/2018,20/06/2025,02/01/2018,28/03/2024,Financials,USB US,,89.662307699,290.0382,,10+,20+
US5324571083,LLY,02/01/2018,30/06/2025,02/01/2018,28/03/2024,Health Care,LLY US,,93.240700127,292.2819,,10+,20+
US8425871071,SO,03/01/2018,28/06/2025,02/01/2018,28/03/2024,Utilities,SO US,,47.070138708,295.9032,,10+,20+
US0367521038,ANTM,03/01/2018,28/06/2025,02/01/2018,29/04/2022,Health Care,ELV US,,58.836673387,297.3074,,10+,20+
US2473617023,DAL,02/01/2018,30/06/2025,02/01/2018,28/03/2024,Industrials,DAL US,,40.454095907,299.2177,,10+,20+
US7551115071,RTN,02/01/2018,16/12/2021,02/01/2018,01/04/2020,Industrials,RTN US,,53.85112636,300.5963,,10+,20+
US46120E6023,ISRG,03/01/2018,10/06/2025,02/01/2018,28/03/2024,Health Care,ISRG US,,43.006200414,300.7532,,10+,20+
US25754A2015,DPZ,04/01/2018,30/06/2025,02/01/2018,28/03/2024,Consumer Discretionary,DPZ US,,8.628309467,306.1229,,8–9,20+
US4448591028,HUM,03/01/2018,24/06/2025,02/01/2018,28/03/2024,Health Care,HUM US,,35.897884923,306.9292,,10+,20+
US1924461023,CTSH,03/01/2018,30/06/2025,02/01/2018,28/03/2024,Information Technology,CTSH US,,42.189145256,308.3764,,10+,20+
US5007541064,KHC,02/01/2018,30/06/2025,02/01/2018,28/03/2024,Consumer Staples,KHC US,,93.846392729,309.8169,,10+,20+
US74276R1023,PRVA,29/04/2021,28/05/2025,03/07/2023,28/03/2024,Health Care,PRVA US,,3.825087242,313.9631,,3–4,20+
US9100471096,UAL,03/01/2018,30/06/2025,02/01/2018,28/03/2024,Industrials,UAL US,,20.290329273,314.7809,,10+,20+
US91879Q1094,MTN,12/01/2018,30/06/2025,02/01/2024,28/03/2024,Consumer Discretionary,MTN US,,8.98291574,316.2895,,8–9,20+
US98311A1051,WH,01/06/2018,25/06/2025,01/06/2018,28/03/2024,Consumer Discretionary,WH US,,6.126675647,317.9386,Start_Date shifted to first regular-way trading day (was 09/05/2018),6–7,20+
US00724F1012,ADBE,01/01/2018,28/06/2025,02/01/2018,28/03/2024,Information Technology,ADBE US,,86.383333773,318.0251,,10+,20+
US8713321029,SLVM,01/10/2021,12/06/2025,01/10/2021,28/03/2024,Materials,SLVM US,,1.455536115,319.3946,Start_Date shifted to first regular-way trading day (was 28/09/2021),1–1.5,20+
US29332G1022,EHAB,01/07/2022,26/06/2025,01/08/2022,28/03/2024,Health Care,EHAB US,,1.134688343,325.598,Start_Date shifted to first regular-way trading day (was 28/06/2022),1–1.5,20+
US6541061031,NKE,01/01/2018,30/06/2025,02/01/2018,28/03/2024,Consumer Discretionary,NKE US,,102.051,328.257,,10+,20+
US5010441013,KR,02/01/2018,30/06/2025,02/01/2018,28/03/2024,Consumer Staples,KR US,,24.94253877,328.5443,,10+,20+
US00507V1098,ATVI,02/01/2018,14/10/2023,02/01/2018,19/10/2023,Information Technology,ATVI US,,48.624755951,330.1879,,10+,20+
US56585A1025,MPC,03/01/2018,30/06/2025,02/01/2018,28/03/2024,Energy,MPC US,,33.509958984,331.0817,,10+,20+
US91913Y1001,VLO,02/01/2018,30/06/2025,02/01/2018,28/03/2024,Energy,VLO US,,40.60754993,332.3238,,10+,20+
US1264081035,CSX,04/01/2018,25/06/2025,02/01/2018,28/03/2024,Industrials,CSX US,,50.745596653,334.0732,,10+,20+
US2358511028,DHR,02/01/2018,27/06/2025,02/01/2018,28/03/2024,Industrials,DHR US,,64.301749957,336.0366,,10+,20+
US26875P1012,EOG,03/01/2018,30/06/2025,02/01/2018,28/03/2024,Energy,EOG US,,64.141859184,340.6856,,10+,20+
US6174464486,MS,02/01/2018,30/06/2025,02/01/2018,28/03/2024,Financials,MS US,,94.35424881,347.8605,,10+,20+
US8725401090,TJX,03/01/2018,24/06/2025,02/01/2018,28/03/2024,Consumer Discretionary,TJX US,,47.618701652,348.6551,,10+,20+
US69331C1080,PCG,02/01/2018,25/06/2025,02/01/2018,28/03/2024,Utilities,PCG US,,22.886670639,349.765,,10+,20+
US60646V1052,MCW,25/06/2021,28/06/2025,03/10/2022,28/03/2024,Consumer Discretionary,MCW US,,6.0103022,350.7858,,6–7,20+
US3695501086,GD,05/01/2018,27/06/2025,02/01/2018,28/03/2024,Industrials,GD US,,61.11991615,352.2254,,10+,20+
US67103H1077,ORLY,02/01/2018,30/06/2025,02/01/2018,28/03/2024,Consumer Discretionary,ORLY US,,21.194003754,354.4715,,10+,20+
US2786421030,EBAY,03/01/2018,30/06/2025,02/01/2018,28/03/2024,Consumer Discretionary,EBAY US,,40.96808015,355.8763,,10+,20+
US4062161017,HAL,02/01/2018,24/06/2025,02/01/2018,28/03/2024,Energy,HAL US,,43.286754198,359.2951,,10+,20+
US2946001011,ETRN,13/11/2018,22/07/2024,13/11/2018,28/03/2024,Energy,ETRN US,,5.311676569,359.4185,"ticker kept. WARNING: Equitrans merged into EQT Jul 2024 - if NaN, needs D-code | Start_Date shifted to first regular-way trading day (was 31/10/2018)",5–6,20+
US9831341071,WYNN,06/01/2018,26/06/2025,02/01/2018,28/03/2024,Consumer Discretionary,WYNN US,,16.906700498,360.7457,,10+,20+
US1255231003,CI,25/02/2019,30/06/2025,02/01/2018,28/03/2024,Health Care,CI US,,72.99265688,362.912,,10+,20+
US42809H1077,HES,05/01/2018,26/06/2025,02/01/2018,28/03/2024,Energy,HES US,,16.57404864,363.3354,,10+,20+
US7134481081,PEP,04/01/2018,28/06/2025,02/01/2018,28/03/2024,Consumer Staples,PEP US,,168.282,373.0613,,10+,20+
US0718131099,BAX,02/01/2018,24/06/2025,02/01/2018,28/03/2024,Health Care,BAX US,,36.596360268,374.618,,10+,20+
US15872M1045,CHX,04/06/2020,20/06/2025,02/01/2020,28/03/2024,Energy,CHX US,,2.247954285,374.9985,,2–2.5,20+
US1101221083,BMY,05/01/2018,27/06/2025,02/01/2018,28/03/2024,Health Care,BMY US,,101.295,377.9396,,10+,20+
US9129091081,X,04/01/2018,18/06/2025,02/01/2018,28/03/2024,Materials,X US,,6.627040352,378.6255,,6–7,20+
US5398301094,LMT,02/01/2018,30/06/2025,02/01/2018,28/03/2024,Industrials,LMT US,,91.336306016,378.8792,,10+,20+
US46817M1071,JXN,20/09/2021,16/06/2025,02/01/2024,28/03/2024,Financials,JXN US,,2.465519352,383.1482,Start_Date shifted to first regular-way trading day (was 09/09/2021),2–2.5,20+
US0758871091,BDX,03/01/2018,30/06/2025,02/01/2018,28/03/2024,Health Care,BDX US,,58.608693707,384.7855,,10+,20+
US0708301041,BBWI,03/08/2021,30/06/2025,01/06/2021,28/03/2024,Consumer Discretionary,BBWI US,,17.4734076,389.7995,,10+,20+
US65339F1012,NEE,06/01/2018,30/06/2025,02/01/2018,28/03/2024,Utilities,NEE US,,71.364017014,390.8253,,10+,20+
US0311621009,AMGN,05/01/2018,30/06/2025,02/01/2018,28/03/2024,Health Care,AMGN US,,131.136,398.4384,,10+,20+
US39874R1014,GO,20/06/2019,26/06/2025,02/01/2020,28/03/2024,Consumer Staples,GO US,,2.516913092,401.1887,Start_Date shifted to first regular-way trading day (was 10/06/2019),2.5–3,20+
US35671D8570,FCX,03/01/2018,27/06/2025,02/01/2018,28/03/2024,Materials,FCX US,,28.184590306,401.2215,,10+,20+
US15677J1088,CDAY,26/04/2018,30/06/2025,01/05/2020,30/01/2024,Information Technology,DAY US,,4.21031542,404.71,,4–5,20+
US0268747849,AIG,09/01/2018,17/06/2025,02/01/2018,28/03/2024,Financials,AIG US,,54.503906664,405.8668,,10+,20+
US2383371091,PLAY,08/01/2018,25/06/2025,02/01/2018,28/03/2024,Consumer Discretionary,PLAY US,,1.782005805,405.9856,,1.5–2,20+
US29260Y1091,EDR,29/04/2021,26/03/2025,02/01/2018,18/09/2018,Financials,EDR US,,6.394506829,406.5347,"ticker kept. WARNING: Endeavor taken private Mar 2025 - if NaN, needs D-code | Start_Date shifted to first regular-way trading day (was 27/04/2021)",6–7,20+
US83570H1086,SONO,02/08/2018,30/06/2025,31/03/2022,28/03/2024,Consumer Discretionary,SONO US,,1.958837764,407.1287,Start_Date shifted to first regular-way trading day (was 23/07/2018),1.5–2,20+
US6934751057,PNC,02/01/2018,23/06/2025,02/01/2018,28/03/2024,Financials,PNC US,,68.810352334,408.8096,,10+,20+
US87612E1064,TGT,03/01/2018,30/06/2025,02/01/2018,28/03/2024,Consumer Discretionary,TGT US,,36.511774833,409.7102,,10+,20+
US0533321024,AZO,02/01/2018,30/06/2025,02/01/2018,28/03/2024,Consumer Discretionary,AZO US,,20.146589668,411.7969,,10+,20+
US1491231015,CAT,01/01/2018,26/06/2025,02/01/2018,28/03/2024,Industrials,CAT US,,93.749633852,413.1972,,10+,20+
US7181721090,PM,09/01/2018,29/06/2025,02/01/2018,28/03/2024,Health Care,PM US,,162.915,413.3097,,10+,20+
US8552441094,SBUX,02/01/2018,30/06/2025,02/01/2018,28/03/2024,Consumer Discretionary,SBUX US,,81.995964,416.6072,,10+,20+
US00817Y1082,AET,03/01/2018,28/11/2018,02/01/2018,28/11/2018,Health Care,AET US,,59.28498,422.7564,,10+,20+
US7475251036,QCOM,01/01/2018,30/06/2025,02/01/2018,28/03/2024,Information Technology,QCOM US,,94.376020189,425.5623,,10+,20+
US1696561059,CMG,02/01/2018,30/06/2025,02/01/2018,28/03/2024,Consumer Discretionary,CMG US,,8.27085735,426.5972,,8–9,20+
US5270641096,LESL,29/10/2020,10/06/2025,03/10/2022,28/03/2024,Consumer Discretionary,LESL US,LESL US,4.0492851,449.7937,bb_tcm was blank; Leslie's Inc (from alt_bb_tcm) | Start_Date shifted to first regular-way trading day (was 28/10/2020),4–5,20+
US05550J1016,BJ,28/06/2018,20/06/2025,01/05/2020,28/03/2024,Consumer Discretionary,BJ US,,2.778772898,452.3371,Start_Date shifted to first regular-way trading day (was 26/06/2018),2.5–3,20+
US3665051054,GTX,01/10/2018,30/06/2025,02/10/2018,30/04/2020,Consumer Discretionary,GTX US,,1.362162968,452.5406,Start_Date shifted to first regular-way trading day (was 12/09/2018),1–1.5,20+
US89832Q1094,TFC,09/12/2019,26/06/2025,09/12/2019,28/03/2024,Financials,TFC US,,73.397862144,458.3803,,10+,20+
US00287Y1091,ABBV,07/01/2018,30/06/2025,02/01/2018,28/03/2024,Health Care,ABBV US,,161.415,462.5416,,10+,20+
US09062X1037,BIIB,02/01/2018,30/06/2025,02/01/2018,28/03/2024,Health Care,BIIB US,,70.669247703,470.6103,,10+,20+
US22160K1051,COST,02/01/2018,28/06/2025,02/01/2018,28/03/2024,Consumer Discretionary,COST US,,82.692417627,473.86,,10+,20+
US22052L1044,CTVA,03/06/2019,23/06/2025,03/06/2019,28/03/2024,Materials,CTVA US,,18.578099406,479.2856,Start_Date shifted to first regular-way trading day (was 25/05/2019),10+,20+
US90384S3031,ULTA,03/01/2018,30/06/2025,02/01/2018,28/03/2024,Consumer Discretionary,ULTA US,,14.950454147,479.4879,,10+,20+
US2546871060,DIS,01/01/2018,30/06/2025,02/01/2018,28/03/2024,Consumer Discretionary,DIS US,,162.374,489.3023,,10+,20+
US0200021014,ALL,02/01/2018,30/06/2025,02/01/2018,28/03/2024,Financials,ALL US,,36.6912,490.3227,,10+,20+
US20030N1019,CMCSA,01/01/2018,30/06/2025,02/01/2018,28/03/2024,Consumer Discretionary,CMCSA US,,187.185,490.6794,,10+,20+
US7170811035,PFE,03/01/2018,30/06/2025,02/01/2018,28/03/2024,Health Care,PFE US,,218.818,491.9553,,10+,20+
US9314271084,WBA,02/01/2018,30/06/2025,02/01/2018,28/03/2024,Consumer Staples,WBA US,,74.227162038,492.6325,,10+,20+
US3755581036,GILD,03/01/2018,30/06/2025,02/01/2018,28/03/2024,Health Care,GILD US,,97.526043241,494.2449,,10+,20+
US83601L1026,SHC,20/11/2020,24/06/2025,02/05/2022,28/03/2024,Health Care,SHC US,,6.961010058,495.1225,Start_Date shifted to first regular-way trading day (was 19/11/2020),6–7,20+
US5128071082,LRCX,03/01/2018,24/06/2025,02/01/2018,28/03/2024,Information Technology,LRCX US,,31.17465274,495.2887,was LARG IX -> Lam Research US line,10+,20+
US2855121099,EA,02/01/2018,30/06/2025,02/01/2018,28/03/2024,Information Technology,EA US,,33.702440831,500.3139,,10+,20+
US49271V1008,KDP,10/07/2018,27/06/2025,02/05/2022,28/03/2024,Consumer Staples,KDP US,,30.767209431,505.4014,,10+,20+
US7415034039,PCLN,10/01/2018,08/06/2018,02/01/2018,31/12/2018,Consumer Discretionary,BKNG US,,91.340970399,512.4876,was 2599840D US; Priceline renamed Booking Holdings (BKNG) Feb 2018,10+,20+
US0382221051,AMAT,02/01/2018,30/06/2025,02/01/2018,28/03/2024,Information Technology,AMAT US,,56.028311471,516.2021,,10+,20+
US02209S1033,MO,12/01/2018,28/06/2025,02/01/2018,28/03/2024,Consumer Staples,MO US,,132.829,517.6433,,10+,20+
US5486611073,LOW,05/01/2018,24/06/2025,02/01/2018,28/03/2024,Consumer Discretionary,LOW US,,78.61151896,521.1741,,10+,20+
US91324P1021,UNH,03/01/2018,30/06/2025,02/01/2018,28/03/2024,Health Care,UNH US,,216.567,537.887,,10+,20+
US70450Y1038,PYPL,02/01/2018,30/06/2025,02/01/2018,28/03/2024,Information Technology,PYPL US,,88.749057586,539.2541,,10+,20+
US0970231058,BA,01/01/2018,30/06/2025,02/01/2018,28/03/2024,Industrials,BA US,,175.642,539.315,,10+,20+
US8163073005,SLQT,21/05/2020,23/06/2025,01/06/2021,30/09/2022,Financials,SLQT US,,4.391566119,551.3757,Start_Date shifted to first regular-way trading day (was 20/05/2020),4–5,20+
US58933Y1055,MRK,02/01/2018,28/06/2025,02/01/2018,28/03/2024,Health Care,MRK US,,153.168,566.9028,,10+,20+
US9288811014,VNT,09/10/2020,24/06/2025,04/01/2021,28/03/2024,Information Technology,VNT US,,4.733925605,569.9046,Start_Date shifted to first regular-way trading day (was 22/09/2020),4–5,20+
US57636Q1040,MA,03/01/2018,30/06/2025,02/01/2018,28/03/2024,Information Technology,MA US,,162.844,571.2548,,10+,20+
US8825081040,TXN,05/01/2018,28/06/2025,02/01/2018,28/03/2024,Information Technology,TXN US,,107.544,571.6138,,10+,20+
US26078J1007,DWDP,03/01/2018,23/10/2020,02/01/2018,31/12/2018,Materials,DD US,,170.936,573.9595,"was DWDP US; DowDuPont renamed DuPont (DD) Jun 2019. NB: file also has a separate DD row (ISIN US26614N1028) - same Bloomberg lineage, different ISIN eras",10+,20+
US1912161007,KO,03/01/2018,28/06/2025,02/01/2018,28/03/2024,Consumer Staples,KO US,,193.605,574.3835,,10+,20+
US38141G1040,GS,02/01/2018,30/06/2025,02/01/2018,28/03/2024,Financials,GS US,,100.172,577.19,,10+,20+
US1510201049,CELG,03/01/2018,21/11/2019,02/01/2018,22/11/2019,Health Care,CELG US,,85.927769849,592.3073,,10+,20+
US50050N1037,KTB,23/05/2019,10/06/2025,01/05/2020,28/03/2024,Consumer Discretionary,KTB US,,2.186303151,592.3879,Start_Date shifted to first regular-way trading day (was 20/05/2019),2–2.5,20+
US0028241000,ABT,02/01/2018,26/06/2025,02/01/2018,28/03/2024,Health Care,ABT US,,102.33,594.24,,10+,20+
US9078181081,UNP,04/01/2018,26/06/2025,02/01/2018,28/03/2024,Industrials,UNP US,,106.898,597.4045,,10+,20+
US09260D1072,BX,30/09/2019,30/06/2025,02/01/2024,28/03/2024,Financials,BX US,,58.365814308,606.0673,,10+,20+
US12769G1004,CZR,17/09/2021,30/06/2025,02/01/2020,28/03/2024,Consumer Discretionary,CZR US,,22.638479687,621.5613,,10+,20+
US31428X1063,FDX,02/01/2018,28/06/2025,02/01/2018,28/03/2024,Industrials,FDX US,,69.008366885,628.7852,,10+,20+
US5801351017,MCD,02/01/2018,30/06/2025,02/01/2018,28/03/2024,Consumer Discretionary,MCD US,,138.088,640.7735,,10+,20+
US4592001014,IBM,02/01/2018,30/06/2025,02/01/2018,28/03/2024,Information Technology,IBM US,,142.803,648.1207,,10+,20+
US9130171096,UTX,03/01/2018,06/04/2020,02/01/2018,01/04/2020,Industrials,RTX US,,103.846,650.5192,was UTC LN; United Technologies -> Raytheon Techs (RTX) Apr 2020,10+,20+
US9113121068,UPS,02/01/2018,27/06/2025,02/01/2018,28/03/2024,Industrials,UPS US,,106.57,662.4225,,10+,20+
US15687V1098,CERT,11/12/2020,02/06/2025,03/04/2023,28/03/2024,Health Care,CERT US,,5.814121268,686.903,Start_Date shifted to first regular-way trading day (was 07/12/2020),5–6,20+
US7427181091,PG,02/01/2018,30/06/2025,02/01/2018,28/03/2024,Consumer Staples,PG US,,229.975,687.1307,,10+,20+
US88579Y1010,MMM,02/01/2018,26/06/2025,02/01/2018,28/03/2024,Industrials,MMM US,,140.349,687.9162,,10+,20+
US92826C8394,V,02/01/2018,30/06/2025,02/01/2018,28/03/2024,Information Technology,V US,,285.652,695.9829,,10+,20+
US11135F1012,AVGO,07/04/2018,30/06/2025,02/01/2018,28/03/2024,Information Technology,AVGO US,,94.00881024,699.3608,,10+,20+
US0846707026,BRKB,01/01/2018,30/06/2025,02/01/2018,28/03/2024,Financials,BRK/B US,,489.249,709.114,,10+,20+
US2441991054,DE,09/01/2018,26/06/2025,02/01/2018,28/03/2024,Industrials,DE US,,53.421733656,717.1771,,10+,20+
US2681501092,DT,01/08/2019,24/06/2025,03/10/2022,28/03/2024,Information Technology,DT US,,6.571579845,732.2808,Start_Date shifted to first regular-way trading day (was 22/07/2019),6–7,20+
US1667641005,CVX,03/01/2018,30/06/2025,02/01/2018,28/03/2024,Energy,CVX US,,244.089,744.391,,10+,20+
US17275R1023,CSCO,02/01/2018,30/06/2025,02/01/2018,28/03/2024,Information Technology,CSCO US,,192.109,780.2157,,10+,20+
US26622P1075,DOCS,24/06/2021,30/06/2025,03/07/2023,28/03/2024,Health Care,DOCS US,,9.44499856,781.3868,Start_Date shifted to first regular-way trading day (was 23/06/2021),9–10,20+
US76118Y1047,REZI,29/10/2018,03/06/2025,29/10/2018,28/03/2024,Industrials,REZI US,,3.17586,785.1884,Start_Date shifted to first regular-way trading day (was 15/10/2018),3–4,20+
US68622V1061,OGN,03/06/2021,30/06/2025,01/06/2021,28/03/2024,Health Care,OGN US,,9.365823875,804.2831,Start_Date shifted to first regular-way trading day (was 27/05/2021),9–10,20+
US9497461015,WFC,02/01/2018,30/06/2025,02/01/2018,28/03/2024,Financials,WFC US,,300.823,842.7606,,10+,20+
US00090Q1031,ADT,19/01/2018,23/06/2025,02/01/2019,30/04/2020,Industrials,ADT US,,9.279482793,850.5658,Start_Date shifted to first regular-way trading day (was 18/01/2018),9–10,20+
US92343V1044,VZ,02/01/2018,30/06/2025,02/01/2018,28/03/2024,Communication Services,VZ US,,218.372,855.8644,,10+,20+
US4370761029,HD,02/01/2018,30/06/2025,02/01/2018,28/03/2024,Consumer Discretionary,HD US,,219.572,885.4844,,10+,20+
US80589M1027,SCG,03/01/2018,02/01/2019,02/01/2018,31/12/2018,Utilities,SCG US,,6.795664503,907.4586,,6–7,20+
US75513E1010,RTX,03/04/2020,30/06/2025,03/04/2020,28/03/2024,Industrials,RTX US,,75.707309522,913.7487,,10+,20+
US98980F1049,ZI,04/06/2020,16/06/2025,03/07/2023,28/03/2024,Communication Services,GTM US,,13.008091824,931.4572,Start_Date shifted to first regular-way trading day (was 02/06/2020),10+,20+
US03755L1044,APY,09/05/2018,04/06/2020,09/05/2018,30/04/2020,Energy,CHX US,,3.162343,941.5752,"was APY US; Apergy renamed ChampionX (CHX) Jun 2020. WARNING: ChampionX acquired by SLB Jul 2025 - if NaN, needs D-code | Start_Date shifted to first regular-way trading day (was 02/05/2018)",3–4,20+
US4781601046,JNJ,02/01/2018,30/06/2025,02/01/2018,28/03/2024,Health Care,JNJ US,,374.044,952.4865,,10+,20+
US23345M1071,DTM,01/07/2021,03/06/2025,01/07/2021,28/03/2024,Energy,DTM US,,4.070211834,958.8011,Start_Date shifted to first regular-way trading day (was 28/06/2021),4–5,20+
US4385161066,HON,03/01/2018,30/06/2025,02/01/2018,28/03/2024,Industrials,HON US,,116.132,966.7295,was HON LN (London line) -> primary US listing,10+,20+
US16119P1084,CHTR,02/01/2018,26/06/2025,02/01/2018,28/03/2024,Consumer Discretionary,CHTR US,,96.205872619,970.2119,,10+,20+
US64110L1061,NFLX,01/01/2018,30/06/2025,02/01/2018,28/03/2024,Consumer Discretionary,NFLX US,,83.067067715,997.9523,,10+,20+
US92556V1061,VTRS,17/11/2020,26/06/2025,04/01/2021,28/03/2024,Information Technology,VTRS US,,19.862400123,1005.163,,10+,20+
US9311421039,WMT,02/01/2018,30/06/2025,02/01/2018,28/03/2024,Consumer Discretionary,WMT US,,292.061,1005.348,,10+,20+
US1266501006,CVS,04/01/2018,30/06/2025,02/01/2018,28/03/2024,Consumer Staples,CVS US,,76.10612089,1037.363,,10+,20+
US92556H2067,VIAC,04/12/2019,30/06/2025,05/12/2019,31/01/2022,Communication Services,PARA US,,15.331231024,1044.003,,10+,20+
US68902V1070,OTIS,03/04/2020,23/05/2025,03/04/2020,28/03/2024,Industrials,OTIS US,,20.493319811,1048.957,Start_Date shifted to first regular-way trading day (was 30/03/2020),10+,20+
US3696043013,GE,17/09/2021,30/06/2025,02/01/2018,28/03/2024,Industrials,GE US,,110.282,1078.896,,10+,20+
US14448C1045,CARR,03/04/2020,30/06/2025,03/04/2020,28/03/2024,Industrials,CARR US,,14.655408757,1082.692,Start_Date shifted to first regular-way trading day (was 20/03/2020),10+,20+
US4581401001,INTC,02/01/2018,30/06/2025,02/01/2018,28/03/2024,Information Technology,INTC US,,219.258,1092.786,,10+,20+
US25746U1097,D,03/01/2018,30/06/2025,02/01/2018,28/03/2024,Utilities,D US,,49.674062869,1124.987,,10+,20+
US1729674242,C,02/01/2018,30/06/2025,02/01/2018,28/03/2024,Financials,C US,,196.608,1176.473,,10+,20+
US68389X1054,ORCL,02/01/2018,30/06/2025,02/01/2018,28/03/2024,Information Technology,ORCL US,,193.03,1185.774,,10+,20+
US30231G1022,XOM,03/01/2018,30/06/2025,02/01/2018,28/03/2024,Energy,9666655D US,,367.357,1203.697,,10+,20+
US5024311095,LHX,01/07/2019,30/06/2025,01/07/2019,28/03/2024,Industrials,LHX US,,39.444568109,1209.132,,10+,20+
US00206R1023,T,02/01/2018,30/06/2025,02/01/2018,28/03/2024,Communication Services,T US,,236.597,1240.819,,10+,20+
US09857L1089,BKNG,27/02/2018,28/06/2025,02/01/2019,28/03/2024,Consumer Discretionary,BKNG US,,91.990250646,1270.578,,10+,20+
US50155Q1004,KD,04/11/2021,26/06/2025,01/12/2021,28/03/2024,Information Technology,KD US,,5.907014533,1272.857,Start_Date shifted to first regular-way trading day (was 01/11/2021),5–6,20+
US02079K1079,GOOG,02/01/2018,30/06/2025,02/01/2020,28/03/2024,Communication Services,GOOG US,,742.606,1313.425,,10+,20+
US88160R1014,TSLA,02/01/2018,30/06/2025,04/01/2021,28/03/2024,Consumer Discretionary,TSLA US,,53.87051551,1386.746,,10+,20+
US9264001028,VSCO,03/08/2021,30/06/2025,30/09/2021,28/03/2024,Consumer Discretionary,VSXY US,,5.332870287,1454.599,was VSXY US (when-issued code); Victoria's Secret & Co primary ticker is VSCO | Start_Date shifted to first regular-way trading day (was 27/07/2021),5–6,20+
US46625H1005,JPM,02/01/2018,30/06/2025,02/01/2018,28/03/2024,Financials,JPM US,,374.557,1458.987,,10+,20+
US5949181045,MSFT,01/01/2018,30/06/2025,02/01/2018,28/03/2024,Information Technology,MSFT US,,659.906,1603.827,,10+,20+
US26210C1045,DBX,23/03/2018,30/06/2025,03/07/2023,28/03/2024,Information Technology,DBX US,,11.161393396,1670.129,Start_Date shifted to first regular-way trading day (was 21/03/2018),10+,20+
US0605051046,BAC,02/01/2018,30/06/2025,02/01/2018,28/03/2024,Financials,BAC US,,311.875,1698.171,,10+,20+
US02079K3059,GOOGL,02/01/2018,30/06/2025,02/01/2018,28/03/2024,Information Technology,GOOGL US,,742.606,1700.26,,10+,20+
US9344231041,WBD,11/04/2022,30/06/2025,31/03/2022,28/03/2024,Communication Services,WBD US,,59.361773802,1718.153,,10+,20+
US67066G1040,NVDA,02/01/2018,30/06/2025,02/01/2018,28/03/2024,Information Technology,NVDA US,,120.806,1758.335,,10+,20+
US30303M1027,FB,01/01/2018,30/06/2025,02/01/2018,29/04/2022,Information Technology,META US,,512.759,1818.768,,10+,20+
US5951121038,MU,01/01/2018,30/06/2025,02/01/2018,28/03/2024,Information Technology,MU US,,47.547671649,1842.2,,10+,20+
US92338C1036,VLTO,02/10/2023,04/06/2025,02/01/2024,28/03/2024,Industrials,VLTO US,,20.94951062,1966.397,Start_Date shifted to first regular-way trading day (was 28/09/2023),10+,20+
US36266G1076,GEHC,04/01/2023,26/06/2025,01/02/2023,28/03/2024,Health Care,GEHC US,,27.505408142,1990.367,,10+,20+
US49177J1025,KVUE,04/05/2023,24/06/2025,02/01/2024,28/03/2024,Consumer Staples,KVUE US,,50.813361864,2004.58,Start_Date shifted to first regular-way trading day (was 03/05/2023),10+,20+
US21036P1084,STZ,05/01/2018,30/06/2025,02/01/2018,28/03/2024,Consumer Staples,STZ US,,42.843796215,2235.907,,10+,20+
US5327711025,LIN,31/10/2018,20/12/2019,26/10/2018,28/03/2024,Consumer Discretionary,LIN US,,91.182999532,2973.574,"was 1667565D US; Praxair/Linde merger Oct 2018 -> Linde plc (LIN, new ISIN IE00BZ12WP82); LIN US first traded 31/10/2018",10+,20+
US0231351067,AMZN,02/01/2018,30/06/2025,02/01/2018,28/03/2024,Consumer Discretionary,AMZN US,,572.951,3191.972,,10+,20+
US0378331005,AAPL,02/01/2018,30/06/2025,02/01/2018,28/03/2024,Information Technology,AAPL US,,876.296,4377.447,,,20+
US90353T1007,UBER,10/05/2019,28/06/2025,02/01/2024,28/03/2024,Industrials,UBER US,,69.711186503,8013.656,Start_Date shifted to first regular-way trading day (was 26/04/2019),10+,20+
US57667L1070,MTCH,17/09/2021,28/06/2025,30/09/2021,28/03/2024,Communication Services,MTCH US,,43.498037641,8543.152,,10+,20+
US0090661010,ABNB,10/12/2020,30/06/2025,02/01/2024,28/03/2024,Consumer Discretionary,ABNB US,,86.456774027,10549.41,Start_Date shifted to first regular-way trading day (was 08/12/2020),10+,
