ISIN,Ticker,Start_Date,End_Date,min_date,max_date,Sector
US0970231058,BA,2018-01-01,2025-06-30,2018-01-02,2024-03-28,Industrials
US6708371033,OGE,2018-01-11,2025-06-30,2018-01-02,2024-03-28,Utilities
US4878361082,K,2018-01-11,2025-06-30,2018-01-02,2024-03-28,Consumer Staples
US8923561067,TSCO,2018-01-11,2025-06-30,2018-01-02,2024-03-28,Consumer Discretionary
US74624M1027,PSTG,2018-01-11,2025-06-30,2024-01-02,2024-03-28,Information Technology
US91529Y1064,UNM,2018-01-10,2025-06-30,2018-01-02,2024-03-28,Financials
US65341D1028,NXRT,2018-01-10,2025-06-30,2020-05-01,2024-03-28,Real Estate
US6795801009,ODFL,2018-01-10,2025-06-30,2018-01-02,2024-03-28,Industrials
US6680743050,NWE,2018-01-10,2025-06-30,2018-01-02,2024-03-28,Utilities
US6081901042,MHK,2018-01-10,2025-06-30,2018-01-02,2024-03-28,Consumer Discretionary
US78781P1057,SAIL,2018-01-10,2025-06-30,2020-01-02,2022-07-29,Information Technology
US4456581077,JBHT,2018-01-10,2025-06-30,2018-01-02,2024-03-28,Industrials
US16208T1025,CLDT,2018-01-10,2025-06-30,2018-01-02,2024-03-28,Real Estate
US0240611030,AXL,2018-01-11,2025-06-30,2018-01-02,2024-03-28,Consumer Discretionary
US3794631024,GWR,2018-01-16,2025-06-30,2018-01-02,2019-12-26,Industrials
US62945V1098,NVEE,2018-01-16,2025-06-30,2021-12-01,2024-03-28,Industrials
US4464131063,HII,2018-01-16,2025-06-30,2018-01-02,2024-03-28,Industrials
US5949724083,MSTR,2018-01-15,2025-06-30,2018-01-02,2021-09-29,Information Technology
US4415931009,HLI,2018-01-15,2025-06-30,2024-01-02,2024-03-28,Financials
US4042511000,HNI,2018-01-12,2025-06-30,2018-01-02,2024-03-28,Industrials
US16359R1032,CHE,2018-01-12,2025-06-30,2018-01-02,2024-03-28,Health Care
US91879Q1094,MTN,2018-01-12,2025-06-30,2024-01-02,2024-03-28,Consumer Discretionary
US88677Q1094,TTS,2018-01-11,2025-06-30,2018-01-02,2018-12-31,Consumer Discretionary
US6658591044,NTRS,2018-01-11,2025-06-30,2018-01-02,2024-03-28,Financials
US1941621039,CL,2018-01-11,2025-06-30,2018-01-02,2024-03-28,Consumer Staples
US9113631090,URI,2018-01-11,2025-06-30,2018-01-02,2024-03-28,Consumer Discretionary
US7244791007,PBI,2018-01-11,2025-06-30,2018-01-02,2024-03-28,Industrials
US0044981019,ACIW,2018-01-10,2025-06-30,2018-01-02,2024-03-28,Information Technology
US74460D1090,PSA,2018-01-09,2025-06-30,2018-01-02,2024-03-28,Financials
US40637H1095,HALO,2018-01-09,2025-06-30,2021-01-04,2024-03-28,Health Care
US08915P1012,BGFV,2018-01-08,2025-06-30,2018-01-02,2020-04-30,Consumer Discretionary
US6806652052,OLN,2018-01-08,2025-06-30,2018-01-02,2024-03-28,Materials
US98986M1036,ZYXI,2018-01-08,2025-06-30,2020-01-02,2024-01-31,Health Care
US2910111044,EMR,2018-01-08,2025-06-30,2018-01-02,2024-03-28,Industrials
US8678921011,SHO,2018-01-08,2025-06-30,2022-08-01,2024-03-28,Real Estate
US74051N1028,PINC,2018-01-08,2025-06-30,2024-01-02,2024-03-28,Health Care
US1170431092,BC,2018-01-08,2025-06-30,2018-01-02,2024-03-28,Consumer Discretionary
US2270461096,CROX,2018-01-08,2025-06-30,2018-01-02,2024-03-28,Consumer Discretionary
US00287Y1091,ABBV,2018-01-07,2025-06-30,2018-01-02,2024-03-28,Health Care
US7782961038,ROST,2018-01-07,2025-06-30,2018-01-02,2024-03-28,Consumer Discretionary
US12541W2098,CHRW,2018-01-08,2025-06-30,2018-01-02,2024-03-28,Industrials
US4165151048,HIG,2018-01-08,2025-06-30,2018-01-02,2024-03-28,Financials
US78454L1008,SM,2018-01-09,2025-06-30,2018-01-02,2024-03-28,Energy
US23331A1097,DHI,2018-01-09,2025-06-30,2018-01-02,2024-03-28,Consumer Discretionary
US13100M5094,CALX,2018-01-09,2025-06-30,2022-01-03,2024-03-28,Information Technology
US84470P1093,SBSI,2018-01-09,2025-06-30,2018-01-02,2024-03-28,Financials
US0905722072,BIO,2018-01-09,2025-06-30,2018-01-02,2024-03-28,Health Care
US2537981027,DGII,2018-01-09,2025-06-30,2018-01-02,2024-03-28,Information Technology
US4663131039,JBL,2018-01-09,2025-06-30,2018-01-02,2024-03-28,Information Technology
US7802871084,RGLD,2018-01-09,2025-06-30,2018-01-02,2024-03-28,Materials
US29977A1051,EVR,2018-01-09,2025-06-30,2018-01-02,2024-03-28,Financials
US88554D2053,DDD,2018-01-09,2025-06-30,2018-01-02,2024-03-28,Information Technology
US15118V2079,CELH,2018-01-09,2025-06-30,2021-01-04,2024-03-28,Consumer Staples
US03852U1060,ARMK,2018-01-09,2025-06-30,2023-04-03,2024-03-28,Consumer Discretionary
US1011211018,BXP,2018-01-09,2025-06-30,2018-01-02,2024-03-28,Financials
US30226D1063,EXTR,2018-01-09,2025-06-30,2018-02-01,2024-03-28,Information Technology
US0678061096,B,2018-01-08,2025-06-30,2018-01-02,2024-03-28,Industrials
US1972361026,COLB,2018-01-08,2025-06-30,2018-01-02,2024-03-28,Financials
US37940X1028,GPN,2018-01-08,2025-06-30,2018-01-02,2024-03-28,Industrials
US86800U1043,SMCI,2018-01-20,2025-06-30,2018-01-02,2024-03-28,Information Technology
US9818111026,WOR,2018-01-22,2025-06-30,2018-01-02,2024-03-28,Materials
US6200711009,MPAA,2018-01-22,2025-06-30,2018-01-02,2023-03-31,Consumer Discretionary
US5966801087,MSEX,2018-01-22,2025-06-30,2021-06-01,2024-03-28,Utilities
US3793782018,GNL,2018-01-22,2025-06-30,2018-03-09,2024-03-28,Real Estate
US3138551086,FSS,2018-01-22,2025-06-30,2018-01-02,2024-03-28,Consumer Discretionary
US1416651099,CECO,2018-01-22,2025-06-30,2018-01-02,2020-01-09,Consumer Discretionary
US1252691001,CF,2018-01-22,2025-06-30,2018-01-02,2024-03-28,Financials
US9780971035,WWW,2018-01-21,2025-06-30,2018-01-02,2024-03-28,Consumer Discretionary
US6496045013,NYMT,2018-01-21,2025-06-30,2018-03-07,2024-03-28,Financials
US5463471053,LPX,2018-01-21,2025-06-30,2018-01-02,2024-03-28,Materials
US3021301094,EXPD,2018-01-21,2025-06-30,2018-01-02,2024-03-28,Industrials
US00751Y1064,AAP,2018-01-21,2025-06-30,2018-01-02,2024-03-28,Consumer Discretionary
US9553061055,WST,2018-01-20,2025-06-30,2018-01-02,2024-03-28,Health Care
US4161962026,HHS,2018-02-02,2025-06-30,2019-01-02,2020-04-30,Consumer Discretionary
US1999081045,FIX,2018-01-23,2025-06-30,2018-01-02,2024-03-28,Industrials
US95082P1057,WCC,2018-01-23,2025-06-30,2023-07-03,2024-03-28,Industrials
US8448951025,SWX,2018-01-23,2025-06-30,2018-01-02,2024-03-28,Utilities
US8248891090,SCVL,2018-01-23,2025-06-30,2018-01-02,2024-03-28,Consumer Discretionary
US6359061008,NHC,2018-01-23,2025-06-30,2024-01-02,2024-03-28,Health Care
US3462321015,FOR,2018-01-23,2025-06-30,2019-01-02,2020-04-30,Financials
US86771W1053,RUN,2018-01-20,2025-06-30,2020-05-01,2024-03-28,Energy
US5138471033,LANC,2018-01-16,2025-06-30,2018-01-02,2024-03-28,Consumer Discretionary
US81768T1088,SFBS,2018-01-20,2025-06-30,2018-01-02,2024-03-28,Financials
US55354G1004,MSCI,2018-01-19,2025-06-30,2018-01-02,2024-03-28,Financials
US70438V1061,PCTY,2018-01-18,2025-06-30,2020-05-01,2024-03-28,Information Technology
US29357K1034,ENVA,2018-01-18,2025-06-30,2018-01-02,2024-03-28,Financials
US1638511089,CC,2018-01-18,2025-06-30,2018-01-02,2024-03-28,Consumer Discretionary
US8676524064,SPWR,2018-01-18,2025-06-30,2021-09-30,2024-03-28,Information Technology
US9139151040,UTI,2018-01-17,2025-06-30,2019-01-02,2020-04-30,Consumer Discretionary
US9027881088,UMBF,2018-01-17,2025-06-30,2018-01-02,2024-03-28,Financials
US2566771059,DG,2018-01-17,2025-06-30,2018-01-02,2024-03-28,Consumer Discretionary
US50189K1034,LCII,2018-01-17,2025-06-30,2018-01-02,2024-03-28,Consumer Discretionary
US48203R1041,JNPR,2018-01-17,2025-06-30,2018-01-02,2024-03-28,Information Technology
US7549071030,RYN,2018-01-16,2025-06-30,2018-01-02,2024-03-28,Financials
US4830077040,KALU,2018-01-16,2025-06-30,2018-01-02,2024-03-28,Materials
US1565043007,CCS,2018-01-19,2025-06-30,2020-05-01,2024-03-28,Consumer Discretionary
US7841171033,SEIC,2018-01-20,2025-06-30,2018-01-02,2024-03-28,Financials
US6267171022,MUR,2018-01-20,2025-06-30,2018-01-02,2024-03-28,Energy
US22410J1060,CBRL,2018-01-20,2025-06-30,2018-01-02,2024-03-28,Consumer Discretionary
US0320951017,APH,2018-01-20,2025-06-30,2018-01-02,2024-03-28,Information Technology
US64049M2098,NEO,2018-01-20,2025-06-30,2019-01-02,2024-03-28,Health Care
US9746371007,WGO,2018-01-19,2025-06-30,2018-01-02,2024-03-28,Consumer Discretionary
US3693001089,BGC,2018-01-19,2025-06-30,2018-01-02,2018-06-05,Industrials
US29355A1079,ENPH,2018-01-19,2025-06-30,2020-05-01,2024-03-28,Information Technology
US65339F1012,NEE,2018-01-06,2025-06-30,2018-01-02,2024-03-28,Utilities
US55024U1097,LITE,2018-01-06,2025-06-30,2018-01-02,2024-03-28,Information Technology
US05464C1018,AAXN,2018-01-03,2025-06-30,2018-01-02,2020-12-31,Industrials
US5926881054,MTD,2018-01-03,2025-06-30,2018-01-02,2024-03-28,Health Care
US29786A1060,ETSY,2018-01-03,2025-06-30,2020-05-01,2024-03-28,Consumer Discretionary
US0084921008,ADC,2018-01-03,2025-06-30,2018-01-02,2024-03-28,Financials
US9898171015,ZUMZ,2018-01-03,2025-06-30,2018-01-02,2023-06-30,Consumer Discretionary
US7443201022,PRU,2018-01-03,2025-06-30,2018-01-02,2024-03-28,Financials
US87162W1009,SNX,2018-01-03,2025-06-30,2018-01-02,2024-03-28,Information Technology
US9598021098,WU,2018-01-03,2025-06-30,2018-01-02,2024-03-28,Information Technology
US1423391002,CSL,2018-01-03,2025-06-30,2018-01-02,2024-03-28,Industrials
US8243481061,SHW,2018-01-03,2025-06-30,2018-01-02,2024-03-28,Consumer Discretionary
US7433121008,PRGS,2018-01-03,2025-06-30,2018-01-02,2024-03-28,Information Technology
US5184391044,EL,2018-01-03,2025-06-30,2018-01-02,2024-03-28,Consumer Staples
US0116591092,ALK,2018-01-03,2025-06-30,2018-01-02,2024-03-28,Industrials
US25278X1090,FANG,2018-01-03,2025-06-30,2018-12-03,2024-03-28,Energy
US57636Q1040,MA,2018-01-03,2025-06-30,2018-01-02,2024-03-28,Information Technology
US89531P1057,TREX,2018-01-03,2025-06-30,2018-01-02,2024-03-28,Industrials
US4385161066,HON,2018-01-03,2025-06-30,2018-01-02,2024-03-28,Industrials
US2774321002,EMN,2018-01-03,2025-06-30,2018-01-02,2024-03-28,Materials
US09247X1019,BLK,2018-01-03,2025-06-30,2018-01-02,2024-03-28,Financials
US78409V1044,SPGI,2018-01-03,2025-06-30,2018-01-02,2024-03-28,Consumer Discretionary
US8545021011,SWK,2018-01-03,2025-06-30,2018-01-02,2024-03-28,Consumer Discretionary
US7391281067,POWL,2018-01-03,2025-06-30,2018-01-02,2024-03-28,Industrials
US8574771031,STT,2018-01-03,2025-06-30,2018-01-02,2024-03-28,Financials
US33829M1018,FIVE,2018-01-03,2025-06-30,2018-01-02,2024-03-28,Consumer Discretionary
US76122Q1058,RECN,2018-01-03,2025-06-30,2018-01-02,2020-04-06,Industrials
US2829141009,EGHT,2018-01-03,2025-06-30,2018-01-02,2024-01-31,Information Technology
US89417E1091,TRV,2018-01-03,2025-06-30,2018-01-02,2024-03-28,Financials
US08160H1014,BHE,2018-01-03,2025-06-30,2018-01-02,2024-03-28,Industrials
US9741551033,WING,2018-01-03,2025-06-30,2018-01-02,2024-03-28,Consumer Discretionary
US29476L1070,EQR,2018-01-03,2025-06-30,2018-01-02,2024-03-28,Financials
US3746891072,ROCK,2018-01-03,2025-06-30,2018-01-02,2024-03-28,Industrials
US4771431016,JBLU,2018-01-03,2025-06-30,2018-01-02,2024-03-28,Industrials
US0383361039,ATR,2018-01-03,2025-06-30,2018-01-02,2024-03-28,Industrials
US57060D1081,MKTX,2018-01-03,2025-06-30,2018-01-02,2024-03-28,Financials
US9100471096,UAL,2018-01-03,2025-06-30,2018-01-02,2024-03-28,Industrials
US9107101027,UIHC,2018-01-03,2025-06-30,2018-01-02,2021-09-29,Financials
US8716071076,SNPS,2018-01-03,2025-06-30,2018-01-02,2024-03-28,Information Technology
US1924461023,CTSH,2018-01-03,2025-06-30,2018-01-02,2024-03-28,Information Technology
US98956P1021,ZBH,2018-01-03,2025-06-30,2018-01-02,2024-03-28,Health Care
US49338L1035,KEYS,2018-01-03,2025-06-30,2018-01-02,2024-03-28,Information Technology
US03662Q1058,ANSS,2018-01-03,2025-06-30,2018-01-02,2024-03-28,Information Technology
US3202091092,FFBC,2018-01-03,2025-06-30,2018-01-02,2024-03-28,Financials
US44980X1090,IPGP,2018-01-03,2025-06-30,2018-01-02,2024-03-28,Information Technology
US5006001011,KOPN,2018-01-03,2025-06-30,2018-01-02,2020-04-30,Information Technology
US3755581036,GILD,2018-01-03,2025-06-30,2018-01-02,2024-03-28,Health Care
US6932821050,PDFS,2018-01-03,2025-06-30,2018-01-02,2024-03-28,Information Technology
US0091581068,APD,2018-01-03,2025-06-30,2018-01-02,2024-03-28,Materials
US91307C1027,UTHR,2018-01-03,2025-06-30,2018-01-02,2024-03-28,Health Care
US9633201069,WHR,2018-01-03,2025-06-30,2018-01-02,2024-03-28,Consumer Discretionary
US87612E1064,TGT,2018-01-03,2025-06-30,2018-01-02,2024-03-28,Consumer Discretionary
US5184151042,LSCC,2018-01-03,2025-06-30,2021-03-01,2024-03-28,Information Technology
US30231G1022,XOM,2018-01-03,2025-06-30,2018-01-02,2024-03-28,Energy
US7561091049,O,2018-01-03,2025-06-30,2018-01-02,2024-03-28,Financials
US1667641005,CVX,2018-01-03,2025-06-30,2018-01-02,2024-03-28,Energy
US02376R1023,AAL,2018-01-02,2025-06-30,2018-01-02,2024-03-28,Industrials
US2987361092,EEFT,2018-01-02,2025-06-30,2022-02-01,2024-03-28,Information Technology
US8168501018,SMTC,2018-01-02,2025-06-30,2018-01-02,2024-03-28,Information Technology
US6826801036,OKE,2018-01-02,2025-06-30,2018-01-02,2024-03-28,Utilities
US7075691094,PENN,2018-01-02,2025-06-30,2018-01-02,2024-03-28,Consumer Discretionary
US8326964058,SJM,2018-01-02,2025-06-30,2018-01-02,2024-03-28,Consumer Staples
US8447411088,LUV,2018-01-02,2025-06-30,2018-01-02,2024-03-28,Industrials
US1508701034,CE,2018-01-02,2025-06-30,2018-12-24,2024-03-28,Industrials
US40434L1052,HPQ,2018-01-02,2025-06-30,2018-01-02,2024-03-28,Information Technology
US8962391004,TRMB,2018-01-03,2025-06-30,2018-01-02,2024-03-28,Information Technology
US87612G1013,TRGP,2018-01-03,2025-06-30,2021-06-01,2024-03-28,Energy
US90384S3031,ULTA,2018-01-03,2025-06-30,2018-01-02,2024-03-28,Consumer Discretionary
US0758871091,BDX,2018-01-03,2025-06-30,2018-01-02,2024-03-28,Health Care
US26875P1012,EOG,2018-01-03,2025-06-30,2018-01-02,2024-03-28,Energy
US92840M1027,VST,2018-01-03,2025-06-30,2024-01-02,2024-03-28,Utilities
US0080731088,AVAV,2018-01-03,2025-06-30,2018-01-02,2024-03-28,Industrials
US53220K5048,LGND,2018-01-03,2025-06-30,2018-01-02,2024-03-28,Health Care
US7496851038,RPM,2018-01-03,2025-06-30,2018-01-02,2024-03-28,Materials
US56585A1025,MPC,2018-01-03,2025-06-30,2018-01-02,2024-03-28,Energy
US91324P1021,UNH,2018-01-03,2025-06-30,2018-01-02,2024-03-28,Health Care
US5535301064,MSM,2018-01-03,2025-06-30,2018-01-02,2024-03-28,Industrials
US1011371077,BSX,2018-01-03,2025-06-30,2018-01-02,2024-03-28,Health Care
US2533931026,DKS,2018-01-03,2025-06-30,2018-01-02,2024-03-28,Consumer Discretionary
US2786421030,EBAY,2018-01-03,2025-06-30,2018-01-02,2024-03-28,Consumer Discretionary
US9047081040,UNF,2018-01-03,2025-06-30,2018-01-02,2024-03-28,Consumer Discretionary
US2944291051,EFX,2018-01-03,2025-06-30,2018-01-02,2024-03-28,Industrials
US7170811035,PFE,2018-01-03,2025-06-30,2018-01-02,2024-03-28,Health Care
US25746U1097,D,2018-01-03,2025-06-30,2018-01-02,2024-03-28,Utilities
US6177001095,MORN,2018-01-03,2025-06-30,2024-01-02,2024-03-28,Financials
US3703341046,GIS,2018-01-03,2025-06-30,2018-01-02,2024-03-28,Consumer Staples
US40412C1018,HCA,2018-01-03,2025-06-30,2018-01-02,2024-03-28,Health Care
US8354951027,SON,2018-01-03,2025-06-30,2018-01-02,2024-03-28,Materials
US4440971095,HPP,2018-01-03,2025-06-30,2020-05-01,2024-03-28,Real Estate
US7194051022,PLAB,2018-01-05,2025-06-30,2018-01-02,2024-03-28,Information Technology
US21870Q1058,COR,2018-01-05,2025-06-30,2018-01-02,2024-03-28,Financials
US74758T3032,QLYS,2018-01-04,2025-06-30,2018-01-02,2024-03-28,Information Technology
US6293775085,NRG,2018-01-04,2025-06-30,2018-01-02,2024-03-28,Utilities
US48020Q1076,JLL,2018-01-04,2025-06-30,2018-01-02,2024-03-28,Financials
US88830M1027,TWI,2018-01-04,2025-06-30,2018-01-02,2024-03-28,Industrials
US4278661081,HSY,2018-01-04,2025-06-30,2018-01-02,2024-03-28,Consumer Staples
US69888T2078,PARR,2018-01-04,2025-06-30,2018-01-02,2024-03-28,Energy
US8718291078,SYY,2018-01-04,2025-06-30,2018-01-02,2024-03-28,Consumer Staples
US2567461080,DLTR,2018-01-04,2025-06-30,2018-01-02,2024-03-28,Consumer Discretionary
US34959J1088,FTV,2018-01-04,2025-06-30,2018-01-02,2024-03-28,Industrials
US93148P1021,WD,2018-01-04,2025-06-30,2018-01-02,2024-03-28,Financials
US0079731008,AEIS,2018-01-04,2025-06-30,2018-01-02,2024-03-28,Industrials
US9858171054,YELP,2018-01-04,2025-06-30,2018-12-12,2024-03-28,Communication Services
US8894781033,TOL,2018-01-05,2025-06-30,2018-01-02,2024-03-28,Consumer Discretionary
US88033G4073,THC,2018-01-06,2025-06-30,2018-01-02,2024-03-28,Health Care
US5663301068,MCS,2018-01-05,2025-06-30,2018-01-02,2024-03-28,Consumer Discretionary
US87305R1095,TTMI,2018-01-05,2025-06-30,2018-01-02,2024-03-28,Information Technology
US3364331070,FSLR,2018-01-05,2025-06-30,2018-01-02,2024-03-28,Industrials
US6710441055,OSIS,2018-01-05,2025-06-30,2018-01-02,2024-03-28,Information Technology
US42824C1099,HPE,2018-01-05,2025-06-30,2018-01-02,2024-03-28,Information Technology
US29084Q1004,EME,2018-01-05,2025-06-30,2018-01-02,2024-03-28,Industrials
US25659T1079,DLB,2018-01-05,2025-06-30,2024-01-02,2024-03-28,Information Technology
US0528001094,ALV,2018-01-05,2025-06-30,2023-04-03,2024-03-28,Consumer Discretionary
US0311621009,AMGN,2018-01-05,2025-06-30,2018-01-02,2024-03-28,Health Care
US1033041013,BYD,2018-01-05,2025-06-30,2018-01-02,2024-03-28,Consumer Discretionary
US9694571004,WMB,2018-01-05,2025-06-30,2018-01-02,2024-03-28,Utilities
US58463J3041,MPW,2018-01-05,2025-06-30,2018-01-02,2024-03-28,Financials
US1270551013,CBT,2018-01-05,2025-06-30,2018-01-02,2024-03-28,Materials
US55405Y1001,MTSI,2018-01-05,2025-06-30,2022-08-01,2024-03-28,Information Technology
US14149Y1082,CAH,2018-01-05,2025-06-30,2018-01-02,2024-03-28,Health Care
US21036P1084,STZ,2018-01-05,2025-06-30,2018-01-02,2024-03-28,Consumer Staples
US83417M1045,SEDG,2018-01-04,2025-06-30,2018-01-02,2024-03-28,Information Technology
US0404131064,ANET,2018-01-03,2025-06-30,2018-08-28,2024-03-28,Information Technology
US36237H1014,GIII,2018-01-04,2025-06-30,2018-01-02,2024-03-28,Consumer Discretionary
US14575E1055,CARS,2018-01-04,2025-06-30,2018-01-02,2024-03-28,Consumer Discretionary
US30161Q1040,EXEL,2018-01-04,2025-06-30,2018-07-02,2024-03-28,Health Care
US3936571013,GBX,2018-01-04,2025-06-30,2018-01-02,2024-03-28,Industrials
US3024913036,FMC,2018-01-04,2025-06-30,2018-01-02,2024-03-28,Materials
US0234361089,AMED,2018-01-04,2025-06-30,2018-01-02,2024-03-28,Health Care
US25754A2015,DPZ,2018-01-04,2025-06-30,2018-01-02,2024-03-28,Consumer Discretionary
US1258961002,CMS,2018-01-04,2025-06-30,2018-01-02,2024-03-28,Utilities
US8793601050,TDY,2018-01-04,2025-06-30,2018-01-02,2024-03-28,Industrials
US1266501006,CVS,2018-01-04,2025-06-30,2018-01-02,2024-03-28,Consumer Staples
US9837931008,XPO,2018-01-04,2025-06-30,2019-01-02,2024-03-28,Industrials
US4824801009,KLAC,2018-01-04,2025-06-30,2018-01-02,2024-03-28,Information Technology
US9111631035,UNFI,2018-01-03,2025-06-30,2018-01-02,2024-03-28,Consumer Staples
US5132721045,LW,2018-01-04,2025-06-30,2018-01-02,2024-03-28,Consumer Staples
US7240781002,PJC,2018-01-04,2025-06-30,2018-01-02,2020-01-09,Financials
US00130H1059,AES,2018-01-04,2025-06-30,2018-01-02,2024-03-28,Utilities
US36251C1036,GMS,2018-01-04,2025-06-30,2020-05-01,2024-03-28,Industrials
US9682232064,JWA,2018-01-04,2025-06-30,2018-01-02,2022-03-30,Consumer Discretionary
US6402681083,NKTR,2018-01-04,2025-06-30,2018-01-02,2023-03-31,Health Care
US9216591084,VNDA,2018-01-04,2025-06-30,2018-10-01,2024-01-31,Health Care
US17243V1026,CNK,2018-01-04,2025-06-30,2018-01-02,2024-03-28,Consumer Discretionary
US31620M1062,FIS,2018-01-04,2025-06-30,2018-01-02,2024-03-28,Information Technology
US5218652049,LEA,2018-01-04,2025-06-30,2020-05-01,2024-03-28,Consumer Discretionary
US0126531013,ALB,2018-01-04,2025-06-30,2018-01-02,2024-03-28,Materials
US9699041011,WSM,2018-01-04,2025-06-30,2018-01-02,2024-03-28,Consumer Discretionary
US5962781010,MIDD,2018-01-04,2025-06-30,2020-01-02,2024-03-28,Industrials
US4485791028,H,2018-01-04,2025-06-30,2024-01-02,2024-03-28,Consumer Discretionary
US7010941042,PH,2018-01-04,2025-06-30,2018-01-02,2024-03-28,Industrials
US2283681060,CCK,2018-01-04,2025-06-30,2023-07-03,2024-03-28,Materials
US7502361014,RDN,2018-01-04,2025-06-30,2023-04-03,2024-03-28,Financials
US2371941053,DRI,2018-01-04,2025-06-30,2018-01-02,2024-03-28,Consumer Discretionary
US06652V2088,BANR,2018-01-04,2025-06-30,2018-01-02,2024-03-28,Financials
US9344231041,WBD,2022-04-11,2025-06-30,2022-03-31,2024-03-28,Communication Services
US07831C1036,BRBR,2022-08-04,2025-06-30,2022-03-31,2024-03-28,Consumer Staples
US00486H1059,ADTN,2022-07-26,2025-06-30,2018-01-02,2024-03-28,Information Technology
US5362621089,LION,2022-07-26,2025-06-30,2018-01-02,2018-12-31,Financials
US2244411052,CR,2022-07-25,2025-06-30,2018-01-02,2024-03-28,Industrials
US17888H1032,CIVI,2022-07-25,2025-06-30,2021-09-30,2024-03-28,Energy
US29452E1010,EQH,2021-09-21,2025-06-30,2024-01-02,2024-03-28,Financials
US12769G1004,CZR,2021-09-17,2025-06-30,2020-01-02,2024-03-28,Consumer Discretionary
US3696043013,GE,2021-09-17,2025-06-30,2018-01-02,2024-03-28,Industrials
US03835L2079,APVO,2021-10-19,2025-06-30,2019-01-02,2020-04-30,Health Care
US9778521024,WOLF,2021-10-04,2025-06-30,2021-09-30,2024-03-28,Information Technology
US25862V1052,DV,2021-09-28,2025-06-30,2023-02-01,2024-03-28,Information Technology
US34965K1079,FTRE,2023-07-03,2025-06-30,2023-07-03,2024-03-28,Health Care
US78440X8873,SLG,2022-08-16,2025-06-30,2018-01-02,2024-03-28,Financials
US63001N1063,NATL,2024-01-29,2025-06-30,2024-01-02,2024-03-28,Financials
US29430C1027,VSTS,2023-09-28,2025-06-30,2024-01-02,2024-03-28,Industrials
US5024311095,LHX,2019-07-01,2025-06-30,2019-07-01,2024-03-28,Industrials
US69753M1053,PLMR,2019-04-15,2025-06-30,2020-05-01,2024-03-28,Financials
US2505651081,DBI,2019-03-19,2025-06-30,2018-04-02,2024-03-28,Consumer Discretionary
US1255231003,CI,2019-02-25,2025-06-30,2018-01-02,2024-03-28,Health Care
US98585X1046,YETI,2018-10-15,2025-06-30,2020-05-01,2024-03-28,Consumer Discretionary
US60770K1079,MRNA,2019-12-23,2025-06-30,2021-06-01,2024-03-28,Health Care
US92556H2067,VIAC,2019-12-04,2025-06-30,2019-12-05,2022-01-31,Communication Services
US00653Q1022,AHCO,2019-11-11,2025-06-30,2022-08-01,2024-03-28,Health Care
US6833441057,ONTO,2019-10-28,2025-06-30,2020-05-01,2024-03-28,Information Technology
US09260D1072,BX,2019-09-30,2025-06-30,2024-01-02,2024-03-28,Financials
US82981J1097,SITC,2018-10-12,2025-06-30,2020-01-02,2024-03-28,Real Estate
US11135F1012,AVGO,2018-04-07,2025-06-30,2018-01-02,2024-03-28,Information Technology
US26210C1045,DBX,2018-03-21,2025-06-30,2023-07-03,2024-03-28,Information Technology
US3665051054,GTX,2018-09-12,2025-06-30,2018-10-02,2020-04-30,Consumer Discretionary
US04206A1016,ARLO,2018-08-02,2025-06-30,2019-01-02,2024-03-28,Information Technology
US83570H1086,SONO,2018-07-23,2025-06-30,2022-03-31,2024-03-28,Consumer Discretionary
US87484T1088,TALO,2018-05-10,2025-06-30,2020-05-01,2024-03-28,Energy
US15677J1088,CDAY,2018-04-26,2025-06-30,2020-05-01,2024-01-30,Information Technology
US2605571031,DOW,2019-12-25,2025-06-30,2019-03-20,2024-03-28,Materials
US5502411037,LUMN,2021-01-20,2025-06-30,2020-03-19,2024-03-28,Communication Services
US68622V1061,OGN,2021-05-27,2025-06-30,2021-06-01,2024-03-28,Health Care
US0708301041,BBWI,2021-08-03,2025-06-30,2021-06-01,2024-03-28,Consumer Discretionary
US9264001028,VSCO,2021-07-27,2025-06-30,2021-09-30,2024-03-28,Consumer Discretionary
US36262G1013,GXO,2021-07-27,2025-06-30,2021-09-30,2024-03-28,Industrials
US26622P1075,DOCS,2021-06-23,2025-06-30,2023-07-03,2024-03-28,Health Care
US75513E1010,RTX,2020-04-03,2025-06-30,2020-04-03,2024-03-28,Industrials
US14448C1045,CARR,2020-03-20,2025-06-30,2020-04-03,2024-03-28,Industrials
US82982T1060,SITM,2020-01-07,2025-06-30,2021-12-01,2024-03-28,Information Technology
US2227955026,CUZ,2020-01-06,2025-06-30,2018-01-02,2024-03-28,Financials
US11040G1031,VTOL,2020-06-12,2025-06-30,2020-01-02,2024-03-28,Energy
US0090661010,ABNB,2020-12-08,2025-06-30,2024-01-02,2024-03-28,Consumer Discretionary
US00402L1070,ASO,2020-10-01,2025-06-30,2022-03-31,2024-03-28,Consumer Discretionary
US8618961085,SNEX,2020-07-06,2025-06-30,2020-01-02,2024-03-28,Financials
US9821041012,WS,2020-06-30,2025-06-30,2024-01-02,2024-03-28,Materials
US2473617023,DAL,2018-01-02,2025-06-30,2018-01-02,2024-03-28,Industrials
US7436061052,PB,2018-01-02,2025-06-30,2018-01-02,2024-03-28,Financials
US5021751020,LTC,2018-01-02,2025-06-30,2018-01-02,2024-03-28,Financials
US0200021014,ALL,2018-01-02,2025-06-30,2018-01-02,2024-03-28,Financials
US4781601046,JNJ,2018-01-02,2025-06-30,2018-01-02,2024-03-28,Health Care
US70450Y1038,PYPL,2018-01-02,2025-06-30,2018-01-02,2024-03-28,Information Technology
US0003602069,AAON,2018-01-02,2025-06-30,2018-01-02,2024-03-28,Industrials
US4370761029,HD,2018-01-02,2025-06-30,2018-01-02,2024-03-28,Consumer Discretionary
US6974351057,PANW,2018-01-02,2025-06-30,2023-07-03,2024-03-28,Information Technology
US4435106079,HUBB,2018-01-02,2025-06-30,2018-01-02,2024-03-28,Industrials
US2333774071,DXPE,2018-01-01,2025-06-30,2018-01-02,2024-03-28,Industrials
US23204G1004,CUBI,2018-01-02,2025-06-30,2018-01-02,2024-03-28,Financials
US0533321024,AZO,2018-01-02,2025-06-30,2018-01-02,2024-03-28,Consumer Discretionary
US5719032022,MAR,2018-01-01,2025-06-30,2018-01-02,2024-03-28,Consumer Discretionary
US3715321028,GCO,2018-01-02,2025-06-30,2018-01-02,2023-06-30,Consumer Discretionary
US8190471016,SHAK,2018-01-02,2025-06-30,2018-01-02,2024-03-28,Consumer Discretionary
US8288061091,SPG,2018-01-02,2025-06-30,2018-01-02,2024-03-28,Financials
US87165B1035,SYF,2018-01-02,2025-06-30,2018-01-02,2024-03-28,Financials
US2435371073,DECK,2018-01-02,2025-06-30,2018-01-02,2024-03-28,Consumer Discretionary
US0605051046,BAC,2018-01-02,2025-06-30,2018-01-02,2024-03-28,Financials
US0231351067,AMZN,2018-01-02,2025-06-30,2018-01-02,2024-03-28,Consumer Discretionary
US2521311074,DXCM,2018-01-01,2025-06-30,2020-05-01,2024-03-28,Health Care
US3453708600,F,2018-01-02,2025-06-30,2018-01-02,2024-03-28,Consumer Discretionary
US9497461015,WFC,2018-01-02,2025-06-30,2018-01-02,2024-03-28,Financials
US67103H1077,ORLY,2018-01-02,2025-06-30,2018-01-02,2024-03-28,Consumer Discretionary
US30303M1027,FB,2018-01-01,2025-06-30,2018-01-02,2022-04-29,Information Technology
US1729674242,C,2018-01-02,2025-06-30,2018-01-02,2024-03-28,Financials
US88160R1014,TSLA,2018-01-02,2025-06-30,2021-01-04,2024-03-28,Consumer Discretionary
US4612021034,INTU,2018-01-01,2025-06-30,2018-01-02,2024-03-28,Information Technology
US91913Y1001,VLO,2018-01-02,2025-06-30,2018-01-02,2024-03-28,Energy
US38141G1040,GS,2018-01-02,2025-06-30,2018-01-02,2024-03-28,Financials
US2540671011,DDS,2018-01-02,2025-06-30,2018-01-02,2020-04-30,Consumer Discretionary
US8793691069,TFX,2018-01-02,2025-06-30,2018-01-02,2024-03-28,Health Care
US5949181045,MSFT,2018-01-01,2025-06-30,2018-01-02,2024-03-28,Information Technology
US68389X1054,ORCL,2018-01-02,2025-06-30,2018-01-02,2024-03-28,Information Technology
US3030751057,FDS,2018-01-02,2025-06-30,2018-01-02,2024-03-28,Industrials
US67066G1040,NVDA,2018-01-02,2025-06-30,2018-01-02,2024-03-28,Information Technology
US0527691069,ADSK,2018-01-01,2025-06-30,2018-01-02,2024-03-28,Information Technology
US02079K1079,GOOG,2018-01-02,2025-06-30,2020-01-02,2024-03-28,Communication Services
US0010551028,AFL,2018-01-01,2025-06-30,2018-01-02,2024-03-28,Financials
US02079K3059,GOOGL,2018-01-02,2025-06-30,2018-01-02,2024-03-28,Information Technology
US97717P1049,WETF,2018-01-02,2025-06-30,2018-01-02,2022-12-29,Financials
US12504L1098,CBG,2018-01-02,2025-06-30,2018-01-02,2018-12-31,Financials
US0021211018,ATEN,2018-01-02,2025-06-30,2022-03-31,2024-03-28,Information Technology
US92828Q1094,VRTS,2018-01-02,2025-06-30,2018-01-02,2024-03-28,Information Technology
US5398301094,LMT,2018-01-02,2025-06-30,2018-01-02,2024-03-28,Industrials
US00206R1023,T,2018-01-02,2025-06-30,2018-01-02,2024-03-28,Communication Services
US0382221051,AMAT,2018-01-02,2025-06-30,2018-01-02,2024-03-28,Information Technology
US2091151041,ED,2018-01-02,2025-06-30,2018-01-02,2024-03-28,Utilities
US1713401024,CHD,2018-01-02,2025-06-30,2018-01-02,2024-03-28,Consumer Staples
US7427181091,PG,2018-01-02,2025-06-30,2018-01-02,2024-03-28,Consumer Staples
US9314271084,WBA,2018-01-02,2025-06-30,2018-01-02,2024-03-28,Consumer Staples
US65249B1098,NWSA,2018-01-01,2025-06-30,2018-01-02,2024-03-28,Consumer Discretionary
US34959E1091,FTNT,2018-01-02,2025-06-30,2018-01-02,2024-03-28,Information Technology
US6092071058,MDLZ,2018-01-02,2025-06-30,2018-01-02,2024-03-28,Consumer Staples
US45866F1049,ICE,2018-01-02,2025-06-30,2018-01-02,2024-03-28,Financials
US65249B2088,NWS,2018-01-01,2025-06-30,2020-05-01,2024-03-28,Consumer Discretionary
US92826C8394,V,2018-01-02,2025-06-30,2018-01-02,2024-03-28,Information Technology
US6174464486,MS,2018-01-02,2025-06-30,2018-01-02,2024-03-28,Financials
US6936561009,PVH,2018-01-01,2025-06-30,2018-01-02,2024-03-28,Consumer Discretionary
US0378331005,AAPL,2018-01-02,2025-06-30,2018-01-02,2024-03-28,Information Technology
US92343V1044,VZ,2018-01-02,2025-06-30,2018-01-02,2024-03-28,Communication Services
US5801351017,MCD,2018-01-02,2025-06-30,2018-01-02,2024-03-28,Consumer Discretionary
US6404911066,NEOG,2018-01-02,2025-06-30,2018-01-02,2024-03-28,Health Care
US2855121099,EA,2018-01-02,2025-06-30,2018-01-02,2024-03-28,Information Technology
US5007541064,KHC,2018-01-02,2025-06-30,2018-01-02,2024-03-28,Consumer Staples
US1295001044,CAL,2018-01-01,2025-06-30,2018-01-02,2024-03-28,Consumer Discretionary
US37045V1008,GM,2018-01-02,2025-06-30,2018-01-02,2024-03-28,Consumer Discretionary
US0079031078,AMD,2018-01-01,2025-06-30,2018-01-02,2024-03-28,Information Technology
US2058871029,CAG,2018-01-02,2025-06-30,2018-01-02,2024-03-28,Consumer Staples
US61945C1036,MOS,2018-01-02,2025-06-30,2018-01-02,2024-03-28,Materials
US5053361078,LZB,2018-01-02,2025-06-30,2018-01-02,2024-03-28,Consumer Discretionary
US76009N1000,RCII,2018-01-02,2025-06-30,2018-01-02,2023-01-31,Consumer Discretionary
US4581401001,INTC,2018-01-02,2025-06-30,2018-01-02,2024-03-28,Information Technology
US2546871060,DIS,2018-01-01,2025-06-30,2018-01-02,2024-03-28,Consumer Discretionary
US3029411093,FCN,2018-01-02,2025-06-30,2018-01-02,2024-03-28,Industrials
US20030N1019,CMCSA,2018-01-01,2025-06-30,2018-01-02,2024-03-28,Consumer Discretionary
US0113111076,ALG,2018-01-02,2025-06-30,2018-01-02,2024-03-28,Industrials
US17275R1023,CSCO,2018-01-02,2025-06-30,2018-01-02,2024-03-28,Information Technology
US75689M1018,RRGB,2018-01-02,2025-06-30,2018-01-02,2022-04-29,Consumer Discretionary
US5951121038,MU,2018-01-01,2025-06-30,2018-01-02,2024-03-28,Information Technology
US6516391066,NEM,2018-01-01,2025-06-30,2018-01-02,2024-03-28,Materials
US1746101054,CFG,2018-01-02,2025-06-30,2018-01-02,2024-03-28,Financials
US45841N1072,IBKR,2018-01-02,2025-06-30,2018-01-02,2024-03-28,Financials
US64110L1061,NFLX,2018-01-01,2025-06-30,2018-01-02,2024-03-28,Consumer Discretionary
US12572Q1058,CME,2018-01-01,2025-06-30,2018-01-02,2024-03-28,Financials
US8552441094,SBUX,2018-01-02,2025-06-30,2018-01-02,2024-03-28,Consumer Discretionary
US1696561059,CMG,2018-01-02,2025-06-30,2018-01-02,2024-03-28,Consumer Discretionary
US6819191064,OMC,2018-01-02,2025-06-30,2018-01-02,2024-03-28,Consumer Discretionary
US3719011096,GNTX,2018-01-02,2025-06-30,2018-01-02,2024-03-28,Consumer Discretionary
US4592001014,IBM,2018-01-02,2025-06-30,2018-01-02,2024-03-28,Information Technology
US5010441013,KR,2018-01-02,2025-06-30,2018-01-02,2024-03-28,Consumer Staples
US46625H1005,JPM,2018-01-02,2025-06-30,2018-01-02,2024-03-28,Financials
US09062X1037,BIIB,2018-01-02,2025-06-30,2018-01-02,2024-03-28,Health Care
US0640581007,BK,2018-01-02,2025-06-30,2018-01-02,2024-03-28,Financials
US8794338298,TDS,2018-01-02,2025-06-30,2018-01-02,2024-03-28,Communication Services
US14040H1059,COF,2018-01-01,2025-06-30,2018-01-02,2024-03-28,Financials
US5324571083,LLY,2018-01-02,2025-06-30,2018-01-02,2024-03-28,Health Care
US6541061031,NKE,2018-01-01,2025-06-30,2018-01-02,2024-03-28,Consumer Discretionary
US6703461052,NUE,2018-01-02,2025-06-30,2018-01-02,2024-03-28,Materials
US64125C1099,NBIX,2018-01-02,2025-06-30,2021-03-01,2024-03-28,Health Care
US8936411003,TDG,2018-01-02,2025-06-30,2018-01-02,2024-03-28,Industrials
US65336K1034,NXST,2018-01-01,2025-06-30,2023-02-01,2024-03-28,Communication Services
US0846707026,BRKB,2018-01-01,2025-06-30,2018-01-02,2024-03-28,Financials
US98389B1008,XEL,2018-01-02,2025-06-30,2018-01-02,2024-03-28,Utilities
US45867G1013,IDCC,2018-01-02,2025-06-30,2018-01-02,2024-03-28,Information Technology
US8725901040,TMUS,2018-01-01,2025-06-30,2019-07-15,2024-03-28,Communication Services
US9311421039,WMT,2018-01-02,2025-06-30,2018-01-02,2024-03-28,Consumer Discretionary
US4606901001,IPG,2018-01-02,2025-06-30,2018-01-02,2024-03-28,Consumer Discretionary
US6153691059,MCO,2018-01-02,2025-06-30,2018-01-02,2024-03-28,Financials
US7475251036,QCOM,2018-01-01,2025-06-30,2018-01-02,2024-03-28,Information Technology
US92937A1025,WPP,2018-01-02,2025-06-30,2019-01-02,2020-04-30,Materials
US7433151039,PGR,2018-01-01,2025-06-30,2018-01-02,2024-03-28,Financials
US16115Q3083,GTLS,2018-01-02,2025-06-30,2018-01-02,2024-03-28,Industrials
US78573L1061,SBRA,2018-01-02,2025-06-30,2018-01-02,2024-03-28,Financials
US90385V1070,UCTT,2018-01-01,2025-06-30,2018-01-03,2024-03-28,Information Technology
US79466L3024,CRM,2018-01-01,2025-06-29,2018-01-02,2024-03-28,Information Technology
US7181721090,PM,2018-01-09,2025-06-29,2018-01-02,2024-03-28,Health Care
US87874R1005,TTGT,2018-01-03,2025-06-29,2018-10-23,2024-03-28,Communication Services
US8305661055,SKX,2018-01-02,2025-06-29,2018-01-02,2024-03-28,Consumer Discretionary
US60646V1052,MCW,2021-06-25,2025-06-28,2022-10-03,2024-03-28,Consumer Discretionary
US8825081040,TXN,2018-01-05,2025-06-28,2018-01-02,2024-03-28,Information Technology
US6745991058,OXY,2018-01-03,2025-06-28,2018-01-02,2024-03-28,Energy
US7043261079,PAYX,2018-01-02,2025-06-28,2018-01-02,2024-03-28,Industrials
US9182041080,VFC,2018-01-03,2025-06-28,2018-01-02,2024-03-28,Consumer Discretionary
US90353T1007,UBER,2019-04-26,2025-06-28,2024-01-02,2024-03-28,Industrials
US6556631025,NDSN,2018-01-03,2025-06-28,2018-01-02,2024-03-28,Industrials
US8826811098,TXRH,2018-01-10,2025-06-28,2018-01-02,2024-03-28,Consumer Discretionary
US09857L1089,BKNG,2018-02-27,2025-06-28,2019-01-02,2024-03-28,Consumer Discretionary
US6501111073,NYT,2018-01-11,2025-06-28,2018-01-02,2024-03-28,Consumer Discretionary
US0997241064,BWA,2018-01-10,2025-06-28,2018-01-02,2024-03-28,Consumer Discretionary
US0534841012,AVB,2018-01-09,2025-06-28,2018-01-02,2024-03-28,Financials
US72147K1088,PPC,2018-01-02,2025-06-28,2020-05-01,2024-03-28,Consumer Staples
US8425871071,SO,2018-01-03,2025-06-28,2018-01-02,2024-03-28,Utilities
US57667L1070,MTCH,2021-09-17,2025-06-28,2021-09-30,2024-03-28,Communication Services
US8851601018,THO,2018-01-09,2025-06-28,2018-01-02,2024-03-28,Consumer Discretionary
US74144T1088,TROW,2018-01-04,2025-06-28,2018-01-02,2024-03-28,Financials
US8606301021,SF,2018-01-02,2025-06-28,2018-01-02,2024-03-28,Financials
US0028962076,ANF,2018-01-09,2025-06-28,2018-01-02,2024-03-28,Consumer Discretionary
US2689481065,EGBN,2018-01-09,2025-06-28,2018-11-19,2024-03-28,Financials
US5529531015,MGM,2018-01-06,2025-06-28,2018-01-02,2024-03-28,Consumer Discretionary
US2787681061,SATS,2018-01-03,2025-06-28,2024-01-02,2024-03-28,Communication Services
US7134481081,PEP,2018-01-04,2025-06-28,2018-01-02,2024-03-28,Consumer Staples
US0530151036,ADP,2018-01-03,2025-06-28,2018-01-02,2024-03-28,Industrials
US8085131055,SCHW,2018-01-03,2025-06-28,2018-01-02,2024-03-28,Financials
US2536511031,DBD,2018-01-09,2025-06-28,2018-01-02,2023-01-31,Information Technology
US22160N1090,CSGP,2018-01-03,2025-06-28,2022-10-03,2024-03-28,Industrials
US9884981013,YUM,2018-01-02,2025-06-28,2018-01-02,2024-03-28,Consumer Discretionary
US1096411004,EAT,2018-01-09,2025-06-28,2018-01-02,2024-03-28,Consumer Discretionary
US59522J1034,MAA,2018-01-02,2025-06-28,2018-01-02,2024-03-28,Financials
US22160K1051,COST,2018-01-02,2025-06-28,2018-01-02,2024-03-28,Consumer Discretionary
US58933Y1055,MRK,2018-01-02,2025-06-28,2018-01-02,2024-03-28,Health Care
US2544231069,DIN,2018-01-01,2025-06-28,2018-01-02,2024-03-28,Consumer Discretionary
US3137451015,FRT,2022-08-03,2025-06-28,2018-01-02,2024-03-28,Financials
US82669G1040,SBNY,2018-01-12,2025-06-28,2018-01-02,2023-03-30,Financials
US31428X1063,FDX,2018-01-02,2025-06-28,2018-01-02,2024-03-28,Industrials
US0942351083,BLMN,2018-01-04,2025-06-28,2020-05-01,2024-03-28,Consumer Discretionary
US30212W1009,EXPI,2018-01-23,2025-06-28,2023-07-03,2024-03-28,Real Estate
US0258161092,AXP,2018-01-02,2025-06-28,2018-01-02,2024-03-28,Financials
US1912161007,KO,2018-01-03,2025-06-28,2018-01-02,2024-03-28,Consumer Staples
US26614N1028,DD,2019-10-01,2025-06-28,2019-01-02,2024-03-28,Materials
US5500211090,LULU,2018-01-02,2025-06-28,2024-01-02,2024-03-28,Consumer Discretionary
US8636671013,SYK,2018-01-02,2025-06-28,2018-01-02,2024-03-28,Health Care
US49456B1017,KMI,2018-01-05,2025-06-28,2018-01-02,2024-03-28,Utilities
US70975L1070,PEN,2018-01-02,2025-06-28,2020-05-01,2024-03-28,Health Care
US7512121010,RL,2018-01-03,2025-06-28,2018-01-02,2024-03-28,Consumer Discretionary
US5533681012,MP,2020-11-18,2025-06-28,2022-08-01,2024-03-28,Materials
US35137L2043,FOX,2019-10-01,2025-06-28,2020-05-01,2024-03-28,Consumer Discretionary
US62482R1077,COOP,2018-10-11,2025-06-28,2020-01-02,2024-03-28,Financials
US5380341090,LYV,2018-01-08,2025-06-28,2018-01-02,2024-03-28,Consumer Discretionary
US0434361046,ABG,2018-01-03,2025-06-28,2018-01-02,2024-03-28,Consumer Discretionary
US6882392011,OSK,2018-01-19,2025-06-28,2018-01-02,2024-03-28,Industrials
US30040W1080,ES,2018-01-03,2025-06-28,2018-01-02,2024-03-28,Utilities
US3546131018,BEN,2018-01-03,2025-06-28,2018-01-02,2024-03-28,Financials
US00724F1012,ADBE,2018-01-01,2025-06-28,2018-01-02,2024-03-28,Information Technology
US74340W1036,PLD,2018-01-01,2025-06-28,2018-01-02,2024-03-28,Financials
US02209S1033,MO,2018-01-12,2025-06-28,2018-01-02,2024-03-28,Consumer Staples
US9621661043,WY,2018-01-04,2025-06-28,2018-01-02,2024-03-28,Materials
US4212981009,HAYW,2021-03-12,2025-06-28,2024-01-02,2024-03-28,Industrials
US92335C1062,VRA,2018-01-03,2025-06-28,2018-01-02,2022-04-29,Consumer Discretionary
US0367521038,ANTM,2018-01-03,2025-06-28,2018-01-02,2022-04-29,Health Care
US57164Y1073,VAC,2018-01-18,2025-06-28,2018-01-02,2024-03-28,Consumer Discretionary
US50187T1060,LGIH,2018-01-05,2025-06-27,2018-01-02,2024-03-28,Consumer Discretionary
US1890541097,CLX,2018-01-05,2025-06-27,2018-01-02,2024-03-28,Consumer Staples
US9026811052,UGI,2018-01-11,2025-06-27,2018-01-02,2024-03-28,Utilities
US9290421091,VNO,2018-01-11,2025-06-27,2018-01-02,2024-03-28,Financials
US5770811025,MAT,2018-01-03,2025-06-27,2018-01-02,2024-03-28,Consumer Discretionary
US6311031081,NDAQ,2018-01-02,2025-06-27,2018-01-02,2024-03-28,Financials
US4432011082,HWM,2020-04-01,2025-06-27,2020-04-01,2024-03-28,Industrials
US0236081024,AEE,2018-01-10,2025-06-27,2018-01-02,2024-03-28,Utilities
US00508Y1029,AYI,2018-01-05,2025-06-27,2018-01-02,2024-03-28,Industrials
US74386T1051,PFS,2018-01-03,2025-06-27,2018-01-02,2024-03-28,Financials
US6512291062,NWL,2018-01-02,2025-06-27,2018-01-02,2024-03-28,Consumer Discretionary
US7838591011,STBA,2018-01-02,2025-06-27,2018-01-02,2024-03-28,Financials
US0326541051,ADI,2018-01-03,2025-06-27,2018-01-02,2024-03-28,Information Technology
US4234521015,HP,2018-01-05,2025-06-27,2018-01-02,2024-03-28,Energy
US9043111072,UAA,2018-01-05,2025-06-27,2018-01-02,2024-03-28,Consumer Discretionary
US03062T1051,CRMT,2018-01-11,2025-06-27,2020-05-01,2024-03-28,Consumer Discretionary
US0375981091,APOG,2018-01-05,2025-06-27,2018-01-02,2024-03-28,Industrials
US37253A1034,THRM,2018-01-05,2025-06-27,2018-01-02,2024-03-28,Consumer Discretionary
US9043112062,UA,2018-01-05,2025-06-27,2019-01-02,2024-03-28,Consumer Discretionary
US74967X1037,RH,2018-01-11,2025-06-27,2018-01-02,2024-03-28,Consumer Discretionary
US1005571070,SAM,2018-01-03,2025-06-27,2018-01-02,2024-03-28,Consumer Staples
US3695501086,GD,2018-01-05,2025-06-27,2018-01-02,2024-03-28,Industrials
US65473P1057,NI,2018-01-11,2025-06-27,2018-01-02,2024-03-28,Utilities
US36467W1099,GME,2018-01-12,2025-06-27,2018-01-02,2024-03-28,Consumer Discretionary
US69370C1009,PTC,2018-01-04,2025-06-27,2018-01-02,2024-03-28,Information Technology
US2358511028,DHR,2018-01-02,2025-06-27,2018-01-02,2024-03-28,Industrials
US23355L1061,DXC,2018-01-09,2025-06-27,2018-01-02,2024-03-28,Information Technology
US80810D1037,SDGR,2021-09-16,2025-06-27,2023-07-03,2024-03-28,Health Care
US5797802064,MKC,2018-01-04,2025-06-27,2018-01-02,2024-03-28,Consumer Staples
US3448491049,FL,2018-01-08,2025-06-27,2018-01-02,2024-03-28,Consumer Discretionary
US8910921084,TTC,2018-01-08,2025-06-27,2018-01-02,2024-03-28,Consumer Discretionary
US30161N1019,EXC,2018-01-04,2025-06-27,2018-01-02,2024-03-28,Utilities
US49271V1008,KDP,2018-07-10,2025-06-27,2022-05-02,2024-03-28,Consumer Staples
US9170471026,URBN,2018-01-07,2025-06-27,2018-01-02,2024-03-28,Consumer Discretionary
US37637Q1058,GBCI,2018-01-04,2025-06-27,2018-01-02,2024-03-28,Financials
US82900L1026,SMPL,2018-01-09,2025-06-27,2021-01-04,2024-03-28,Consumer Staples
US6558441084,NSC,2018-01-04,2025-06-27,2018-01-02,2024-03-28,Industrials
US0427351004,ARW,2018-01-02,2025-06-27,2018-01-02,2024-03-28,Information Technology
US6668071029,NOC,2018-01-04,2025-06-27,2018-01-02,2024-03-28,Industrials
US26856L1035,ELF,2018-01-08,2025-06-27,2021-01-04,2024-03-28,Consumer Staples
US42226A1079,HQY,2018-01-08,2025-06-27,2018-01-02,2024-03-28,Health Care
US0536111091,AVY,2018-01-04,2025-06-27,2018-01-02,2024-03-28,Industrials
US7415111092,PSMT,2018-01-04,2025-06-27,2020-05-01,2024-03-28,Consumer Discretionary
US9113121068,UPS,2018-01-02,2025-06-27,2018-01-02,2024-03-28,Industrials
US45337C1027,INCY,2018-01-02,2025-06-27,2018-01-02,2024-03-28,Health Care
US0304201033,AWK,2018-01-02,2025-06-27,2018-01-02,2024-03-28,Utilities
US49803T3005,KRG,2018-01-01,2025-06-27,2018-01-02,2024-03-28,Financials
US3596941068,FUL,2018-01-12,2025-06-27,2018-01-02,2024-03-28,Materials
US09257W1009,BXMT,2018-01-04,2025-06-27,2024-01-02,2024-03-28,Financials
US48666K1097,KBH,2018-01-05,2025-06-27,2018-01-02,2024-03-28,Consumer Discretionary
US95040Q1040,HCN,2018-01-02,2025-06-27,2018-01-02,2018-12-31,Financials
US74736K1016,QRVO,2018-01-08,2025-06-27,2018-01-02,2024-03-28,Information Technology
US1101221083,BMY,2018-01-05,2025-06-27,2018-01-02,2024-03-28,Health Care
US60871R2094,TAP,2018-01-03,2025-06-27,2018-01-02,2024-03-28,Consumer Staples
US50540R4092,LH,2018-01-02,2025-06-27,2018-01-02,2024-03-28,Health Care
US9282981086,VSH,2018-01-03,2025-06-27,2018-01-02,2024-03-28,Industrials
US05580M1080,RILY,2018-01-05,2025-06-27,2021-03-01,2024-03-28,Financials
US43300A2033,HLT,2018-01-03,2025-06-27,2018-01-02,2024-03-28,Consumer Discretionary
US20451N1019,CMP,2018-01-06,2025-06-27,2018-01-02,2024-03-28,Materials
US9297401088,WAB,2018-01-04,2025-06-27,2018-01-02,2024-03-28,Industrials
US6866881021,ORA,2018-01-09,2025-06-27,2022-08-01,2024-03-28,Utilities
US7818462092,RUSHA,2018-01-04,2025-06-27,2024-01-02,2024-03-28,Industrials
US7607591002,RSG,2018-01-04,2025-06-27,2018-01-02,2024-03-28,Industrials
US9092143067,UIS,2018-01-04,2025-06-27,2018-09-04,2023-03-31,Information Technology
US9507551086,WERN,2018-01-09,2025-06-27,2018-01-02,2024-03-28,Industrials
US3666511072,IT,2018-01-04,2025-06-27,2018-01-02,2024-03-28,Information Technology
US04911A1079,AUB,2019-05-20,2025-06-27,2023-04-03,2024-03-28,Financials
US04208T1088,AHH,2018-01-04,2025-06-27,2018-01-02,2024-03-28,Real Estate
US1167941087,BRKR,2018-01-02,2025-06-27,2021-12-01,2024-03-28,Health Care
US59156R1086,MET,2018-01-02,2025-06-27,2018-01-02,2024-03-28,Financials
US81762P1021,NOW,2018-01-02,2025-06-27,2019-11-21,2024-03-28,Information Technology
US5355551061,LNN,2018-01-02,2025-06-27,2018-01-02,2024-03-28,Industrials
US1717793095,CIEN,2018-01-01,2025-06-27,2018-01-02,2024-03-28,Information Technology
US01748X1028,ALGT,2018-01-02,2025-06-27,2018-01-02,2024-03-28,Industrials
US4016171054,GES,2018-01-02,2025-06-27,2018-01-02,2024-03-28,Consumer Discretionary
US47973J1025,JYNT,2018-01-18,2025-06-27,2021-06-01,2023-01-31,Health Care
US8832031012,TXT,2018-01-03,2025-06-27,2018-01-02,2024-03-28,Industrials
US0082521081,AMG,2018-01-03,2025-06-27,2018-01-02,2024-03-28,Financials
US4893981070,KW,2018-01-19,2025-06-27,2023-04-03,2024-03-28,Real Estate
US9024941034,TSN,2018-01-02,2025-06-27,2018-01-02,2024-03-28,Consumer Staples
US2372661015,DAR,2018-01-15,2025-06-27,2018-01-02,2024-03-28,Consumer Staples
US1547604090,CPF,2018-01-16,2025-06-27,2018-01-02,2024-03-28,Financials
US94106L1098,WM,2018-01-03,2025-06-27,2018-01-02,2024-03-28,Industrials
US67011P1003,DNOW,2018-01-23,2025-06-27,2018-01-02,2024-03-28,Industrials
US05722G1004,BHGE,2018-01-03,2025-06-27,2018-01-02,2019-10-17,Energy
US0389231087,ABR,2018-01-19,2025-06-27,2023-07-03,2024-03-28,Financials
US05508R1068,BGS,2018-01-23,2025-06-27,2018-01-02,2024-03-28,Consumer Staples
US81619Q1058,SEM,2018-01-03,2025-06-27,2018-01-02,2024-03-28,Health Care
US62955J1034,NOV,2021-09-25,2025-06-27,2018-01-02,2024-03-28,Energy
US35671D8570,FCX,2018-01-03,2025-06-27,2018-01-02,2024-03-28,Materials
US4461501045,HBAN,2018-01-03,2025-06-27,2018-01-02,2024-03-28,Financials
US09073M1045,TECH,2018-01-02,2025-06-27,2018-01-02,2024-03-28,Health Care
US00404A1097,ACHC,2018-01-03,2025-06-27,2018-01-02,2024-03-28,Health Care
US5544891048,CLI,2018-01-17,2025-06-27,2018-01-02,2021-11-30,Financials
US41068X1000,HASI,2018-01-22,2025-06-27,2024-01-02,2024-03-28,Financials
US1053682035,BDN,2018-01-19,2025-06-27,2020-01-02,2024-03-28,Real Estate
US29444U7000,EQIX,2018-01-17,2025-06-27,2018-01-02,2024-03-28,Information Technology
US2003401070,CMA,2018-01-03,2025-06-27,2018-01-02,2024-03-28,Financials
US7458671010,PHM,2018-01-03,2025-06-27,2018-01-02,2024-03-28,Consumer Discretionary
US5763231090,MTZ,2018-01-19,2025-06-27,2018-11-12,2024-03-28,Industrials
US28852N1090,EFC,2020-01-09,2025-06-27,2021-06-01,2024-03-28,Financials
US75605Y1064,RLGY,2018-01-03,2025-06-27,2018-09-20,2022-04-29,Financials
US3032501047,FICO,2018-01-03,2025-06-27,2018-01-02,2024-03-28,Information Technology
US1344291091,CPB,2018-01-03,2025-06-27,2018-01-02,2024-03-28,Consumer Staples
US5341871094,LNC,2018-01-02,2025-06-27,2018-01-02,2024-03-28,Financials
US42226K1051,HR,2022-08-03,2025-06-26,2018-01-02,2024-03-28,Financials
US8941641024,TNL,2021-02-17,2025-06-26,2021-01-04,2024-03-28,Consumer Discretionary
US2927651040,EPAC,2021-09-29,2025-06-26,2020-05-01,2024-03-28,Industrials
US16119P1084,CHTR,2018-01-02,2025-06-26,2018-01-02,2024-03-28,Consumer Discretionary
US7140461093,PKI,2018-01-04,2025-06-26,2018-01-02,2023-06-28,Information Technology
US5894001008,MCY,2018-01-08,2025-06-26,2018-01-02,2024-03-28,Financials
US39874R1014,GO,2019-06-10,2025-06-26,2020-01-02,2024-03-28,Consumer Staples
US71943U1043,DOC,2018-01-08,2025-06-26,2020-05-01,2024-03-28,Real Estate
US35909D1090,FYBR,2021-04-30,2025-06-26,2022-10-03,2024-03-28,Communication Services
US2441991054,DE,2018-01-09,2025-06-26,2018-01-02,2024-03-28,Industrials
US09180C1062,BJRI,2018-01-03,2025-06-26,2018-01-02,2024-03-28,Consumer Discretionary
US0394831020,ADM,2018-01-09,2025-06-26,2018-01-02,2024-03-28,Consumer Staples
US48253L2051,KLXE,2021-09-18,2025-06-26,2018-09-17,2020-04-30,Energy
US6031581068,MTX,2018-01-18,2025-06-26,2018-01-02,2024-03-28,Materials
US0024741045,AZZ,2018-01-09,2025-06-26,2018-01-02,2024-03-28,Industrials
US89832Q1094,TFC,2019-12-09,2025-06-26,2019-12-09,2024-03-28,Financials
US4601461035,IP,2018-01-02,2025-06-26,2018-01-02,2024-03-28,Materials
US9418481035,WAT,2018-01-02,2025-06-26,2018-01-02,2024-03-28,Information Technology
US0495601058,ATO,2018-01-09,2025-06-26,2018-01-02,2024-03-28,Utilities
US7835491082,R,2018-01-03,2025-06-26,2018-01-02,2024-03-28,Industrials
US5006432000,KFY,2018-01-04,2025-06-26,2018-01-02,2024-03-28,Industrials
US3156161024,FFIV,2018-01-04,2025-06-26,2018-01-02,2024-03-28,Information Technology
US0028241000,ABT,2018-01-02,2025-06-26,2018-01-02,2024-03-28,Health Care
US75281A1097,RRC,2018-01-05,2025-06-26,2018-01-02,2024-03-28,Energy
US23291C1036,BOOM,2018-01-20,2025-06-26,2020-05-01,2023-06-30,Industrials
US3119001044,FAST,2018-01-02,2025-06-26,2018-01-02,2024-03-28,Industrials
US6024961012,MDXG,2018-01-05,2025-06-26,2018-01-02,2020-04-30,Health Care
US29605J1060,ESAB,2022-03-31,2025-06-26,2022-04-06,2024-03-28,Industrials
US5178341070,LVS,2018-01-06,2025-06-26,2019-10-03,2024-03-28,Consumer Discretionary
US9831341071,WYNN,2018-01-06,2025-06-26,2018-01-02,2024-03-28,Consumer Discretionary
US29414B1044,EPAM,2018-01-05,2025-06-26,2021-12-01,2024-03-28,Information Technology
US42809H1077,HES,2018-01-05,2025-06-26,2018-01-02,2024-03-28,Energy
US3397501012,FND,2018-01-01,2025-06-26,2024-01-02,2024-03-28,Consumer Discretionary
US03823U1025,AAOI,2018-01-05,2025-06-26,2018-01-02,2021-11-30,Information Technology
US6821891057,ON,2018-01-02,2025-06-26,2022-05-02,2024-03-28,Information Technology
US25960P1093,DEI,2018-01-03,2025-06-26,2018-01-02,2024-03-28,Financials
US8168511090,SRE,2018-01-02,2025-06-26,2018-01-02,2024-03-28,Utilities
US78645L1008,SAFE,2019-02-26,2025-06-26,2020-01-02,2024-03-28,Real Estate
US50155Q1004,KD,2021-11-01,2025-06-26,2021-12-01,2024-03-28,Information Technology
US9078181081,UNP,2018-01-04,2025-06-26,2018-01-02,2024-03-28,Industrials
US2810201077,EIX,2018-01-04,2025-06-26,2018-01-02,2024-03-28,Utilities
US20825C1045,COP,2018-01-08,2025-06-26,2018-01-02,2024-03-28,Energy
US4433201062,HUBG,2018-01-04,2025-06-26,2018-01-02,2024-03-28,Industrials
US5766901012,MTRN,2018-01-04,2025-06-26,2018-01-02,2024-03-28,Materials
US2041661024,CVLT,2018-01-08,2025-06-26,2018-01-02,2024-03-28,Information Technology
US98262P1012,WW,2019-12-26,2025-06-26,2020-05-01,2023-03-31,Industrials
US6673401039,NWBI,2018-01-20,2025-06-26,2018-01-02,2024-03-28,Financials
US6811161099,OLLI,2018-01-04,2025-06-26,2018-01-02,2024-03-28,Consumer Discretionary
US0921131092,BKH,2018-01-04,2025-06-26,2018-01-02,2024-03-28,Utilities
US0259321042,AFG,2018-01-02,2025-06-26,2018-01-02,2024-03-28,Financials
US29332G1022,EHAB,2022-06-28,2025-06-26,2022-08-01,2024-03-28,Health Care
US2971781057,ESS,2018-01-08,2025-06-26,2018-01-02,2024-03-28,Financials
US47233W1099,JEF,2018-05-24,2025-06-26,2020-05-01,2024-03-28,Financials
US42722X1063,HFWA,2018-01-04,2025-06-26,2018-07-02,2024-03-28,Financials
US03743Q1085,APA,2021-09-20,2025-06-26,2018-01-02,2024-03-28,Energy
US7310681025,PII,2018-01-03,2025-06-26,2018-01-02,2024-03-28,Consumer Discretionary
US3498531017,FWRD,2018-01-12,2025-06-26,2018-01-02,2024-03-28,Industrials
US58155Q1031,MCK,2018-01-03,2025-06-26,2018-01-02,2024-03-28,Health Care
US9581021055,WDC,2018-01-03,2025-06-26,2018-01-02,2024-03-28,Information Technology
US88579Y1010,MMM,2018-01-02,2025-06-26,2018-01-02,2024-03-28,Industrials
US4595061015,IFF,2018-01-16,2025-06-26,2018-01-02,2024-03-28,Materials
US2067871036,CNDT,2018-01-03,2025-06-26,2019-01-02,2020-04-30,Information Technology
US8807701029,TER,2018-01-02,2025-06-26,2018-01-02,2024-03-28,Information Technology
US0774541066,BDC,2018-01-10,2025-06-26,2018-01-02,2024-03-28,Industrials
US9256521090,VICI,2018-01-22,2025-06-26,2022-05-02,2024-03-28,Real Estate
US49446R1095,KIM,2018-01-03,2025-06-26,2018-01-02,2024-03-28,Financials
US4050241003,HAE,2018-01-02,2025-06-26,2018-01-02,2024-03-28,Health Care
US92556V1061,VTRS,2020-11-17,2025-06-26,2021-01-04,2024-03-28,Information Technology
US6005441000,MLHR,2018-01-03,2025-06-26,2018-01-02,2021-09-29,Industrials
US4026355028,GPOR,2021-09-20,2025-06-26,2018-01-02,2020-11-24,Energy
US2686031079,LOCO,2018-01-02,2025-06-26,2018-01-02,2023-06-30,Consumer Discretionary
US1491231015,CAT,2018-01-01,2025-06-26,2018-01-02,2024-03-28,Industrials
US57686G1058,MATX,2018-01-02,2025-06-26,2018-01-02,2024-03-28,Industrials
US91704F1049,UE,2018-01-03,2025-06-26,2018-01-02,2024-03-28,Financials
US36266G1076,GEHC,2023-01-04,2025-06-26,2023-02-01,2024-03-28,Health Care
US25432X1028,DCOM,2021-09-30,2025-06-26,2018-01-02,2024-03-28,Financials
US4315711089,HI,2018-01-23,2025-06-26,2018-01-02,2024-03-28,Financials
US46266C1053,IQV,2018-01-03,2025-06-26,2018-01-02,2024-03-28,Health Care
US8926721064,TW,2019-10-01,2025-06-26,2019-04-04,2020-04-30,Industrials
US1714841087,CHDN,2018-01-03,2025-06-26,2018-01-02,2024-03-28,Consumer Discretionary
US5663241090,MMI,2018-01-03,2025-06-26,2018-11-06,2024-03-28,Real Estate
US7587501039,RBC,2018-01-15,2025-06-26,2018-01-02,2024-03-28,Industrials
US26441C2044,DUK,2018-01-02,2025-06-26,2018-01-02,2024-03-28,Utilities
US5950171042,MCHP,2018-01-04,2025-06-26,2018-01-02,2024-03-28,Information Technology
US25179M1036,DVN,2018-01-10,2025-06-26,2018-01-02,2024-03-28,Energy
US4538361084,INDB,2018-01-02,2025-06-25,2018-01-02,2024-03-28,Financials
US98311A1051,WH,2018-05-09,2025-06-25,2018-06-01,2024-03-28,Consumer Discretionary
US6802231042,ORI,2018-01-03,2025-06-25,2018-01-02,2024-03-28,Financials
US2193501051,GLW,2018-01-03,2025-06-25,2018-01-02,2024-03-28,Industrials
US69376K1060,PX,2022-07-25,2025-06-25,2018-01-02,2019-06-06,Consumer Discretionary
US89469A1043,THS,2018-01-05,2025-06-25,2018-01-02,2024-03-28,Consumer Staples
US50060P1066,KOP,2018-01-19,2025-06-25,2018-01-02,2024-03-28,Materials
US61174X1090,MNST,2018-01-03,2025-06-25,2018-01-02,2024-03-28,Industrials
US2036071064,CBU,2018-01-04,2025-06-25,2018-01-02,2024-03-28,Financials
US29261A1007,EHC,2018-01-02,2025-06-25,2018-01-02,2024-03-28,Health Care
US3379321074,FE,2018-01-11,2025-06-25,2018-01-02,2024-03-28,Utilities
US1598641074,CRL,2018-01-03,2025-06-25,2018-01-02,2024-03-28,Health Care
US70931T1034,PMT,2018-01-04,2025-06-25,2018-02-02,2024-03-28,Financials
US82982V1017,STR,2022-07-26,2025-06-25,2019-01-02,2020-04-29,Utilities
US70432V1026,PAYC,2018-01-04,2025-06-25,2020-01-28,2024-03-28,Information Technology
US83088M1027,SWKS,2018-01-02,2025-06-25,2018-01-02,2024-03-28,Information Technology
US76169C1009,REXR,2018-01-04,2025-06-25,2020-01-02,2024-03-28,Real Estate
US29670E1073,EPRT,2018-06-21,2025-06-25,2020-05-01,2024-03-28,Real Estate
US60786M1053,MC,2018-01-03,2025-06-25,2023-07-03,2024-03-28,Financials
US49427F1084,KRC,2018-01-08,2025-06-25,2018-01-02,2024-03-28,Financials
US92936U1097,WPC,2018-01-20,2025-06-25,2024-01-02,2024-03-28,Real Estate
US68404L2016,OPCH,2020-02-03,2025-06-25,2021-09-30,2024-03-28,Health Care
US9426222009,WSO,2018-01-02,2025-06-25,2018-01-02,2024-03-28,Industrials
US69331C1080,PCG,2018-01-02,2025-06-25,2018-01-02,2024-03-28,Utilities
US0865161014,BBY,2018-01-07,2025-06-25,2018-01-02,2024-03-28,Consumer Discretionary
US87265H1095,TPH,2018-01-04,2025-06-25,2018-01-02,2024-03-28,Consumer Discretionary
US8660821005,INN,2018-01-20,2025-06-25,2018-01-02,2024-03-28,Financials
US2017231034,CMC,2018-01-02,2025-06-25,2018-01-02,2024-03-28,Materials
US45784P1012,PODD,2018-01-08,2025-06-25,2023-04-03,2024-03-28,Health Care
US9604131022,WLK,2018-01-08,2025-06-25,2022-10-03,2024-03-28,Materials
US4891701009,KMT,2018-01-04,2025-06-25,2018-01-02,2024-03-28,Industrials
US00650F1093,ADPT,2019-12-23,2025-06-25,2019-06-27,2020-04-30,Information Technology
US9291601097,VMC,2018-01-02,2025-06-25,2018-01-02,2024-03-28,Materials
US67018T1051,NUS,2018-01-01,2025-06-25,2018-01-02,2024-03-28,Consumer Staples
US06652K1034,BKU,2018-01-05,2025-06-25,2020-05-01,2024-03-28,Financials
US25961D1054,DOUG,2021-12-28,2025-06-25,2022-01-03,2023-06-30,Real Estate
US3873281071,GVA,2018-01-04,2025-06-25,2018-01-02,2024-03-28,Industrials
US7757111049,ROL,2018-01-03,2025-06-25,2018-01-02,2024-03-28,Industrials
US87724P1066,TMHC,2018-01-02,2025-06-25,2020-05-01,2024-03-28,Consumer Discretionary
US2383371091,PLAY,2018-01-08,2025-06-25,2018-01-02,2024-03-28,Consumer Discretionary
US64110D1046,NTAP,2018-01-04,2025-06-25,2018-01-02,2024-03-28,Information Technology
US74834L1008,DGX,2018-01-04,2025-06-25,2018-01-02,2024-03-28,Health Care
US8835561023,TMO,2018-01-02,2025-06-25,2018-01-02,2024-03-28,Industrials
US5717481023,MMC,2018-01-03,2025-06-25,2018-01-02,2024-03-28,Financials
US5732841060,MLM,2018-01-19,2025-06-25,2018-01-02,2024-03-28,Materials
US2922181043,EIG,2018-01-01,2025-06-25,2018-01-02,2024-03-28,Financials
US59064R1095,MLAB,2018-01-02,2025-06-25,2020-05-01,2024-03-28,Health Care
US92886T2015,VG,2018-01-03,2025-06-25,2018-01-02,2022-07-19,Communication Services
US9290891004,VOYA,2018-01-09,2025-06-25,2021-12-01,2024-03-28,Financials
US5526901096,MDU,2018-01-02,2025-06-25,2018-01-02,2024-03-28,Utilities
US4228191023,HSII,2018-01-05,2025-06-25,2018-01-02,2024-03-28,Industrials
US2600031080,DOV,2018-01-09,2025-06-25,2018-01-02,2024-03-28,Industrials
US8523123052,STAA,2018-01-22,2025-06-25,2021-01-04,2024-03-28,Health Care
US69343T1079,PJT,2018-01-04,2025-06-25,2024-01-02,2024-03-28,Financials
US3773221029,GKOS,2018-01-03,2025-06-25,2020-05-01,2024-03-28,Health Care
US8287302009,SFNC,2018-01-03,2025-06-25,2018-01-02,2024-03-28,Financials
US8681681057,SUP,2018-01-03,2025-06-25,2018-01-02,2020-04-30,Consumer Discretionary
US46982L1089,J,2022-09-03,2025-06-25,2019-12-10,2024-03-28,Industrials
US2538681030,DLR,2018-01-08,2025-06-25,2018-01-02,2024-03-28,Financials
US4312841087,HIW,2018-01-10,2025-06-25,2018-01-02,2024-03-28,Financials
US87157B1035,SNCR,2018-01-09,2025-06-25,2018-01-02,2020-04-30,Information Technology
US8740541094,TTWO,2018-01-03,2025-06-25,2018-01-02,2024-03-28,Information Technology
US71742Q1067,PAHC,2018-01-02,2025-06-25,2018-01-02,2024-03-28,Health Care
US0152711091,ARE,2018-01-01,2025-06-25,2018-01-02,2024-03-28,Financials
US00971T1016,AKAM,2018-01-04,2025-06-25,2018-01-02,2024-03-28,Information Technology
US53815P1084,RAMP,2018-10-02,2025-06-25,2020-05-01,2024-03-28,Information Technology
US92939U1060,WEC,2018-01-04,2025-06-25,2018-01-02,2024-03-28,Utilities
US8536661056,SMP,2018-01-17,2025-06-25,2018-01-02,2024-03-28,Consumer Discretionary
US26884L1098,EQT,2018-01-03,2025-06-25,2018-01-02,2024-03-28,Utilities
US2772761019,EGP,2018-01-03,2025-06-25,2018-01-02,2024-03-28,Financials
US7843051043,SJW,2018-01-04,2025-06-25,2023-02-01,2024-03-28,Utilities
US1266001056,CVBF,2018-01-04,2025-06-25,2018-01-02,2024-03-28,Financials
US4180561072,HAS,2018-01-03,2025-06-25,2018-01-02,2024-03-28,Consumer Discretionary
US6374171063,NNN,2018-01-02,2025-06-25,2018-01-02,2024-03-28,Financials
US3167731005,FITB,2018-01-02,2025-06-25,2018-01-02,2024-03-28,Financials
US66765N1054,NWN,2018-10-01,2025-06-25,2018-01-02,2024-03-28,Utilities
US8086251076,SAIC,2018-01-22,2025-06-25,2018-01-02,2024-03-28,Information Technology
US1630721017,CAKE,2018-01-09,2025-06-25,2018-01-02,2024-03-28,Consumer Discretionary
US5260571048,LEN,2018-01-02,2025-06-25,2018-01-02,2024-03-28,Consumer Discretionary
US3465631097,FORR,2018-01-03,2025-06-25,2018-01-02,2024-03-28,Information Technology
US3189101062,FBNC,2018-01-01,2025-06-25,2021-01-04,2024-03-28,Financials
US75524W1080,RMAX,2018-01-16,2025-06-25,2018-01-02,2024-01-31,Financials
US5893781089,MRCY,2018-01-04,2025-06-25,2018-01-02,2024-03-28,Industrials
US4039491000,DINO,2022-08-08,2025-06-25,2022-03-31,2024-03-28,Energy
US2976021046,ETH,2018-01-16,2025-06-25,2018-01-02,2021-09-29,Consumer Discretionary
US29530P1021,ERIE,2018-01-04,2025-06-25,2024-01-02,2024-03-28,Financials
US0584981064,BLL,2018-01-03,2025-06-25,2018-01-02,2022-04-29,Materials
US7547301090,RJF,2018-01-04,2025-06-25,2018-01-02,2024-03-28,Financials
US3025201019,FNB,2018-01-08,2025-06-25,2018-01-02,2024-03-28,Financials
US9120081099,USFD,2018-01-08,2025-06-25,2023-04-03,2024-03-28,Consumer Staples
US37185X1063,GEN,2018-01-16,2025-06-25,2023-02-01,2024-03-28,Information Technology
US7365088472,POR,2018-01-19,2025-06-25,2022-08-01,2024-03-28,Utilities
US3886891015,GPK,2018-01-02,2025-06-25,2023-07-03,2024-03-28,Materials
US1264081035,CSX,2018-01-04,2025-06-25,2018-01-02,2024-03-28,Industrials
US80874P1093,SGMS,2018-01-01,2025-06-25,2018-01-02,2022-03-30,Consumer Discretionary
US96208T1043,WEX,2018-01-05,2025-06-25,2018-01-02,2024-03-28,Information Technology
US03820C1053,AIT,2018-01-09,2025-06-25,2018-01-02,2024-03-28,Consumer Discretionary
US15189T1079,CNP,2018-01-03,2025-06-25,2018-01-02,2024-03-28,Utilities
US4583341098,IPAR,2018-01-10,2025-06-25,2018-01-02,2024-03-28,Consumer Staples
US60783X1046,MODV,2021-01-07,2025-06-25,2021-01-04,2024-03-28,Health Care
US2342641097,DAKT,2018-01-23,2025-06-25,2018-01-02,2021-11-30,Information Technology
US0844231029,WRB,2018-01-05,2025-06-24,2018-01-02,2024-03-28,Financials
US7185461040,PSX,2018-01-02,2025-06-24,2018-01-02,2024-03-28,Energy
US0138721065,AA,2018-01-13,2025-06-24,2019-01-02,2024-03-28,Materials
US83601L1026,SHC,2020-11-19,2025-06-24,2022-05-02,2024-03-28,Health Care
US1307881029,CWT,2018-01-05,2025-06-24,2018-01-02,2024-03-28,Utilities
US49177J1025,KVUE,2023-05-03,2025-06-24,2024-01-02,2024-03-28,Consumer Staples
US23285D1090,CTKB,2021-07-23,2025-06-24,2023-07-03,2024-03-28,Health Care
US8873891043,TKR,2018-01-02,2025-06-24,2018-01-02,2024-03-28,Industrials
US8803451033,TNC,2018-01-12,2025-06-24,2018-01-02,2024-03-28,Industrials
US7599161095,RGEN,2018-01-19,2025-06-24,2018-01-02,2024-03-28,Health Care
US5486611073,LOW,2018-01-05,2025-06-24,2018-01-02,2024-03-28,Consumer Discretionary
US9255501051,VIAV,2018-01-12,2025-06-24,2018-01-02,2024-03-28,Information Technology
US8472151005,SPTN,2018-01-05,2025-06-24,2018-01-02,2024-03-28,Consumer Staples
US1271903049,CACI,2018-01-12,2025-06-24,2018-01-02,2024-03-28,Information Technology
US1924791031,COHR,2018-01-05,2025-06-24,2018-01-02,2024-03-28,Health Care
US8318652091,AOS,2018-01-19,2025-06-24,2018-01-02,2024-03-28,Industrials
US3989051095,GPI,2018-01-01,2025-06-24,2018-01-02,2024-03-28,Consumer Discretionary
US31847R1023,FAF,2018-01-08,2025-06-24,2018-01-02,2024-03-28,Financials
US0718131099,BAX,2018-01-02,2025-06-24,2018-01-02,2024-03-28,Health Care
US28238P1093,EHTH,2018-01-16,2025-06-24,2018-01-02,2022-09-30,Financials
US6819361006,OHI,2018-01-01,2025-06-24,2018-01-02,2024-03-28,Financials
US30212P3038,EXPE,2018-01-02,2025-06-24,2018-01-02,2024-03-28,Consumer Discretionary
US2005251036,CBSH,2018-01-02,2025-06-24,2018-01-02,2024-03-28,Financials
US88076W1036,TDC,2018-01-18,2025-06-24,2018-01-02,2024-03-28,Information Technology
US6937181088,PCAR,2018-01-02,2025-06-24,2018-01-02,2024-03-28,Industrials
US30225T1025,EXR,2018-01-16,2025-06-24,2018-01-02,2024-03-28,Financials
US88642R1095,TDW,2018-01-18,2025-06-24,2019-01-02,2020-04-30,Energy
US04247X1028,AWI,2018-01-23,2025-06-24,2024-01-02,2024-03-28,Industrials
US00191U1025,ASGN,2018-04-09,2025-06-24,2018-01-02,2024-03-28,Industrials
US69318J1007,CNXN,2018-01-09,2025-06-24,2020-05-01,2024-03-28,Information Technology
US05605H1005,BWXT,2018-01-10,2025-06-24,2023-07-03,2024-03-28,Industrials
US9288811014,VNT,2020-09-22,2025-06-24,2021-01-04,2024-03-28,Information Technology
US03969F1093,RCUS,2018-03-13,2025-06-24,2022-03-31,2024-03-28,Health Care
US10922N1037,BHF,2018-01-02,2025-06-24,2018-01-02,2024-03-28,Financials
US5150981018,LSTR,2018-01-22,2025-06-24,2018-01-02,2024-03-28,Industrials
US4062161017,HAL,2018-01-02,2025-06-24,2018-01-02,2024-03-28,Energy
US9022521051,TYL,2018-01-02,2025-06-24,2018-01-02,2024-03-28,Information Technology
US35086T1097,FCPT,2018-01-10,2025-06-24,2018-01-02,2024-03-28,Consumer Discretionary
US76680V1089,REI,2018-01-22,2025-06-24,2018-02-13,2020-04-30,Utilities
US38046C1099,GOGO,2018-01-09,2025-06-24,2022-03-31,2024-03-28,Communication Services
US12662P1084,CVI,2018-01-22,2025-06-24,2023-04-03,2024-03-28,Energy
US55306N1046,MKSI,2018-01-09,2025-06-24,2018-01-02,2024-03-28,Information Technology
US7739031091,ROK,2018-01-10,2025-06-24,2018-01-02,2024-03-28,Industrials
US5679081084,HZO,2018-01-17,2025-06-24,2018-01-02,2024-03-28,Consumer Discretionary
US91325V1089,UNIT,2018-01-08,2025-06-24,2018-01-02,2024-03-28,Financials
US58506Q1094,MEDP,2018-01-21,2025-06-24,2019-01-02,2024-03-28,Health Care
US6292093050,NMIH,2018-01-08,2025-06-24,2018-01-02,2024-03-28,Financials
US1924221039,CGNX,2018-01-11,2025-06-24,2018-01-02,2024-03-28,Industrials
US4932671088,KEY,2018-01-11,2025-06-24,2018-01-02,2024-03-28,Financials
US68287N1000,OSPN,2018-06-04,2025-06-24,2020-05-01,2024-01-31,Information Technology
US71880K1016,PHIN,2023-06-28,2025-06-24,2023-07-05,2024-03-28,Consumer Discretionary
US74267C1062,PRA,2018-01-11,2025-06-24,2018-01-02,2024-03-28,Financials
US1475281036,CASY,2018-01-02,2025-06-24,2018-01-02,2024-03-28,Consumer Staples
US2674751019,DY,2018-01-08,2025-06-24,2018-01-02,2024-03-28,Industrials
US3020811044,EXLS,2018-01-23,2025-06-24,2018-01-02,2024-03-28,Information Technology
US28035Q1022,EPC,2018-01-16,2025-06-24,2018-01-02,2024-03-28,Consumer Staples
US69007J1060,OUT,2018-01-11,2025-06-24,2022-10-03,2024-03-28,Real Estate
US4657411066,ITRI,2018-01-01,2025-06-24,2018-01-02,2024-03-28,Information Technology
US46131B7047,IVR,2022-07-25,2025-06-24,2018-01-02,2024-01-31,Financials
US83193G1076,SMRT,2021-10-07,2025-06-24,2019-01-02,2020-04-30,Consumer Discretionary
US29089Q1058,EBS,2018-01-04,2025-06-24,2018-01-02,2024-01-31,Health Care
US3434121022,FLR,2018-01-03,2025-06-24,2018-01-02,2024-03-28,Industrials
US1572101053,CEVA,2018-01-03,2025-06-24,2018-01-02,2024-03-28,Information Technology
US8725401090,TJX,2018-01-03,2025-06-24,2018-01-02,2024-03-28,Consumer Discretionary
US2681501092,DT,2019-07-22,2025-06-24,2022-10-03,2024-03-28,Information Technology
US5543821012,MAC,2018-01-03,2025-06-24,2018-01-02,2024-03-28,Financials
US4663671091,JACK,2018-01-02,2025-06-24,2018-01-02,2024-03-28,Consumer Discretionary
US20564W1053,SCOR,2018-01-01,2025-06-24,2019-01-02,2020-04-30,Health Care
US0423155078,ARR,2018-01-02,2025-06-24,2018-01-02,2024-03-28,Financials
US1720621010,CINF,2018-01-04,2025-06-24,2018-01-02,2024-03-28,Financials
US00846U1016,A,2018-01-03,2025-06-24,2018-01-02,2024-03-28,Information Technology
US70509V1008,PEB,2018-01-04,2025-06-24,2018-12-03,2024-03-28,Real Estate
US74340E1038,PGNY,2019-10-25,2025-06-24,2021-03-01,2024-03-28,Health Care
US4523271090,ILMN,2018-01-02,2025-06-24,2018-01-02,2024-03-28,Health Care
US0352551081,ANIK,2018-01-02,2025-06-24,2018-01-02,2024-01-31,Health Care
US5018892084,LKQ,2018-01-05,2025-06-24,2018-01-02,2024-03-28,Consumer Discretionary
US7611521078,RMD,2018-01-03,2025-06-24,2018-01-02,2024-03-28,Health Care
US14316J1088,CG,2021-09-20,2025-06-24,2024-01-02,2024-03-28,Financials
US5253271028,LDOS,2018-01-02,2025-06-24,2018-01-02,2024-03-28,Information Technology
US4448591028,HUM,2018-01-03,2025-06-24,2018-01-02,2024-03-28,Health Care
US0017441017,AMN,2018-01-04,2025-06-24,2018-01-02,2024-03-28,Health Care
US75886F1075,REGN,2018-01-02,2025-06-24,2018-01-02,2024-03-28,Health Care
US4586653044,TILE,2018-01-03,2025-06-24,2018-01-02,2024-03-28,Consumer Discretionary
US95058W1009,WEN,2018-01-03,2025-06-24,2018-01-02,2024-03-28,Consumer Discretionary
US5168062058,LPI,2021-09-19,2025-06-24,2018-09-17,2023-01-31,Energy
US68621F1021,ORGO,2018-12-17,2025-06-24,2021-06-01,2023-03-31,Health Care
US4990491049,KNX,2018-01-04,2025-06-24,2018-01-02,2024-03-28,Industrials
US5128071082,LRCX,2018-01-03,2025-06-24,2018-01-02,2024-03-28,Information Technology
US1727551004,CRUS,2018-01-03,2025-06-24,2018-01-02,2024-03-28,Information Technology
US2310211063,CMI,2018-01-04,2025-06-24,2018-01-02,2024-03-28,Industrials
US36472T1097,GCI,2020-01-02,2025-06-24,2018-01-02,2023-06-30,Consumer Discretionary
US69354N1063,PRAA,2018-01-02,2025-06-24,2018-01-02,2024-03-28,Financials
US04621X1081,AIZ,2018-01-03,2025-06-24,2018-01-02,2024-03-28,Financials
US4101201097,HBHC,2018-01-04,2025-06-24,2018-01-02,2018-12-31,Financials
US4510553054,ICON,2020-01-19,2025-06-24,2019-01-02,2020-04-30,Consumer Discretionary
US0537741052,CAR,2018-01-03,2025-06-24,2018-01-02,2024-03-28,Industrials
US3142111034,FII,2018-01-03,2025-06-23,2018-01-02,2020-04-06,Financials
US87901J1051,TGNA,2018-01-03,2025-06-23,2018-01-02,2024-03-28,Consumer Discretionary
US8060371072,SCSC,2018-01-10,2025-06-23,2018-01-02,2024-03-28,Information Technology
US2942681071,PLUS,2018-01-11,2025-06-23,2018-01-02,2024-03-28,Information Technology
US1431301027,KMX,2018-01-03,2025-06-23,2018-01-02,2024-03-28,Consumer Discretionary
US89055F1030,BLD,2018-01-10,2025-06-23,2018-01-02,2024-03-28,Consumer Discretionary
US4131601027,HLIT,2018-01-11,2025-06-23,2018-01-02,2024-03-28,Information Technology
US1858991011,CLF,2018-01-03,2025-06-23,2020-05-01,2024-03-28,Materials
US2788651006,ECL,2018-01-02,2025-06-23,2018-01-02,2024-03-28,Industrials
US2183521028,CORT,2018-01-10,2025-06-23,2018-01-02,2024-03-28,Health Care
US98401F1057,XNCR,2018-01-05,2025-06-23,2020-05-01,2024-03-28,Health Care
US9807451037,WWD,2018-01-08,2025-06-23,2018-01-02,2024-03-28,Industrials
US36467J1088,GLPI,2018-01-04,2025-06-23,2024-01-02,2024-03-28,Information Technology
US03762U1051,ARI,2018-01-04,2025-06-23,2018-01-02,2024-03-28,Financials
US7403674044,PFBC,2018-01-08,2025-06-23,2018-07-06,2024-03-28,Financials
US44107P1049,HST,2018-01-08,2025-06-23,2018-01-02,2024-03-28,Financials
US55261F1049,MTB,2018-01-02,2025-06-23,2018-01-02,2024-03-28,Financials
US19239V3024,CCOI,2018-01-04,2025-06-23,2018-01-02,2024-03-28,Communication Services
US64111Q1040,NTGR,2018-01-01,2025-06-23,2018-01-02,2024-01-31,Information Technology
US68752M1080,OFIX,2019-02-25,2025-06-23,2018-01-02,2024-01-31,Health Care
US3802371076,GDDY,2018-01-01,2025-06-23,2024-01-02,2024-03-28,Information Technology
US5898891040,MMSI,2018-01-02,2025-06-23,2018-01-02,2024-03-28,Health Care
US13057Q3056,CRC,2021-09-16,2025-06-23,2019-01-02,2024-03-28,Energy
US6200763075,MSI,2018-01-11,2025-06-23,2018-01-02,2024-03-28,Information Technology
US02913V1035,APEI,2018-01-09,2025-06-23,2018-01-02,2022-09-30,Consumer Discretionary
US22052L1044,CTVA,2019-05-25,2025-06-23,2019-06-03,2024-03-28,Materials
US72703H1014,PLNT,2018-01-02,2025-06-23,2023-07-03,2024-03-28,Consumer Discretionary
US28176E1082,EW,2018-01-01,2025-06-23,2018-01-02,2024-03-28,Health Care
US45780L1044,INGN,2018-01-04,2025-06-23,2018-01-02,2023-06-30,Health Care
US04280A1007,ARWR,2018-01-04,2025-06-23,2020-05-01,2024-03-28,Health Care
US09062W2044,BLFS,2018-01-04,2025-06-23,2021-09-30,2024-03-28,Health Care
US23918K1088,DVA,2018-01-04,2025-06-23,2018-01-02,2024-03-28,Health Care
US9295661071,WNC,2018-01-02,2025-06-23,2018-01-02,2024-03-28,Industrials
US92343E1029,VRSN,2018-01-02,2025-06-23,2018-01-02,2024-03-28,Information Technology
US6914973093,OXM,2018-01-04,2025-06-23,2018-01-02,2024-03-28,Consumer Discretionary
US03475V1017,ANGO,2018-01-04,2025-06-23,2018-01-02,2024-01-31,Health Care
US6752321025,OII,2018-01-04,2025-06-23,2018-01-02,2024-03-28,Energy
US7005171050,PK,2018-01-03,2025-06-23,2020-05-01,2024-03-28,Consumer Discretionary
US00090Q1031,ADT,2018-01-18,2025-06-23,2019-01-02,2020-04-30,Industrials
US6934751057,PNC,2018-01-02,2025-06-23,2018-01-02,2024-03-28,Financials
US2289031005,CRY,2018-01-21,2025-06-23,2018-01-02,2021-12-31,Health Care
US03674X1063,AR,2018-01-17,2025-06-23,2022-10-03,2024-03-28,Energy
US12621E1038,CNO,2018-01-17,2025-06-23,2018-01-02,2024-03-28,Financials
US1442851036,CRS,2018-01-22,2025-06-23,2018-01-02,2024-03-28,Materials
US00847J1051,AGYS,2018-01-03,2025-06-23,2018-01-02,2024-03-28,Information Technology
US8070661058,SCHL,2018-01-17,2025-06-23,2018-01-02,2024-03-28,Consumer Discretionary
US23282W6057,CYTK,2018-01-03,2025-06-23,2018-01-02,2024-03-28,Health Care
US00766T1007,ACM,2018-01-03,2025-06-23,2018-01-02,2024-03-28,Industrials
US6935061076,PPG,2018-01-02,2025-06-23,2018-01-02,2024-03-28,Materials
US0773473006,BELFB,2018-01-02,2025-06-23,2018-01-02,2021-09-29,Information Technology
US1152361010,BRO,2018-01-02,2025-06-23,2018-01-02,2024-03-28,Financials
US3116421021,FARO,2018-01-20,2025-06-23,2018-01-02,2023-06-30,Information Technology
US8256901005,SSTK,2018-01-20,2025-06-23,2018-01-02,2024-03-28,Consumer Discretionary
US1417881091,CARG,2018-01-20,2025-06-23,2023-07-03,2024-03-28,Communication Services
US6907421019,OC,2018-01-19,2025-06-23,2020-05-01,2024-03-28,Industrials
US8010561020,SANM,2018-01-19,2025-06-23,2018-01-02,2024-03-28,Information Technology
US6460251068,NJR,2018-01-02,2025-06-23,2018-01-02,2024-03-28,Utilities
US03076C1062,AMP,2018-01-01,2025-06-23,2018-01-02,2024-03-28,Financials
US36162J1060,GEO,2018-01-19,2025-06-23,2018-01-02,2024-03-28,Industrials
US7033431039,PATK,2018-01-03,2025-06-23,2018-01-02,2024-03-28,Industrials
US3433891021,FTK,2018-01-03,2025-06-23,2018-01-02,2020-04-30,Materials
US4404521001,HRL,2018-01-02,2025-06-23,2018-01-02,2024-03-28,Consumer Staples
US29358P1012,ENSG,2018-01-02,2025-06-23,2018-01-02,2024-03-28,Health Care
US23331S1006,DHX,2018-01-19,2025-06-23,2018-01-02,2020-04-30,Information Technology
US46187W1071,INVH,2018-01-20,2025-06-23,2022-10-03,2024-03-28,Real Estate
US2220702037,COTY,2018-01-17,2025-06-23,2018-01-02,2024-03-28,Consumer Staples
US4108671052,THG,2018-01-03,2025-06-23,2018-01-02,2024-03-28,Financials
US48242W1062,KBR,2018-01-15,2025-06-23,2018-01-02,2024-03-28,Industrials
US26884U1097,EPR,2018-01-03,2025-06-23,2018-01-02,2024-03-28,Financials
US5779331041,MMS,2018-01-03,2025-06-23,2018-01-02,2024-03-28,Health Care
US88162G1031,TTEK,2018-01-17,2025-06-23,2018-01-02,2024-03-28,Industrials
US2333311072,DTE,2018-01-03,2025-06-23,2018-01-02,2024-03-28,Utilities
US5165441032,LNTH,2018-01-03,2025-06-23,2018-01-02,2024-03-28,Health Care
US98419M1009,XYL,2018-01-03,2025-06-23,2018-01-02,2024-03-28,Industrials
US0565251081,BMI,2018-01-03,2025-06-23,2018-01-02,2024-03-28,Industrials
US4368932004,HOMB,2018-01-03,2025-06-23,2018-01-02,2024-03-28,Financials
US8781551002,TISI,2018-01-16,2025-06-23,2018-01-02,2021-09-29,Industrials
US92276F1003,VTR,2018-01-16,2025-06-23,2018-01-02,2024-03-28,Financials
US82312B1061,SHEN,2018-01-22,2025-06-23,2020-05-01,2024-03-28,Communication Services
US1699051066,CHH,2018-01-03,2025-06-23,2020-05-01,2024-03-28,Consumer Discretionary
US74164M1080,PRI,2018-01-22,2025-06-23,2018-01-02,2024-03-28,Financials
US68628V3087,ORN,2018-01-22,2025-06-23,2018-01-02,2020-04-30,Industrials
US92532F1003,VRTX,2018-01-01,2025-06-23,2018-01-02,2024-03-28,Health Care
US1046741062,BRC,2018-01-02,2025-06-23,2018-01-02,2024-03-28,Industrials
US66611T1088,NFBK,2018-01-23,2025-06-23,2018-01-02,2024-03-28,Financials
US92214X1063,VREX,2018-01-16,2025-06-23,2018-01-02,2024-03-28,Health Care
US1844961078,CLH,2018-01-01,2025-06-23,2018-01-02,2024-03-28,Industrials
US12503M1080,CBOE,2018-01-03,2025-06-23,2018-01-02,2024-03-28,Financials
US01988P1084,MDRX,2018-01-08,2025-06-23,2018-01-02,2024-03-28,Health Care
US7589321071,RGS,2018-01-08,2025-06-23,2018-01-02,2021-09-29,Consumer Discretionary
US92345Y1064,VRSK,2018-01-08,2025-06-23,2018-01-02,2024-03-28,Industrials
US4943681035,KMB,2018-01-05,2025-06-23,2018-01-02,2024-03-28,Consumer Staples
US0396531008,ACA,2018-10-16,2025-06-23,2018-11-06,2024-03-28,Industrials
US5261071071,LII,2018-01-04,2025-06-23,2018-01-02,2024-03-28,Industrials
US3687361044,GNRC,2018-01-05,2025-06-23,2020-05-01,2024-03-28,Industrials
US86272C1036,STRA,2018-10-01,2025-06-23,2018-01-02,2024-03-28,Consumer Discretionary
US12008R1077,BLDR,2018-01-06,2025-06-23,2020-01-02,2024-03-28,Industrials
US6517185046,NR,2018-01-05,2025-06-23,2018-01-02,2020-04-30,Energy
US21874C1027,CNM,2021-07-23,2025-06-23,2024-01-02,2024-03-28,Industrials
US1273871087,CDNS,2018-01-05,2025-06-23,2018-01-02,2024-03-28,Information Technology
US8163073005,SLQT,2020-05-20,2025-06-23,2021-06-01,2022-09-30,Financials
US9026531049,UDR,2018-01-04,2025-06-23,2018-01-02,2024-03-28,Financials
US85208M1027,SFM,2018-01-04,2025-06-23,2018-01-02,2024-03-28,Consumer Staples
US75508B1044,RYAM,2018-01-04,2025-06-23,2018-01-02,2023-06-30,Materials
US4195961010,HVT,2018-01-08,2025-06-23,2018-01-02,2024-03-28,Consumer Discretionary
US1653031088,CPK,2018-01-05,2025-06-23,2020-01-02,2024-03-28,Utilities
US08986R3093,BH,2018-05-01,2025-06-21,2018-01-02,2020-04-30,Consumer Discretionary
US8760301072,TPR,2018-01-03,2025-06-21,2018-01-02,2024-03-28,Consumer Discretionary
US71424F1057,PR,2022-09-07,2025-06-21,2024-01-02,2024-03-28,Energy
US00676P1075,ADEA,2022-10-03,2025-06-20,2022-10-03,2024-03-28,Information Technology
US49714P1084,KNSL,2018-01-19,2025-06-20,2020-05-01,2024-03-28,Financials
US05550J1016,BJ,2018-06-26,2025-06-20,2020-05-01,2024-03-28,Consumer Discretionary
US75901B1070,RGNX,2018-01-01,2025-06-20,2018-06-07,2024-03-28,Health Care
US68629Y1038,ONL,2021-11-01,2025-06-20,2021-12-01,2024-01-31,Real Estate
US11133T1034,BR,2018-01-02,2025-06-20,2018-01-02,2024-03-28,Energy
US0067391062,ADUS,2018-01-18,2025-06-20,2018-12-03,2024-03-28,Health Care
US00215F1075,ATNI,2018-01-03,2025-06-20,2018-01-02,2024-03-28,Communication Services
US05329W1027,AN,2018-01-04,2025-06-20,2018-01-02,2024-03-28,Consumer Discretionary
US8581191009,STLD,2018-01-19,2025-06-20,2018-01-02,2024-03-28,Materials
US58470H1014,MED,2018-01-16,2025-06-20,2018-01-02,2024-03-28,Consumer Staples
US78442P1066,SLM,2018-01-09,2025-06-20,2018-01-02,2024-03-28,Financials
US8969452015,TRIP,2018-01-02,2025-06-20,2018-01-02,2024-03-28,Consumer Discretionary
US98850P1093,YUMC,2018-01-08,2025-06-20,2019-01-02,2020-04-30,Consumer Discretionary
US45073V1089,ITT,2018-01-20,2025-06-20,2018-01-02,2024-03-28,Industrials
US3635761097,AJG,2018-01-12,2025-06-20,2018-01-02,2024-03-28,Financials
US62944T1051,NVR,2018-01-20,2025-06-20,2018-01-02,2024-03-28,Consumer Discretionary
US5404241086,L,2018-01-01,2025-06-20,2018-01-02,2024-03-28,Financials
US01741R1023,ATI,2018-01-08,2025-06-20,2018-01-02,2024-03-28,Materials
US7595091023,RS,2018-01-03,2025-06-20,2018-01-02,2024-03-28,Industrials
US00773T1016,ASIX,2018-01-17,2025-06-20,2018-01-02,2024-03-28,Industrials
US8753722037,TNDM,2018-01-03,2025-06-20,2021-09-30,2024-03-28,Health Care
US3463751087,FORM,2018-01-20,2025-06-20,2018-03-12,2024-03-28,Information Technology
US2296631094,CUBE,2018-01-03,2025-06-20,2023-02-01,2024-03-28,Real Estate
US48238T1097,KAR,2018-01-19,2025-06-20,2020-05-01,2024-03-28,Industrials
US8641591081,RGR,2018-01-03,2025-06-20,2018-01-02,2024-03-28,Consumer Discretionary
US87256C1018,TKO,2023-09-12,2025-06-20,2024-01-02,2024-03-28,Communication Services
US8982021060,TRUP,2018-01-01,2025-06-20,2020-01-02,2024-03-28,Financials
US15872M1045,CHX,2020-06-04,2025-06-20,2020-01-02,2024-03-28,Energy
US46284V1017,IRM,2018-01-02,2025-06-20,2018-01-02,2024-03-28,Industrials
US98379L1008,XPEL,2019-07-19,2025-06-20,2022-02-01,2024-03-28,Consumer Discretionary
US7445731067,PEG,2018-01-03,2025-06-20,2018-01-02,2024-03-28,Utilities
US53635B1070,LQDT,2018-01-03,2025-06-20,2018-01-02,2024-03-28,Consumer Discretionary
US2058262096,CMTL,2018-01-08,2025-06-20,2018-01-02,2023-06-30,Information Technology
US0144911049,ALEX,2018-01-12,2025-06-20,2018-01-02,2024-03-28,Industrials
US15135B1017,CNC,2018-01-03,2025-06-20,2018-01-02,2024-03-28,Financials
US46590V1008,JBGS,2018-01-18,2025-06-20,2018-01-02,2024-03-28,Real Estate
US9029733048,USB,2018-01-02,2025-06-20,2018-01-02,2024-03-28,Financials
US39304D1028,GDOT,2018-01-01,2025-06-20,2018-01-02,2024-03-28,Financials
US35243J1016,FBRT,2021-10-18,2025-06-20,2021-10-19,2024-03-28,Financials
US00164V1035,AMCX,2018-01-02,2025-06-19,2018-01-02,2024-03-28,Consumer Discretionary
US8968181011,TGI,2018-01-02,2025-06-19,2018-01-02,2024-03-28,Industrials
US9892071054,ZBRA,2018-01-05,2025-06-19,2018-01-02,2024-03-28,Information Technology
US7766961061,ROP,2018-01-03,2025-06-19,2018-01-02,2024-03-28,Industrials
US0341641035,ANDE,2018-01-08,2025-06-19,2018-01-02,2024-03-28,Consumer Staples
US90187B4086,TWO,2018-01-16,2025-06-18,2021-06-01,2024-03-28,Financials
US4571871023,INGR,2018-01-04,2025-06-18,2018-01-02,2024-03-28,Consumer Staples
US81725T1007,SXT,2018-01-21,2025-06-18,2018-01-02,2024-03-28,Consumer Staples
US45168D1046,IDXX,2018-01-02,2025-06-18,2018-01-02,2024-03-28,Health Care
US92942W1071,KLG,2023-09-28,2025-06-18,2024-01-02,2024-03-28,Consumer Staples
US1564311082,CENX,2018-01-03,2025-06-18,2018-01-02,2024-03-28,Materials
US3810131017,GDEN,2018-01-16,2025-06-18,2022-03-31,2024-03-28,Consumer Discretionary
US5381461012,LPSN,2018-01-03,2025-06-18,2018-01-02,2023-06-30,Information Technology
US37959E1029,GL,2019-08-09,2025-06-18,2019-08-12,2024-03-28,Financials
US68235P1084,OGS,2018-01-08,2025-06-18,2018-01-02,2024-03-28,Utilities
US0893021032,BIG,2018-01-08,2025-06-18,2018-01-02,2023-06-30,Consumer Discretionary
US7504911022,RDNT,2018-01-08,2025-06-18,2020-05-01,2024-03-28,Health Care
US03784Y2000,APLE,2018-01-12,2025-06-18,2024-01-02,2024-03-28,Real Estate
US8308791024,SKYW,2018-01-08,2025-06-18,2018-01-02,2024-03-28,Industrials
US9427491025,WTS,2018-01-09,2025-06-18,2018-01-02,2024-03-28,Industrials
US87403A1079,TLRD,2018-01-01,2025-06-18,2018-01-02,2020-04-30,Consumer Discretionary
US0255371017,AEP,2018-01-02,2025-06-18,2018-01-02,2024-03-28,Utilities
US45780R1014,IBP,2018-01-16,2025-06-18,2018-01-02,2024-03-28,Consumer Discretionary
US9660842041,WSR,2018-01-02,2025-06-18,2018-01-02,2024-03-28,Real Estate
US71363P1066,PRDO,2020-01-02,2025-06-18,2020-05-01,2024-03-28,Consumer Discretionary
US9129091081,X,2018-01-04,2025-06-18,2018-01-02,2024-03-28,Materials
US57638P1049,MBC,2022-12-12,2025-06-18,2023-02-01,2024-03-28,Industrials
US78709Y1055,SAIA,2018-01-10,2025-06-18,2018-01-02,2024-03-28,Industrials
US25400W1027,APPS,2018-01-22,2025-06-18,2021-09-30,2024-03-28,Information Technology
US5764852050,MTDR,2018-01-05,2025-06-18,2018-01-02,2024-03-28,Energy
US24906P1093,XRAY,2018-01-10,2025-06-18,2018-01-02,2024-03-28,Health Care
US63845R1077,EYE,2018-01-22,2025-06-18,2022-05-02,2024-03-28,Consumer Discretionary
US98978V1035,ZTS,2018-01-08,2025-06-18,2018-01-02,2024-03-28,Health Care
US26484T1060,DNB,2021-09-29,2025-06-18,2018-01-02,2018-12-31,Industrials
US3205171057,FHN,2018-01-05,2025-06-18,2018-01-02,2024-03-28,Financials
US69351T1060,PPL,2018-01-08,2025-06-18,2018-01-02,2024-03-28,Utilities
US45765U1034,NSIT,2018-01-04,2025-06-18,2018-01-02,2024-03-28,Consumer Discretionary
US3023011063,EZPW,2018-01-22,2025-06-18,2018-01-02,2024-03-28,Financials
US0162551016,ALGN,2018-01-02,2025-06-18,2018-01-02,2024-03-28,Health Care
US45167R1041,IEX,2018-01-02,2025-06-18,2018-01-02,2024-03-28,Industrials
US0846801076,BHLB,2018-01-04,2025-06-18,2018-06-11,2024-03-28,Financials
US29364G1031,ETR,2018-01-05,2025-06-18,2018-01-02,2024-03-28,Utilities
US2358252052,DAN,2018-01-17,2025-06-18,2018-01-02,2024-03-28,Consumer Discretionary
US6284641098,MYE,2018-01-03,2025-06-18,2018-01-02,2024-03-28,Materials
US6655313079,NOG,2021-09-20,2025-06-18,2019-01-02,2024-03-28,Energy
US87157D1090,SYNA,2018-01-08,2025-06-18,2018-01-02,2024-03-28,Information Technology
US8292141053,SLP,2018-01-01,2025-06-18,2020-05-01,2024-03-28,Information Technology
US02005N1000,ALLY,2018-01-04,2025-06-18,2024-01-02,2024-03-28,Financials
US79546E1047,SBH,2018-01-21,2025-06-18,2018-01-02,2024-03-28,Consumer Discretionary
US6361801011,NFG,2018-01-02,2025-06-18,2018-01-02,2024-03-28,Utilities
US37247D1063,GNW,2018-01-04,2025-06-18,2018-01-02,2024-03-28,Financials
US69318G1067,PBF,2018-01-02,2025-06-18,2018-01-02,2024-03-28,Energy
US0545402085,ACLS,2018-01-05,2025-06-18,2018-01-02,2024-03-28,Information Technology
US84857L1017,SR,2018-01-05,2025-06-18,2018-01-02,2024-03-28,Industrials
US7593516047,RGA,2018-01-01,2025-06-18,2018-01-02,2024-03-28,Financials
US92511U1025,VRRM,2018-10-18,2025-06-18,2023-04-03,2024-03-28,Industrials
US43283X1054,HGV,2018-01-02,2025-06-18,2023-04-03,2024-03-28,Consumer Discretionary
US7234841010,PNW,2018-01-03,2025-06-18,2018-01-02,2024-03-28,Utilities
US06777U1016,BNED,2018-01-03,2025-06-17,2018-01-02,2022-03-30,Consumer Discretionary
US45774W1080,IIIN,2018-01-18,2025-06-17,2018-01-02,2024-03-28,Industrials
US5627501092,MANH,2018-01-09,2025-06-17,2018-01-02,2024-03-28,Information Technology
US2582781009,DORM,2018-01-03,2025-06-17,2018-01-02,2024-03-28,Consumer Discretionary
US9396531017,WRE,2018-01-02,2025-06-17,2019-01-02,2022-09-30,Real Estate
US0268747849,AIG,2018-01-09,2025-06-17,2018-01-02,2024-03-28,Financials
US2082421072,CONN,2018-01-02,2025-06-17,2019-01-02,2023-01-31,Consumer Discretionary
US4023071024,GIFI,2018-01-23,2025-06-17,2018-01-02,2020-04-30,Energy
US0009571003,ABM,2018-01-12,2025-06-17,2018-01-02,2024-03-28,Industrials
US92552V1008,VSAT,2018-01-03,2025-06-17,2018-01-02,2024-03-28,Information Technology
US46269C1027,IRDM,2018-01-03,2025-06-17,2018-01-02,2024-03-28,Communication Services
US74112D1019,PBH,2018-01-02,2025-06-17,2018-01-02,2024-03-28,Consumer Staples
US9478901096,WBS,2018-01-03,2025-06-17,2018-01-02,2024-03-28,Financials
US38741L1070,GPMT,2018-01-17,2025-06-17,2018-08-01,2023-03-31,Financials
US2576511099,DCI,2018-01-21,2025-06-17,2018-01-02,2024-03-28,Industrials
US7591EP1005,RF,2018-01-02,2025-06-17,2018-01-02,2024-03-28,Financials
US2274831047,CCRN,2018-01-03,2025-06-17,2018-01-02,2024-03-28,Health Care
US1263491094,CSGS,2018-01-02,2025-06-17,2018-01-02,2024-03-28,Industrials
US4223471040,HTLD,2018-01-09,2025-06-17,2018-01-02,2024-03-28,Industrials
US3602711000,FULT,2018-01-04,2025-06-17,2018-01-02,2024-03-28,Financials
US87161C5013,SNV,2018-01-02,2025-06-17,2018-01-02,2024-03-28,Financials
US5002551043,KSS,2018-01-01,2025-06-17,2018-01-02,2024-03-28,Consumer Discretionary
US45687V1061,IR,2021-09-20,2025-06-17,2018-01-02,2024-03-28,Industrials
US42238H1086,BEAT,2022-07-28,2025-06-17,2018-01-02,2020-12-31,Health Care
US71844V2016,PECO,2021-07-15,2025-06-17,2023-07-03,2024-03-28,Real Estate
US90328M1071,USNA,2018-01-08,2025-06-17,2020-05-01,2024-03-28,Consumer Staples
US68213N1090,OMCL,2018-01-19,2025-06-17,2018-01-02,2024-03-28,Health Care
US03937C1053,ARCB,2018-01-05,2025-06-17,2018-01-02,2024-03-28,Industrials
US36116M1062,FF,2018-01-20,2025-06-17,2018-01-02,2024-01-31,Materials
US3927091013,GRBK,2018-01-08,2025-06-17,2022-08-01,2024-03-28,Consumer Discretionary
US73278L1052,POOL,2018-01-21,2025-06-17,2018-01-02,2024-03-28,Consumer Discretionary
US2166484020,COO,2018-01-01,2025-06-17,2018-01-02,2024-03-28,Health Care
US34354P1057,FLS,2018-01-02,2025-06-17,2018-01-02,2024-03-28,Industrials
US4974981056,KIRK,2018-01-02,2025-06-17,2018-01-02,2020-04-30,Consumer Discretionary
US9292361071,WDFC,2018-01-09,2025-06-17,2018-01-02,2024-03-28,Consumer Staples
US2681582019,DVAX,2018-01-04,2025-06-17,2022-05-02,2024-03-28,Health Care
US6951561090,PKG,2018-01-09,2025-06-17,2018-01-02,2024-03-28,Materials
US0305061097,AMWD,2018-01-05,2025-06-17,2018-01-02,2024-03-28,Industrials
US1156372096,BFB,2018-01-04,2025-06-17,2018-01-02,2024-03-28,Consumer Staples
US1331311027,CPT,2018-01-05,2025-06-17,2018-01-02,2024-03-28,Financials
US90278Q1085,UFPI,2021-09-27,2025-06-17,2018-01-02,2024-03-28,Industrials
US9224171002,VECO,2018-01-05,2025-06-17,2018-01-02,2024-03-28,Information Technology
US1270971039,COG,2018-01-02,2025-06-17,2018-01-02,2021-09-29,Energy
US2057683029,CRK,2018-01-01,2025-06-17,2023-04-03,2024-03-28,Energy
US64115T1043,NTCT,2018-01-10,2025-06-17,2018-01-02,2024-03-28,Information Technology
US8064071025,HSIC,2018-01-05,2025-06-17,2018-01-02,2024-03-28,Health Care
US43940T1097,HOPE,2018-01-02,2025-06-17,2018-01-02,2024-03-28,Financials
US0042391096,AKR,2018-01-05,2025-06-16,2018-01-02,2024-03-28,Financials
US01749D1054,ALGM,2020-11-02,2025-06-16,2023-02-01,2024-03-28,Information Technology
US7163821066,PETS,2018-01-16,2025-06-16,2018-01-02,2023-06-30,Consumer Discretionary
US9134831034,UEIC,2018-01-03,2025-06-16,2018-01-02,2023-03-31,Consumer Discretionary
US98980F1049,ZI,2020-06-02,2025-06-16,2023-07-03,2024-03-28,Communication Services
US33768G1076,FCFS,2022-02-24,2025-06-16,2018-01-02,2024-03-28,Financials
US69047Q1022,OVV,2020-01-28,2025-06-16,2023-07-03,2024-03-28,Energy
US2210061097,CRVL,2018-01-12,2025-06-16,2018-01-02,2024-03-28,Health Care
US32020R1095,FFIN,2018-01-02,2025-06-16,2018-01-02,2024-03-28,Financials
US12685J1051,CABO,2018-01-05,2025-06-16,2018-01-02,2024-03-28,Consumer Discretionary
US8666831057,SNCY,2021-03-10,2025-06-16,2022-08-01,2024-03-28,Industrials
US4988941047,KNF,2023-05-25,2025-06-16,2023-07-03,2024-03-28,Materials
US0231398845,AMBC,2018-01-12,2025-06-16,2018-06-05,2024-03-28,Financials
US8085411069,SWM,2018-01-11,2025-06-16,2018-01-02,2022-07-29,Consumer Staples
US85254J1025,STAG,2018-01-04,2025-06-16,2023-07-03,2024-03-28,Real Estate
US05990K1060,BANC,2018-01-16,2025-06-16,2018-01-02,2024-03-28,Financials
US4562371066,ILPT,2018-01-12,2025-06-16,2020-05-01,2023-03-31,Real Estate
US89679E3009,TBK,2018-01-12,2025-06-16,2018-08-06,2023-01-31,Financials
US81761L1026,SVC,2019-10-10,2025-06-16,2020-05-01,2024-03-28,Industrials
US6742152076,OAS,2021-09-30,2025-06-16,2018-05-01,2020-04-30,Energy
US1925761066,COHU,2018-01-03,2025-06-16,2018-01-02,2024-03-28,Information Technology
US5880561015,MERC,2018-01-01,2025-06-16,2019-01-02,2024-03-28,Materials
US8589271068,STEL,2022-10-18,2025-06-16,2022-10-03,2024-03-28,Financials
US4128221086,HOG,2018-01-02,2025-06-16,2018-01-02,2024-03-28,Consumer Discretionary
US00790R1041,WMS,2018-01-08,2025-06-16,2023-04-03,2024-03-28,Industrials
US8754651060,SKT,2018-01-02,2025-06-16,2018-01-02,2024-03-28,Financials
US5290431015,LXP,2018-01-09,2025-06-16,2018-01-02,2024-03-28,Financials
US4403271046,HMN,2018-01-18,2025-06-16,2018-01-02,2024-03-28,Financials
US67623C1099,OPI,2019-01-02,2025-06-16,2019-01-02,2024-01-31,Real Estate
US5367971034,LAD,2018-01-04,2025-06-16,2018-01-02,2024-03-28,Consumer Discretionary
US2074101013,CNMD,2018-01-02,2025-06-16,2018-01-02,2024-03-28,Health Care
US63935N1072,NCI,2018-01-20,2025-06-16,2018-01-02,2018-12-31,Industrials
US1220171060,BURL,2018-01-04,2025-06-16,2024-01-02,2024-03-28,Consumer Discretionary
US14888U1016,CPRX,2018-01-21,2025-06-16,2022-10-03,2024-03-28,Health Care
US8684591089,SUPN,2018-01-02,2025-06-16,2018-01-02,2024-03-28,Health Care
US83545G1022,SAH,2018-01-21,2025-06-16,2018-01-02,2024-03-28,Consumer Discretionary
US14174T1079,CTRE,2018-01-21,2025-06-16,2018-01-02,2024-03-28,Financials
US03209R1032,AMPH,2018-01-19,2025-06-16,2018-01-02,2024-03-28,Health Care
US05368V1061,AVNT,2020-07-13,2025-06-16,2020-01-02,2024-03-28,Materials
US8965221091,TRN,2018-01-04,2025-06-16,2018-01-02,2024-03-28,Industrials
US6102361010,MNRO,2018-01-19,2025-06-16,2018-01-02,2024-03-28,Consumer Discretionary
US37364X1090,GEOS,2018-01-21,2025-06-16,2018-01-02,2020-12-31,Energy
US1184401065,BKE,2018-01-04,2025-06-16,2018-01-02,2024-03-28,Consumer Discretionary
US78573M1045,SABR,2018-01-05,2025-06-16,2018-01-02,2024-03-28,Information Technology
US25787G1004,DFIN,2018-01-21,2025-06-16,2018-01-02,2024-03-28,Financials
US0116421050,ALRM,2018-01-08,2025-06-16,2018-01-02,2024-03-28,Information Technology
US52603B1070,TREE,2018-01-05,2025-06-16,2018-01-02,2023-06-30,Financials
US1630861011,CHEF,2018-01-08,2025-06-16,2018-10-10,2024-03-28,Consumer Staples
US6267551025,MUSA,2018-01-02,2025-06-16,2018-01-02,2024-03-28,Consumer Discretionary
US1311931042,ELY,2018-01-18,2025-06-16,2018-01-02,2022-09-30,Consumer Discretionary
US19459J1043,COLL,2018-01-10,2025-06-16,2021-01-04,2024-03-28,Health Care
US6098391054,MPWR,2018-01-17,2025-06-16,2018-01-02,2024-03-28,Information Technology
US8679141031,STI,2018-01-02,2025-06-16,2018-01-02,2019-12-05,Financials
US46817M1071,JXN,2021-09-09,2025-06-16,2024-01-02,2024-03-28,Financials
US00737L1035,ATGE,2018-01-08,2025-06-16,2018-01-02,2024-03-28,Consumer Discretionary
US9103401082,UFCS,2018-01-17,2025-06-16,2018-01-02,2024-03-28,Financials
US46565G1040,ITOS,2020-07-24,2025-06-16,2022-01-03,2024-01-31,Health Care
US70959W1036,PAG,2018-01-03,2025-06-16,2024-01-02,2024-03-28,Consumer Discretionary
US91359V1070,UVE,2018-01-04,2025-06-16,2018-01-02,2024-01-31,Financials
US1491501045,CATY,2018-01-03,2025-06-16,2018-01-02,2024-03-28,Financials
US7374461041,POST,2018-01-10,2025-06-16,2018-01-02,2024-03-28,Consumer Staples
US00182C1036,ANIP,2018-01-02,2025-06-16,2018-01-02,2024-03-28,Health Care
US59001A1025,MTH,2018-01-08,2025-06-16,2018-01-02,2024-03-28,Consumer Discretionary
US4884011002,KMPR,2018-01-10,2025-06-16,2018-01-02,2024-03-28,Financials
US92346J1088,VCEL,2018-01-02,2025-06-16,2021-03-01,2024-03-28,Health Care
US75574U1016,RC,2018-10-01,2025-06-14,2020-05-01,2024-03-28,Real Estate
US6350171061,FIZZ,2018-01-20,2025-06-14,2020-05-01,2024-03-28,Consumer Staples
US1495681074,CVCO,2018-01-21,2025-06-14,2018-01-02,2024-03-28,Consumer Discretionary
US1280302027,CALM,2018-01-05,2025-06-14,2018-01-02,2024-03-28,Consumer Staples
US02215L2097,ALTM,2021-10-04,2025-06-14,2024-01-02,2024-03-28,Materials
US1729081059,CTAS,2018-01-08,2025-06-14,2018-01-02,2024-03-28,Industrials
US9202531011,VMI,2018-01-09,2025-06-13,2018-01-02,2024-03-28,Industrials
US5528481030,MTG,2018-01-09,2025-06-13,2021-01-04,2024-03-28,Financials
US4627261005,IRBT,2018-01-08,2025-06-13,2018-01-02,2024-03-28,Consumer Discretionary
US31620R3030,FNF,2018-01-02,2025-06-13,2024-01-02,2024-03-28,Financials
US9814191048,WRLD,2018-01-04,2025-06-13,2018-01-02,2024-03-28,Financials
US9840171030,XHR,2018-01-12,2025-06-13,2020-05-01,2024-03-28,Consumer Discretionary
US09739D1000,BCC,2018-01-02,2025-06-13,2018-01-02,2024-03-28,Materials
US45781V1017,IIPR,2018-01-02,2025-06-13,2019-01-02,2024-03-28,Real Estate
US55305B1017,MHO,2018-01-23,2025-06-13,2018-01-02,2024-03-28,Consumer Discretionary
US45826H1095,ITGR,2018-01-02,2025-06-13,2018-01-02,2024-03-28,Health Care
US3535141028,FELE,2018-01-03,2025-06-13,2018-01-02,2024-03-28,Industrials
US1096961040,BCO,2018-01-10,2025-06-13,2018-01-02,2024-03-28,Industrials
US26969P1084,EXP,2018-01-16,2025-06-13,2018-01-02,2024-03-28,Materials
US6951271005,PCRX,2018-01-03,2025-06-13,2020-05-01,2024-03-28,Health Care
US8404411097,SSB,2018-01-02,2025-06-13,2023-04-03,2024-03-28,Financials
US97650W1080,WTFC,2018-01-03,2025-06-13,2018-01-02,2024-03-28,Financials
US88162F1057,TTI,2018-01-22,2025-06-13,2018-01-02,2020-04-30,Energy
US9234511080,VBTX,2018-01-03,2025-06-13,2018-10-11,2024-03-28,Financials
US8110544025,SSP,2018-01-05,2025-06-13,2018-01-02,2024-03-28,Consumer Discretionary
US5745991068,MAS,2018-01-03,2025-06-13,2018-01-02,2024-03-28,Industrials
US2545431015,DIOD,2018-01-10,2025-06-13,2018-01-02,2024-03-28,Information Technology
US3614481030,GATX,2018-01-04,2025-06-13,2018-01-02,2024-03-28,Financials
US90337L1089,USPH,2018-01-01,2025-06-13,2018-01-02,2024-03-28,Health Care
US5771281012,MATW,2018-01-21,2025-06-13,2018-01-02,2024-03-28,Consumer Discretionary
US45781M1018,INVA,2018-01-22,2025-06-12,2018-01-02,2024-03-28,Health Care
US12653C1080,CNX,2020-01-02,2025-06-12,2018-01-02,2024-03-28,Energy
US05969A1051,TBBK,2018-01-22,2025-06-12,2021-06-01,2024-03-28,Financials
US8713321029,SLVM,2021-09-28,2025-06-12,2021-10-01,2024-03-28,Materials
US25525P1075,DHC,2021-09-23,2025-06-12,2020-05-01,2023-01-31,Real Estate
US0303711081,AVD,2018-01-19,2025-06-12,2018-01-02,2024-01-31,Materials
US74762E1029,PWR,2018-01-22,2025-06-12,2018-01-02,2024-03-28,Industrials
US7580754023,RWT,2018-01-20,2025-06-12,2018-07-25,2024-03-28,Financials
US30257X1046,FBK,2018-01-05,2025-06-12,2020-01-02,2024-03-28,Financials
US6988131024,PZZA,2018-01-03,2025-06-12,2018-01-02,2024-03-28,Consumer Discretionary
US8170705011,SENEA,2018-01-21,2025-06-12,2018-01-02,2023-06-30,Consumer Staples
US8998961044,TUP,2018-01-03,2025-06-12,2018-01-02,2023-01-31,Consumer Discretionary
US91359E1055,UHT,2018-01-21,2025-06-12,2018-01-02,2024-03-28,Financials
US3724601055,GPC,2018-01-16,2025-06-12,2018-01-02,2024-03-28,Industrials
US4523081093,ITW,2018-01-04,2025-06-12,2018-01-02,2024-03-28,Industrials
US5747951003,MASI,2018-01-02,2025-06-12,2018-01-02,2024-03-28,Health Care
US2480191012,DLX,2018-01-03,2025-06-12,2018-01-02,2024-03-28,Industrials
US0454871056,ASB,2018-01-02,2025-06-12,2018-01-02,2024-03-28,Financials
US11120U1051,BRX,2018-01-03,2025-06-12,2019-01-02,2024-03-28,Real Estate
US3848021040,GWW,2018-01-10,2025-06-12,2018-01-02,2024-03-28,Industrials
US58502B1061,MD,2018-01-06,2025-06-12,2018-01-02,2024-03-28,Health Care
US3825501014,GT,2018-01-10,2025-06-12,2018-01-02,2024-03-28,Consumer Discretionary
US85571B1052,STWD,2018-01-04,2025-06-12,2023-04-03,2024-03-28,Financials
US05379B1070,AVA,2018-01-04,2025-06-12,2018-01-02,2024-03-28,Utilities
US8043951016,BFS,2018-01-08,2025-06-12,2018-01-02,2024-03-28,Financials
US62878D1000,NABL,2021-07-12,2025-06-12,2023-04-03,2024-03-28,Information Technology
US1282461052,CVGW,2018-01-04,2025-06-12,2018-01-02,2024-03-28,Consumer Staples
US98421M1062,XRX,2019-11-08,2025-06-11,2018-01-02,2024-03-28,Information Technology
US9814751064,INT,2018-01-23,2025-06-11,2018-01-02,2023-06-28,Energy
US3647601083,GPS,2018-01-01,2025-06-11,2018-01-02,2024-03-28,Consumer Discretionary
US4202611095,HWKN,2018-01-23,2025-06-11,2018-01-02,2024-03-28,Materials
US1462291097,CRI,2018-01-03,2025-06-11,2018-01-02,2024-03-28,Consumer Discretionary
US29251M1062,ENTA,2018-01-02,2025-06-11,2018-01-02,2024-01-31,Health Care
US89854H1023,TTEC,2018-01-11,2025-06-11,2018-01-02,2024-03-28,Information Technology
US7034811015,PTEN,2018-01-03,2025-06-11,2018-01-02,2024-03-28,Energy
US03748R7474,AIV,2021-09-30,2025-06-11,2018-01-02,2020-12-31,Financials
US2315611010,CW,2018-01-03,2025-06-11,2018-01-02,2024-03-28,Industrials
US9197941076,VLY,2018-01-02,2025-06-11,2018-01-02,2024-03-28,Financials
US74251V1026,PFG,2018-01-03,2025-06-11,2018-01-02,2024-03-28,Financials
US9293281021,WSFS,2018-01-04,2025-06-11,2021-01-04,2024-03-28,Financials
US30034W1062,EVRG,2018-06-05,2025-06-11,2019-01-02,2024-03-28,Utilities
US83125X1037,SNBR,2018-01-04,2025-06-11,2018-01-02,2024-01-31,Consumer Discretionary
US09227Q1004,BLKB,2018-01-12,2025-06-11,2018-01-02,2024-03-28,Information Technology
US92764N1028,VIR,2020-01-07,2025-06-11,2022-03-31,2024-03-28,Health Care
US22041X1028,CRSR,2020-09-22,2025-06-11,2022-02-01,2024-03-28,Information Technology
US03763A2078,AMEH,2018-01-08,2025-06-11,2021-06-01,2024-03-27,Health Care
US21871N1019,CXW,2018-01-13,2025-06-11,2018-01-02,2024-03-28,Industrials
US4131971040,HRMY,2020-08-17,2025-06-11,2021-09-30,2024-03-28,Health Care
US12740C1036,CADE,2022-02-24,2025-06-11,2020-05-01,2024-03-28,Financials
US0185811082,ADS,2018-01-02,2025-06-11,2018-01-02,2022-03-30,Information Technology
US92839U2069,VC,2018-01-04,2025-06-11,2018-07-11,2024-03-28,Consumer Discretionary
US3976241071,GEF,2018-01-02,2025-06-11,2018-01-02,2024-03-28,Materials
US48251K1007,KREF,2018-01-17,2025-06-10,2020-05-01,2024-03-28,Real Estate
US8807791038,TEX,2018-01-09,2025-06-10,2018-01-02,2024-03-28,Industrials
US56418H1005,MAN,2018-01-09,2025-06-10,2018-01-02,2024-03-28,Industrials
US03076K1088,ABCB,2018-01-02,2025-06-10,2018-01-02,2024-03-28,Financials
US50050N1037,KTB,2019-05-20,2025-06-10,2020-05-01,2024-03-28,Consumer Discretionary
US3932221043,GPRE,2018-01-02,2025-06-10,2018-01-02,2024-03-28,Energy
US7376301039,PCH,2018-01-02,2025-06-10,2018-01-02,2024-03-28,Materials
US5116561003,LKFN,2018-01-20,2025-06-10,2021-09-30,2024-03-28,Financials
US67098H1041,OI,2021-09-28,2025-06-10,2018-01-02,2024-03-28,Materials
US2053061030,CPSI,2018-01-01,2025-06-10,2018-01-02,2024-01-31,Health Care
US55303J1060,MGPI,2018-01-21,2025-06-10,2018-03-26,2024-03-28,Consumer Staples
US04316A1088,APAM,2018-01-10,2025-06-10,2023-07-03,2024-03-28,Financials
US38267D1090,GSHD,2018-04-25,2025-06-10,2024-01-02,2024-03-28,Financials
US0123481089,AIN,2018-01-09,2025-06-10,2018-01-02,2024-03-28,Industrials
US4511071064,IDA,2018-01-03,2025-06-10,2018-01-02,2024-03-28,Utilities
US6247561029,MLI,2018-01-20,2025-06-10,2018-01-02,2024-03-28,Industrials
US5339001068,LECO,2018-01-04,2025-06-10,2018-01-02,2024-03-28,Industrials
US46120E6023,ISRG,2018-01-03,2025-06-10,2018-01-02,2024-03-28,Health Care
US06417N1037,OZK,2018-07-16,2025-06-10,2020-05-01,2024-03-28,Financials
US5270641096,LESL,2020-10-28,2025-06-10,2022-10-03,2024-03-28,Consumer Discretionary
US5534981064,MSA,2018-01-02,2025-06-10,2018-01-02,2024-03-28,Industrials
US9026731029,UFPT,2018-01-11,2025-06-10,2023-07-03,2024-03-28,Health Care
US70805E1091,PNTG,2019-09-26,2025-06-10,2020-05-01,2023-03-31,Health Care
US70451X1046,PAYO,2021-06-28,2025-06-10,2022-10-03,2024-03-28,Information Technology
US2036681086,CYH,2018-01-01,2025-06-09,2018-01-02,2024-01-31,Health Care
US5012421013,KLIC,2018-01-04,2025-06-09,2018-01-02,2024-03-28,Information Technology
US60855R1005,MOH,2018-01-01,2025-06-09,2018-01-02,2024-03-28,Health Care
US7473161070,KWR,2018-01-17,2025-06-09,2018-01-02,2024-03-28,Materials
US8101861065,SMG,2018-01-02,2025-06-09,2018-01-02,2024-03-28,Materials
US4579852082,IART,2018-01-02,2025-06-09,2018-01-02,2024-03-28,Health Care
US89785X1019,TBI,2018-01-04,2025-06-09,2018-01-02,2024-03-28,Energy
US70014A1043,PKE,2020-01-06,2025-06-09,2018-01-02,2023-03-31,Information Technology
US6372151042,NPK,2018-01-21,2025-06-09,2018-01-02,2024-03-28,Consumer Discretionary
US7291321005,PLXS,2018-01-08,2025-06-09,2018-01-02,2024-03-28,Industrials
US27579R1041,EWBC,2018-01-13,2025-06-09,2018-01-02,2024-03-28,Financials
US4052171000,HAIN,2018-01-21,2025-06-09,2018-01-02,2024-03-28,Consumer Staples
US05350V1061,AVNS,2018-07-02,2025-06-09,2020-05-01,2024-03-28,Health Care
US8585861003,SCL,2018-01-04,2025-06-09,2018-01-02,2024-03-28,Materials
US9139031002,UHS,2018-01-03,2025-06-09,2018-01-02,2024-03-28,Health Care
US3198291078,FCF,2018-01-04,2025-06-09,2018-01-02,2024-03-28,Financials
US03071H1005,AMSF,2018-01-19,2025-06-09,2018-01-02,2024-03-28,Financials
US62886E1082,NCR,2018-01-02,2025-06-09,2018-01-02,2023-11-30,Information Technology
US1689051076,PLCE,2018-01-08,2025-06-09,2018-01-02,2023-06-30,Consumer Discretionary
US8983492047,TRST,2021-09-23,2025-06-09,2018-01-02,2024-03-28,Financials
US1143401024,BRKS,2018-01-16,2025-06-09,2018-01-02,2021-11-30,Information Technology
US81211K1007,SEE,2018-01-01,2025-06-09,2018-01-02,2024-03-28,Materials
US0298991011,AWR,2018-01-06,2025-06-09,2018-01-02,2024-03-28,Utilities
US05465C1009,AX,2018-10-01,2025-06-09,2020-05-01,2024-03-28,Financials
US8270481091,SLGN,2018-01-02,2025-06-09,2018-01-02,2024-03-28,Materials
US4262811015,JKHY,2018-01-03,2025-06-09,2018-01-02,2024-03-28,Information Technology
US5562691080,SHOO,2018-01-08,2025-06-09,2018-01-02,2024-03-28,Consumer Discretionary
US55616P1049,M,2018-01-01,2025-06-07,2018-01-02,2024-03-28,Consumer Discretionary
US3841091040,GGG,2018-01-03,2025-06-06,2018-01-02,2024-03-28,Industrials
US8860292064,THRY,2020-10-01,2025-06-06,2021-12-01,2024-03-28,Communication Services
US6907321029,OMI,2018-01-05,2025-06-06,2018-01-02,2024-03-28,Health Care
US8330341012,SNA,2018-01-03,2025-06-06,2018-01-02,2024-03-28,Consumer Discretionary
US7476191041,NX,2018-01-02,2025-06-06,2018-01-02,2024-03-28,Industrials
US55405W1045,MYRG,2018-01-20,2025-06-06,2018-01-02,2024-03-28,Industrials
US6896481032,OTTR,2018-01-20,2025-06-06,2023-04-03,2024-03-28,Utilities
US4590441030,IBOC,2018-01-10,2025-06-06,2018-01-02,2024-03-28,Financials
US02553E1064,AEO,2018-01-08,2025-06-06,2018-01-02,2024-03-28,Consumer Discretionary
US30069T1016,EE,2022-08-05,2025-06-05,2018-01-02,2020-04-30,Utilities
US6287781024,NBTB,2018-01-16,2025-06-05,2018-01-02,2024-03-28,Financials
US3795772082,GMED,2018-01-02,2025-06-05,2018-01-02,2024-03-28,Health Care
US68554V1089,OSUR,2018-01-04,2025-06-05,2018-01-02,2024-03-28,Health Care
US62855J1043,MYGN,2018-01-03,2025-06-05,2018-01-02,2024-03-28,Health Care
US63938C1080,NAVI,2018-01-02,2025-06-05,2018-01-02,2024-03-28,Financials
US8004221078,JBSS,2018-01-20,2025-06-05,2018-01-02,2024-03-28,Consumer Staples
US4104952043,HAFC,2018-01-22,2025-06-05,2018-01-02,2024-03-28,Financials
US3846371041,GHC,2018-01-04,2025-06-05,2018-01-02,2024-03-28,Consumer Discretionary
US0003611052,AIR,2018-01-09,2025-06-05,2018-01-02,2024-03-28,Industrials
US0936711052,HRB,2018-01-02,2025-06-05,2018-01-02,2024-03-28,Industrials
US48123V1026,JCOM,2018-01-03,2025-06-05,2018-01-02,2021-09-29,Information Technology
US91347P1057,OLED,2018-01-04,2025-06-04,2018-12-10,2024-03-28,Information Technology
US0357104092,NLY,2018-01-08,2025-06-04,2022-10-03,2024-03-28,Financials
US86333M1080,LRN,2021-09-17,2025-06-04,2022-08-01,2024-03-28,Consumer Discretionary
US92338C1036,VLTO,2023-09-28,2025-06-04,2024-01-02,2024-03-28,Industrials
US29275Y1029,ENS,2018-01-17,2025-06-04,2018-01-02,2024-03-28,Industrials
US9132591077,UTL,2018-01-23,2025-06-04,2021-06-01,2024-03-28,Utilities
US70439P1084,PAY,2021-10-07,2025-06-04,2018-01-02,2018-08-17,Information Technology
US6800331075,ONB,2018-01-03,2025-06-04,2018-01-02,2024-03-28,Financials
US71377A1034,PFGC,2018-01-23,2025-06-04,2021-09-30,2024-03-28,Consumer Staples
US92047W1018,VVV,2018-01-04,2025-06-04,2018-01-02,2024-03-28,Materials
US1940145022,ENOV,2022-04-05,2025-06-04,2022-03-31,2024-03-28,Health Care
US12514G1085,CDW,2018-01-10,2025-06-04,2019-09-23,2024-03-28,Consumer Discretionary
US6153942023,MOGA,2018-01-09,2025-06-04,2018-01-02,2024-03-28,Industrials
US0240131047,AAT,2018-01-09,2025-06-04,2018-01-02,2024-03-28,Financials
US8290731053,SSD,2018-01-04,2025-06-04,2018-01-02,2024-03-28,Industrials
US88224Q1076,TCBI,2018-01-21,2025-06-04,2018-01-02,2024-03-28,Financials
US3596641098,FLGT,2018-01-22,2025-06-03,2020-01-02,2024-03-28,Health Care
US2197981051,QDEL,2022-07-26,2025-06-03,2020-01-02,2024-03-28,Health Care
US34964C1062,FBHS,2018-01-03,2025-06-03,2018-01-02,2023-01-31,Industrials
US46333X1081,IRWD,2018-01-05,2025-06-03,2022-05-02,2024-03-28,Health Care
US8269191024,SLAB,2018-01-17,2025-06-03,2018-01-02,2024-03-28,Information Technology
US78463M1071,SPSC,2018-01-04,2025-06-03,2018-01-02,2024-03-28,Information Technology
US03676B1026,AM,2020-01-15,2025-06-03,2020-05-01,2024-03-28,Consumer Discretionary
US4364401012,HOLX,2018-01-02,2025-06-03,2018-01-02,2024-03-28,Health Care
US18538R1032,CLW,2018-01-03,2025-06-03,2018-01-02,2024-03-28,Materials
US74347M1080,PUMP,2018-01-10,2025-06-03,2018-04-19,2024-03-28,Energy
US9134561094,UVV,2018-01-21,2025-06-03,2018-01-02,2024-03-28,Consumer Staples
US76118Y1047,REZI,2018-10-15,2025-06-03,2018-10-29,2024-03-28,Industrials
US23345M1071,DTM,2021-06-28,2025-06-03,2021-07-01,2024-03-28,Energy
US87357P1003,TCMD,2018-01-03,2025-06-03,2018-01-02,2022-04-29,Health Care
US03027X1000,AMT,2018-01-04,2025-06-03,2018-01-02,2024-03-28,Communication Services
US15687V1098,CERT,2020-12-07,2025-06-02,2023-04-03,2024-03-28,Health Care
US7588491032,REG,2018-01-03,2025-06-02,2018-01-02,2024-03-28,Financials
US7509171069,RMBS,2018-01-01,2025-06-02,2018-01-02,2024-03-28,Information Technology
US45378A1060,IRT,2018-01-05,2025-06-02,2018-01-02,2024-03-28,Real Estate
US40416E1038,HCI,2018-01-16,2025-06-02,2018-01-02,2024-03-28,Financials
US8603721015,STC,2018-01-03,2025-06-02,2018-01-02,2024-03-28,Financials
US0994061002,BOOT,2018-01-08,2025-06-02,2020-05-01,2024-03-28,Consumer Discretionary
US6337071046,NBHC,2018-01-02,2025-06-02,2018-01-02,2024-03-28,Financials
US8117078019,SBCF,2018-01-02,2025-06-02,2018-02-21,2024-03-28,Financials
US27616P1030,DEA,2018-01-17,2025-06-02,2018-01-02,2024-03-28,Real Estate
US8905161076,TR,2018-01-20,2025-06-02,2018-01-02,2024-03-28,Consumer Staples
US19249H1032,CHRS,2018-01-21,2025-06-02,2020-05-01,2024-01-31,Consumer Discretionary
US1535271068,CENT,2018-01-05,2025-06-02,2020-01-02,2024-03-28,Consumer Staples
US78473E1038,SPXC,2022-09-26,2025-06-02,2018-01-02,2024-03-28,Industrials
US4778391049,JBT,2018-01-21,2025-06-02,2018-01-02,2024-03-28,Industrials
US32054K1034,FR,2018-01-04,2025-06-02,2018-01-02,2024-03-28,Financials
US1535272058,CENTA,2018-01-05,2025-06-02,2018-01-02,2024-03-28,Consumer Staples
US15202L1070,CSR,2021-09-20,2025-06-02,2021-01-04,2024-03-28,Real Estate
US3742971092,GTY,2018-01-18,2025-06-02,2018-01-02,2024-03-28,Financials
US18539C2044,CWEN,2018-09-17,2025-06-02,2024-01-02,2024-03-28,Utilities
US57776J1007,MXL,2018-01-01,2025-06-02,2018-01-02,2024-03-28,Information Technology
US20369C1062,CHCT,2018-01-02,2025-06-02,2018-01-02,2024-03-28,Real Estate
US05945F1030,BANF,2018-01-10,2025-06-02,2020-01-02,2024-03-28,Financials
US6245801062,MOV,2018-01-10,2025-06-02,2018-01-02,2024-03-28,Consumer Discretionary
US0010841023,AGCO,2018-01-10,2025-05-30,2018-01-02,2024-03-28,Industrials
US7437131094,PRLB,2018-01-04,2025-05-30,2018-01-02,2024-03-28,Industrials
US1985161066,COLM,2018-01-08,2025-05-30,2020-05-01,2024-03-28,Consumer Discretionary
US2172041061,CPRT,2018-01-04,2025-05-30,2018-01-02,2024-03-28,Consumer Discretionary
US8163001071,SIGI,2018-01-03,2025-05-30,2018-01-02,2024-03-28,Financials
US2527843013,DRH,2018-01-08,2025-05-30,2018-01-02,2024-03-28,Financials
US44930G1076,ICUI,2018-01-05,2025-05-30,2018-01-02,2024-03-28,Health Care
US7703231032,RHI,2018-01-03,2025-05-29,2018-01-02,2024-03-28,Industrials
US92552R4065,VVI,2018-01-21,2025-05-29,2018-01-02,2024-03-28,Industrials
US7496071074,RLI,2018-01-04,2025-05-29,2018-01-02,2024-03-28,Financials
US5128161099,LAMR,2018-01-02,2025-05-29,2018-01-02,2024-03-28,Consumer Discretionary
US0462241011,ASTE,2018-01-02,2025-05-29,2018-01-02,2024-03-28,Industrials
US46121Y2019,IPI,2021-10-20,2025-05-29,2019-01-02,2020-04-30,Materials
US7901481009,JOE,2018-01-19,2025-05-29,2020-05-01,2024-03-28,Real Estate
US5017971046,LB,2018-01-02,2025-05-29,2018-01-02,2021-05-28,Consumer Discretionary
US86722A1034,SXC,2018-01-10,2025-05-29,2018-01-02,2024-03-28,Materials
US29472R1086,ELS,2018-01-01,2025-05-29,2023-07-03,2024-03-28,Real Estate
US29355X1072,NPO,2018-01-10,2025-05-29,2018-01-02,2024-03-28,Industrials
US18482P1030,CLFD,2018-01-11,2025-05-29,2022-08-01,2024-01-31,Information Technology
US3434981011,FLO,2018-01-03,2025-05-28,2018-01-02,2024-03-28,Consumer Staples
US59100U1088,CASH,2018-01-02,2025-05-28,2018-01-02,2024-03-28,Financials
US4198701009,HE,2018-01-23,2025-05-28,2018-01-02,2024-01-31,Utilities
US7616241052,REX,2018-01-23,2025-05-28,2018-01-02,2024-03-28,Energy
US74276R1023,PRVA,2021-04-29,2025-05-28,2023-07-03,2024-03-28,Health Care
US74982T1034,RXO,2022-10-20,2025-05-28,2023-02-01,2024-03-28,Industrials
US9897011071,ZION,2018-01-02,2025-05-28,2018-01-02,2024-03-28,Financials
US1778351056,CHCO,2018-01-10,2025-05-28,2018-01-02,2024-03-28,Financials
US30214U1025,EXPO,2018-01-19,2025-05-28,2018-01-02,2024-03-28,Industrials
US22002T1088,OFC,2018-01-08,2025-05-28,2018-01-02,2023-10-30,Financials
US21676P1030,CPS,2018-01-21,2025-05-28,2018-01-02,2022-03-30,Consumer Discretionary
US1281261099,CAMP,2018-01-03,2025-05-27,2018-01-02,2022-09-30,Information Technology
US5370081045,LFUS,2018-01-03,2025-05-27,2018-01-02,2024-03-28,Information Technology
US29670G1022,WTRG,2020-02-03,2025-05-27,2020-05-01,2024-03-28,Utilities
US45778Q1076,NSP,2018-01-03,2025-05-27,2018-01-02,2024-03-28,Utilities
US29415F1049,NVST,2019-09-17,2025-05-27,2021-03-01,2024-03-28,Health Care
US1492051065,CATO,2018-01-04,2025-05-27,2018-01-02,2023-01-31,Consumer Discretionary
US5255582018,LMAT,2018-01-20,2025-05-26,2018-01-02,2024-03-28,Health Care
US93627C1018,HCC,2018-01-17,2025-05-26,2020-05-01,2024-03-28,Financials
US29272W1099,ENR,2018-01-04,2025-05-26,2018-01-02,2024-03-28,Consumer Staples
US49926D1090,KN,2018-01-04,2025-05-26,2018-01-02,2024-03-28,Information Technology
US2963151046,ESE,2018-01-02,2025-05-23,2018-01-02,2024-03-28,Industrials
US4660321096,JJSF,2018-01-08,2025-05-23,2018-01-02,2024-03-28,Consumer Staples
US0441861046,ASH,2018-01-04,2025-05-23,2018-01-02,2024-03-28,Energy
US6090271072,MCRI,2018-01-04,2025-05-23,2018-01-02,2024-03-28,Consumer Discretionary
US4972661064,KEX,2018-01-03,2025-05-23,2018-01-02,2024-03-28,Industrials
US68902V1070,OTIS,2020-03-30,2025-05-23,2020-04-03,2024-03-28,Industrials
US45768S1050,IOSP,2018-01-09,2025-05-23,2018-01-02,2024-03-28,Materials
US5246601075,LEG,2018-01-22,2025-05-23,2018-01-02,2024-03-28,Consumer Discretionary
US2925541029,ECPG,2018-01-01,2025-05-23,2018-01-02,2024-03-28,Financials
US5021601043,LXU,2018-01-02,2025-05-23,2018-01-02,2020-04-30,Materials
US98390M1036,XPER,2021-09-24,2025-05-23,2018-01-02,2024-03-28,Information Technology
US1265011056,CTS,2018-01-19,2025-05-23,2018-01-02,2024-03-28,Industrials
US03957W1062,AROC,2018-01-02,2025-05-23,2018-01-02,2024-03-28,Energy
US35471R1068,FSP,2018-01-23,2025-05-22,2018-01-02,2023-03-31,Financials
US88337F1057,ODP,2021-09-29,2025-05-22,2018-01-02,2024-03-28,Consumer Discretionary
US78648T1007,SAFT,2018-01-01,2025-05-22,2018-01-02,2024-03-28,Financials
US0576652004,BCPC,2018-01-04,2025-05-22,2018-01-02,2024-03-28,Materials
US4327481010,HTH,2018-01-01,2025-05-22,2021-01-04,2024-03-28,Financials
US0188021085,LNT,2018-01-15,2025-05-22,2018-01-02,2024-03-28,Utilities
US8901101092,TMP,2018-01-23,2025-05-22,2018-01-02,2024-03-28,Financials
US4881522084,KELYA,2018-01-10,2025-05-22,2018-01-02,2024-03-28,Industrials
US2298991090,CFR,2018-01-12,2025-05-22,2018-01-02,2024-03-28,Financials
US2296691064,CUB,2018-01-03,2025-05-22,2018-01-02,2021-05-21,Industrials
US0311001004,AME,2018-01-02,2025-05-22,2018-01-02,2024-03-28,Industrials
US34988V1061,FOSL,2018-01-20,2025-05-22,2018-01-02,2022-09-30,Consumer Discretionary
US7006581075,PRK,2018-01-22,2025-05-22,2020-01-02,2024-03-28,Financials
US32051X1081,FHB,2018-01-04,2025-05-22,2020-01-02,2024-03-28,Financials
US0070021086,ACET,2021-10-04,2025-05-22,2018-01-02,2018-09-28,Health Care
US8984021027,TRMK,2018-01-22,2025-05-22,2018-01-02,2024-03-28,Financials
US38526M1062,LOPE,2018-01-05,2025-05-22,2020-05-01,2024-03-28,Consumer Discretionary
US2697961082,EGRX,2018-01-09,2025-05-22,2018-01-02,2023-06-30,Health Care
US1910981026,COKE,2018-01-16,2025-05-22,2018-01-02,2024-03-28,Consumer Staples
US4103451021,HBI,2018-01-03,2025-05-22,2018-01-02,2024-03-28,Consumer Discretionary
US5768531056,MTRX,2018-01-21,2025-05-22,2018-01-02,2021-11-30,Energy
US4219061086,HCSG,2018-01-05,2025-05-21,2018-01-02,2024-03-28,Industrials
US22822V1017,CCI,2018-01-04,2025-05-21,2018-01-02,2024-03-28,Financials
US6556641008,JWN,2018-01-02,2025-05-21,2018-01-02,2024-03-28,Consumer Discretionary
US8542311076,SXI,2018-01-23,2025-05-21,2018-01-02,2024-03-28,Industrials
US76973Q2049,RRTS,2019-09-30,2025-05-21,2018-01-02,2020-04-30,Industrials
US84863T1060,SPOK,2018-01-03,2025-05-21,2018-01-02,2021-09-29,Communication Services
US72346Q1040,PNFP,2018-01-01,2025-05-21,2018-01-02,2024-03-28,Financials
US78410G1040,SBAC,2018-01-17,2025-05-21,2018-01-02,2024-03-28,Real Estate
US0538071038,AVT,2018-01-04,2025-05-21,2018-01-02,2024-03-28,Information Technology
US35138V1026,FOXF,2018-01-16,2025-05-21,2018-01-02,2024-03-28,Consumer Discretionary
US7496601060,RES,2018-01-02,2025-05-21,2020-05-01,2024-03-28,Energy
US74874Q1004,QNST,2018-01-18,2025-05-21,2018-01-02,2024-03-28,Information Technology
US75970E1073,RNST,2018-01-11,2025-05-21,2020-01-02,2024-03-28,Financials
US43785V1026,HMST,2018-01-11,2025-05-21,2018-01-02,2023-06-30,Financials
US7751331015,ROG,2018-01-21,2025-05-21,2018-01-02,2024-03-28,Information Technology
US6515871076,NEU,2018-01-10,2025-05-21,2018-01-02,2024-03-28,Financials
US7045511000,BTU,2018-01-10,2025-05-21,2024-01-02,2024-03-28,Energy
US9046772003,UFI,2018-01-11,2025-05-21,2018-01-02,2023-01-31,Consumer Discretionary
US6780261052,OIS,2018-01-12,2025-05-21,2018-01-02,2024-03-28,Energy
US4282911084,HXL,2018-01-05,2025-05-21,2020-01-02,2024-03-28,Industrials
US45688C1071,NGVT,2018-01-08,2025-05-20,2018-01-02,2024-03-28,Materials
US9258151029,VICR,2018-01-09,2025-05-20,2018-01-02,2024-03-28,Industrials
US8873991033,TMST,2018-01-04,2025-05-20,2018-01-02,2024-03-27,Materials
US5915202007,MEI,2018-01-04,2025-05-20,2018-01-02,2024-03-28,Information Technology
US4158641070,HSC,2018-01-16,2025-05-20,2018-01-02,2023-06-28,Industrials
US14057J1016,CFFN,2018-01-03,2025-05-20,2020-01-02,2024-03-28,Financials
US69478X1054,PPBI,2018-01-16,2025-05-20,2018-01-02,2024-03-28,Financials
US11373M1071,BRKL,2018-01-20,2025-05-20,2018-01-02,2024-03-28,Financials
US9570901036,WABC,2018-01-04,2025-05-20,2018-01-02,2024-03-28,Financials
US6378701063,NSA,2018-01-19,2025-05-20,2018-01-02,2024-03-28,Real Estate
US8688731004,SRDX,2018-01-22,2025-05-20,2018-01-02,2023-03-31,Health Care
US74971D1019,RPT,2019-02-27,2025-05-19,2018-01-02,2023-12-28,Real Estate
US8946501009,TG,2018-01-17,2025-05-19,2018-01-02,2023-06-30,Industrials
US1248308785,CBL,2022-08-10,2025-05-19,2018-01-02,2020-04-30,Real Estate
US9388241096,WAFD,2018-01-05,2025-05-19,2018-01-02,2024-03-28,Financials
US8175651046,SCI,2018-01-23,2025-05-19,2018-01-02,2024-03-28,Health Care
US42330P1075,HLX,2018-01-02,2025-05-19,2018-01-02,2024-03-28,Energy
US0625401098,BOH,2018-01-04,2025-05-19,2018-01-02,2024-03-28,Financials
US7392761034,POWI,2018-01-17,2025-05-19,2018-01-02,2024-03-28,Information Technology
US9099071071,UBSI,2018-01-02,2025-05-19,2018-01-02,2024-03-28,Financials
US90984P3038,UCBI,2018-01-08,2025-05-19,2018-01-02,2024-03-28,Financials
US0316521006,AMKR,2018-01-21,2025-05-19,2021-01-04,2024-03-28,Information Technology
US42222N1037,HSTM,2018-01-09,2025-05-19,2018-01-02,2024-03-28,Health Care
US10948W1036,BSIG,2019-12-30,2025-05-19,2020-01-02,2024-03-28,Financials
US68162K1060,ZEUS,2018-01-22,2025-05-19,2018-01-02,2024-03-28,Materials
US3984331021,GFF,2018-01-20,2025-05-19,2018-01-02,2024-03-28,Industrials
US5730751089,MRTN,2018-01-20,2025-05-19,2018-01-02,2024-03-28,Industrials
US2547091080,DFS,2018-01-03,2025-05-19,2018-01-02,2024-03-28,Financials
US0207641061,AMR,2021-10-23,2025-05-19,2024-01-02,2024-03-28,Materials
US0185223007,ALE,2018-01-04,2025-05-19,2018-01-02,2024-03-28,Industrials
US88023U1016,TPX,2018-01-04,2025-05-08,2018-01-02,2024-03-28,Consumer Discretionary
US08579W1036,BERY,2018-01-12,2025-05-02,2023-07-03,2024-03-28,Materials
US2321091082,CUTR,2018-01-04,2025-05-01,2018-01-02,2023-06-30,Health Care
US1651677353,CHK,2021-09-20,2025-04-29,2018-01-02,2024-03-28,Energy
US7033951036,PDCO,2018-01-03,2025-04-17,2018-01-02,2024-03-28,Health Care
US1407551092,CARA,2018-01-19,2025-04-16,2021-03-01,2023-06-30,Health Care
US83417Q2049,SWI,2021-09-18,2025-04-16,2019-01-02,2020-04-30,Information Technology
US2782651036,EV,2018-01-02,2025-04-10,2018-01-02,2020-12-31,Financials
US6390501038,BABY,2018-01-04,2025-04-09,2018-01-02,2018-12-31,Health Care
US69349H1077,PNM,2018-01-11,2025-04-09,2018-01-02,2024-03-28,Utilities
US91829F1049,VOXX,2018-01-02,2025-04-02,2019-01-02,2020-04-30,Consumer Discretionary
US29260Y1091,EDR,2021-04-27,2025-03-26,2018-01-02,2018-09-18,Financials
US29109X1063,AZPN,2022-07-27,2025-03-12,2021-06-01,2024-03-28,Information Technology
US4181001037,HCP,2022-08-04,2025-02-27,2018-01-02,2019-10-29,Financials
US1488061029,CTLT,2018-01-08,2025-02-20,2018-01-02,2024-03-28,Health Care
US45332Y1091,NARI,2020-05-22,2025-02-19,2022-05-02,2024-03-28,Health Care
US76131N1019,ROIC,2018-01-03,2025-02-12,2018-01-02,2024-03-28,Financials
US45329R1095,INCR,2018-01-03,2025-02-12,2018-01-02,2019-01-07,Health Care
US05368M1062,CDMO,2018-01-08,2025-02-05,2021-09-30,2024-01-31,Health Care
US20854L1089,CEIX,2018-01-03,2025-01-17,2018-01-02,2024-03-28,Energy
US45384B1061,IBTX,2018-01-03,2025-01-03,2020-01-02,2024-03-28,Financials
US2090341072,CNSL,2018-01-02,2024-12-27,2018-01-02,2024-03-28,Communication Services
US9283771007,VSTO,2018-01-03,2024-11-27,2018-01-02,2024-03-28,Consumer Discretionary
US29404K1060,ENV,2018-01-02,2024-11-25,2021-06-01,2024-03-28,Information Technology
US5658491064,MRO,2018-01-02,2024-11-22,2018-01-02,2024-03-28,Energy
US4208772016,HAYN,2018-01-19,2024-11-21,2018-01-02,2024-03-28,Materials
US77634L1052,RCM,2022-08-03,2024-11-20,2020-01-02,2024-03-28,Health Care
US55003T1079,LL,2018-01-19,2024-11-20,2018-01-02,2023-01-31,Consumer Discretionary
US3773201062,GLT,2021-09-16,2024-11-07,2018-01-02,2022-09-30,Materials
US8589121081,SRCL,2018-01-03,2024-11-04,2018-01-02,2024-03-28,Industrials
US6494451031,NYCB,2018-01-04,2024-10-28,2018-01-02,2024-03-28,Financials
US1716041017,CHUY,2018-01-23,2024-10-11,2018-01-02,2024-03-28,Consumer Discretionary
US92240M1080,VGR,2018-01-19,2024-10-08,2020-05-01,2024-03-28,Consumer Staples
US00258W1080,AAN,2021-10-07,2024-10-04,2018-01-02,2024-01-31,Consumer Discretionary
US71375U1016,PRFT,2018-01-12,2024-10-02,2018-01-02,2024-03-28,Information Technology
US8454671095,SWN,2018-01-22,2024-10-02,2018-01-02,2024-03-28,Energy
US12673P1057,CA,2018-01-04,2024-10-01,2018-01-02,2019-06-06,Information Technology
US78486Q1013,SIVB,2018-01-11,2024-09-27,2018-01-02,2023-03-30,Financials
US46116V1052,INTL,2018-01-04,2024-09-23,2018-01-02,2020-04-30,Financials
US4198791018,HA,2018-01-08,2024-09-19,2018-01-02,2024-01-31,Industrials
US2620371045,DRQ,2018-01-19,2024-09-10,2018-01-02,2024-03-28,Energy
US25271C2017,DO,2022-08-03,2024-09-04,2018-01-02,2020-04-27,Energy
US63910B1026,NLS,2018-01-10,2024-08-21,2018-01-02,2020-04-30,Consumer Discretionary
US2787152063,EBIX,2018-01-01,2024-08-20,2018-01-02,2024-01-30,Information Technology
US90346E1038,SLCA,2018-01-03,2024-08-01,2018-01-02,2024-03-28,Energy
US4285671016,HIBB,2018-01-08,2024-07-25,2018-01-02,2024-03-28,Consumer Discretionary
US2946001011,ETRN,2018-10-31,2024-07-22,2018-11-13,2024-03-28,Energy
US96145D1054,WRK,2018-01-02,2024-07-09,2018-01-02,2024-03-28,Materials
US2925621052,WIRE,2018-01-04,2024-07-02,2018-01-02,2024-03-28,Industrials
US83001A1025,SIX,2018-01-08,2024-07-02,2018-01-02,2024-03-28,Consumer Discretionary
US03750L1098,AIRC,2020-12-11,2024-07-01,2021-01-04,2024-03-28,Real Estate
US82489T1043,SWAV,2019-02-25,2024-05-31,2022-05-02,2024-03-28,Health Care
US7237871071,PXD,2018-01-01,2024-05-03,2018-01-02,2024-03-28,Energy
US0256762065,AEL,2018-01-10,2024-05-02,2018-01-02,2024-03-28,Financials
US87166B1026,SYNH,2018-01-08,2024-04-29,2019-01-08,2023-09-28,Health Care
US30219E1038,EXPR,2018-01-09,2024-04-23,2018-01-02,2020-04-30,Consumer Discretionary
US4835481031,KAMN,2018-01-16,2024-04-19,2018-01-02,2024-03-28,Industrials
US5526761086,MDC,2018-01-02,2024-04-19,2018-01-02,2024-03-28,Consumer Discretionary
US00484M6012,ACOR,2021-10-21,2024-04-12,2018-01-02,2020-04-30,Health Care
US13123X5086,CPE,2021-09-21,2024-04-01,2018-01-02,2024-03-27,Energy
US69336V1017,PGTI,2018-01-19,2024-03-28,2018-01-02,2024-03-26,Industrials
US3390411052,FLT,2018-01-03,2024-03-25,2018-06-20,2024-03-27,Information Technology
US42250P1030,PEAK,2020-01-06,2024-03-04,2019-10-30,2024-03-27,Real Estate
US7091028008,PEI,2022-08-02,2024-02-24,2018-01-02,2020-04-30,Financials
US8385181081,SJI,2018-01-02,2024-01-24,2018-01-02,2023-01-30,Utilities
US84860W3007,SRC,2020-01-06,2024-01-23,2020-05-01,2024-01-19,Real Estate
US9837FR1002,XL,2021-10-24,2024-01-10,2018-01-02,2018-09-11,Financials
US25470M1099,DISH,2018-01-03,2024-01-10,2018-01-02,2024-01-03,Consumer Discretionary
US53814L1089,LTHM,2018-08-27,2024-01-04,2019-01-02,2024-01-30,Materials
US1686151028,CHS,2018-01-08,2024-01-04,2018-01-02,2024-01-03,Consumer Discretionary
US6952631033,PACW,2018-01-18,2023-12-01,2018-01-02,2023-11-29,Financials
US9234541020,VRTV,2018-01-03,2023-11-30,2018-01-02,2023-11-28,Industrials
US0952291005,BCOR,2018-01-05,2023-11-27,2018-01-02,2023-01-31,Financials
US3952591044,GHL,2018-01-16,2023-11-21,2018-01-02,2022-04-29,Financials
US4278255009,HT,2018-01-02,2023-11-21,2018-01-02,2023-03-31,Real Estate
US65343C1027,NXGN,2018-09-17,2023-11-13,2020-05-01,2023-11-13,Health Care
US44109J1060,TWNK,2018-01-04,2023-11-07,2022-02-01,2023-11-13,Consumer Staples
US05367P1003,AVID,2018-01-03,2023-11-07,2022-10-03,2023-11-06,Information Technology
US8733791011,TRHC,2018-01-03,2023-11-03,2018-04-02,2022-03-30,Health Care
US31660B1017,FRGI,2018-01-21,2023-10-30,2018-01-02,2022-03-30,Consumer Discretionary
US00770F1049,AEGN,2018-01-09,2023-10-18,2018-01-02,2021-05-14,Industrials
US17273K1097,CIR,2018-01-23,2023-10-17,2018-01-02,2023-10-16,Industrials
US00507V1098,ATVI,2018-01-02,2023-10-14,2018-01-02,2023-10-19,Information Technology
US6365181022,NATI,2018-01-01,2023-10-11,2018-01-02,2023-10-12,Information Technology
US0758961009,BBBY,2018-01-02,2023-09-29,2018-01-02,2023-03-31,Consumer Discretionary
US2244081046,CXT,2023-07-25,2023-09-12,2023-04-03,2024-03-28,Industrials
US78469X1072,FLOW,2018-01-04,2023-09-12,2018-01-02,2022-03-30,Industrials
US2641201064,DCT,2021-09-17,2023-09-11,2018-01-02,2018-08-20,Financials
US91336L1070,UNVR,2018-01-02,2023-09-11,2020-01-02,2023-07-28,Industrials
US98156Q1085,WWE,2018-01-02,2023-09-08,2018-01-02,2023-09-08,Consumer Discretionary
US65290C1053,NEX,2019-10-31,2023-09-05,2023-04-03,2023-08-30,Energy
US6707041058,NUVA,2018-01-04,2023-09-01,2018-01-02,2023-09-07,Health Care
US03073E1055,ABC,2018-01-03,2023-08-30,2018-01-02,2023-09-29,Health Care
US03966V1070,ARNC,2021-10-22,2023-08-25,2018-01-02,2023-08-16,Industrials
US53656F4173,META,2021-06-30,2023-08-23,2022-05-02,2024-03-28,Communication Services
US9172862057,UBA,2018-01-03,2023-08-18,2018-01-02,2023-08-16,Financials
US69327R1014,PDCE,2018-01-02,2023-08-07,2018-01-02,2023-09-01,Energy
US84763A1088,SPPI,2018-01-12,2023-08-01,2018-01-02,2022-03-30,Health Care
US0078001056,AJRD,2018-01-08,2023-07-27,2018-01-02,2023-07-26,Industrials
US53223X1072,LSI,2018-01-03,2023-07-20,2018-01-02,2023-06-30,Information Technology
US70788V1026,PVAC,2018-01-02,2023-06-21,2018-06-22,2021-09-29,Energy
US7833321091,RUTH,2018-01-21,2023-06-15,2018-01-02,2023-06-14,Consumer Discretionary
US42805E3062,HSKA,2018-01-22,2023-06-13,2018-01-02,2023-06-12,Health Care
US3377381088,FISV,2018-01-03,2023-06-07,2018-01-02,2023-06-29,Industrials
US18911Q1022,CLD,2018-01-11,2023-06-01,2018-01-02,2018-12-31,Energy
US33616C1009,FRC,2018-01-08,2023-05-03,2019-01-02,2023-05-30,Financials
US5160121019,LCI,2018-01-10,2023-05-01,2018-01-02,2021-05-28,Health Care
US1416191062,CSII,2018-01-18,2023-04-28,2019-01-02,2023-05-01,Health Care
US4612031017,IVC,2018-01-11,2023-04-23,2018-01-02,2021-11-30,Health Care
US45031U1016,STAR,2018-01-20,2023-04-01,2018-08-27,2023-03-30,Real Estate
US0491642056,AAWW,2018-01-01,2023-03-17,2018-01-02,2023-03-23,Industrials
US4492531037,IAA,2019-06-28,2023-03-15,2020-01-02,2023-03-17,Industrials
US9042141039,UMPQ,2018-01-04,2023-03-02,2018-01-02,2023-02-28,Financials
US50187A1079,LHCG,2018-01-04,2023-02-22,2018-01-02,2023-03-02,Health Care
US5895841014,VIVO,2018-01-13,2023-01-31,2018-01-02,2023-01-30,Health Care
US8621211007,STOR,2018-01-10,2023-01-30,2020-05-01,2023-02-02,Real Estate
US0036541003,ABMD,2018-01-08,2022-12-22,2018-01-02,2022-12-22,Health Care
US61531M1018,MON,2021-10-24,2022-12-21,2018-01-02,2018-06-05,Materials
US3379307057,FBC,2018-01-01,2022-12-05,2018-10-23,2022-11-29,Financials
US6687711084,NLOK,2019-11-06,2022-11-08,2019-11-04,2022-12-29,Information Technology
US90184L1026,TWTR,2018-01-01,2022-10-31,2018-06-07,2022-10-26,Information Technology
US41043F2083,HNGR,2018-01-19,2022-10-21,2019-01-02,2022-09-30,Health Care
US0171751003,Y,2018-01-18,2022-10-19,2018-01-02,2022-09-30,Financials
US30227H1068,EXTN,2018-01-18,2022-10-12,2018-01-02,2021-02-26,Energy
US2644115055,DRE,2018-01-03,2022-10-05,2018-01-02,2022-09-30,Financials
US01748H1077,ABTX,2018-01-10,2022-10-03,2020-05-01,2022-09-30,Financials
US1773761002,CTXS,2018-01-02,2022-10-03,2018-01-02,2022-09-29,Information Technology
US36164Y1010,GCP,2018-01-05,2022-09-26,2020-05-01,2022-09-30,Materials
US5645631046,MANT,2018-01-18,2022-09-14,2018-01-02,2022-09-13,Information Technology
US9021041085,IIVI,2018-01-04,2022-09-08,2018-01-02,2022-09-30,Industrials
US4698141078,JEC,2018-01-03,2022-09-03,2018-01-02,2019-12-09,Industrials
US7274931085,PLT,2018-01-02,2022-08-29,2018-01-02,2021-02-26,Information Technology
US1506026053,CDR,2021-09-16,2022-08-19,2018-01-02,2020-04-30,Financials
US0248351001,ACC,2018-01-04,2022-08-09,2018-01-02,2022-07-29,Industrials
US59001K1007,MTOR,2018-01-02,2022-08-02,2020-05-01,2022-07-29,Consumer Discretionary
US74046G1058,PARA,2022-02-17,2022-08-01,2022-02-01,2024-03-28,Communication Services
US8000131040,SAFM,2018-01-02,2022-07-26,2018-01-02,2022-07-21,Consumer Staples
US1567001060,CTL,2018-01-02,2022-07-26,2018-01-02,2020-04-30,Communication Services
US06985P2092,BAS,2018-01-03,2022-07-24,2019-01-02,2019-12-04,Energy
US9486261061,WTW,2018-01-01,2022-07-23,2018-09-18,2024-03-28,Consumer Discretionary
US73179P1066,POL,2018-01-02,2022-07-22,2018-01-02,2020-04-30,Materials
US42806J1060,HTZ,2018-01-17,2022-07-21,2023-04-03,2024-03-28,Industrials
US69360J1079,PSB,2018-01-17,2022-07-20,2018-01-02,2022-07-29,Financials
US7786731031,ROCC,2021-01-04,2022-07-20,2021-09-30,2023-06-20,Energy
US5024131071,LLL,2018-01-03,2022-07-13,2018-01-02,2018-12-31,Industrials
US12508E1010,CDK,2018-01-03,2022-07-06,2018-01-02,2022-07-14,Information Technology
US12571T1007,CCMP,2021-09-29,2022-07-06,2018-01-02,2022-07-01,Information Technology
US89621V1035,TCF,2021-11-08,2022-07-05,2018-01-02,2021-05-28,Financials
US9663875089,WLL,2021-09-20,2022-07-05,2019-01-02,2020-04-30,Materials
US6400791090,NP,2018-01-03,2022-06-29,2018-01-02,2022-07-20,Materials
US88870R1023,TVTY,2018-01-04,2022-06-29,2018-01-02,2022-06-29,Health Care
US50077C1062,KRA,2018-01-03,2022-06-15,2018-01-02,2022-03-11,Materials
US75972A3014,REGI,2018-01-23,2022-06-13,2018-05-15,2022-04-29,Energy
US1567821046,CERN,2018-01-08,2022-06-07,2018-01-02,2022-04-29,Health Care
US1013881065,EPAY,2018-01-04,2022-05-13,2018-01-02,2022-04-29,Information Technology
US91734M1036,ECOL,2019-12-23,2022-05-02,2018-01-02,2022-04-29,Industrials
US5590792074,MGLN,2018-01-04,2022-04-25,2018-01-02,2021-12-31,Health Care
US3154051003,FOE,2018-01-03,2022-04-21,2020-05-01,2022-03-30,Materials
US25470F1049,DISCA,2018-01-02,2022-04-11,2018-01-02,2022-03-30,Consumer Discretionary
US25470F3029,DISCK,2018-01-02,2022-04-11,2020-05-01,2022-03-30,Consumer Discretionary
US46146L1017,ISBC,2018-01-02,2022-04-07,2021-01-04,2022-03-30,Financials
US1940141062,CFX,2018-01-03,2022-04-05,2019-01-02,2022-03-30,Industrials
US7127041058,PBCT,2018-01-10,2022-04-04,2018-01-02,2022-03-30,Financials
US23283R1005,CONE,2018-01-19,2022-03-25,2018-01-02,2022-03-24,Real Estate
US4361061082,HFC,2018-01-02,2022-03-15,2018-01-02,2022-03-30,Energy
US4001101025,GRUB,2018-01-03,2022-03-02,2020-05-01,2021-05-28,Consumer Discretionary
US2578672006,RRD,2018-01-17,2022-03-01,2018-01-02,2020-12-31,Industrials
US3208671046,FMBI,2018-01-02,2022-02-16,2018-01-02,2022-01-31,Financials
US9839191015,XLNX,2018-01-04,2022-02-16,2018-01-02,2022-01-31,Information Technology
US7743411016,COL,2018-01-05,2022-02-14,2018-01-02,2020-04-29,Industrials
US4405431069,HOS,2018-01-12,2022-02-07,2019-01-02,2019-12-26,Energy
US3914161043,GWB,2018-01-10,2022-02-03,2018-01-02,2022-01-28,Financials
US85917A1007,STL,2018-01-04,2022-01-31,2018-01-02,2022-01-31,Financials
US92849E1010,VSI,2018-01-03,2022-01-31,2018-01-02,2020-03-30,Consumer Discretionary
US8358981079,BID,2018-01-21,2022-01-21,2018-01-02,2018-12-31,Consumer Discretionary
US54142L1098,LOGM,2018-01-17,2022-01-20,2018-01-02,2020-04-30,Information Technology
US1255818015,CIT,2018-01-08,2022-01-04,2020-05-01,2021-12-31,Financials
US7551115071,RTN,2018-01-02,2021-12-16,2018-01-02,2020-04-01,Industrials
US4851703029,KSU,2018-01-03,2021-12-15,2018-01-02,2021-11-30,Industrials
US4314751029,HRC,2018-01-02,2021-12-13,2018-01-02,2021-11-30,Health Care
US21075N2045,MCF,2018-01-23,2021-12-09,2019-01-02,2020-04-30,Energy
US5894331017,MDP,2018-01-01,2021-12-03,2018-01-02,2021-11-30,Consumer Discretionary
US23332B1061,DSPG,2018-01-02,2021-12-03,2018-01-02,2021-11-30,Information Technology
US2575592033,UFS,2018-01-12,2021-12-02,2018-01-02,2021-11-26,Consumer Staples
US7542121089,RAVN,2018-01-09,2021-12-02,2018-01-02,2021-11-29,Industrials
US27875T1016,ECHO,2018-01-10,2021-11-23,2018-01-02,2021-11-22,Industrials
US1718715022,CBB,2018-01-03,2021-11-11,2018-01-02,2021-09-02,Communication Services
US5311721048,LPT,2018-01-15,2021-11-05,2018-01-02,2020-01-31,Financials
US0977934001,BCEI,2018-01-09,2021-11-02,2018-08-01,2021-09-29,Energy
US05971J1025,BXS,2018-01-02,2021-10-29,2018-01-02,2021-09-29,Financials
US76131V2025,RPAI,2018-01-08,2021-10-21,2020-01-02,2021-09-29,Real Estate
US93964W4050,WPG,2021-09-24,2021-10-21,2018-01-02,2020-12-31,Financials
US14067E5069,CMO,2018-01-04,2021-10-18,2018-01-02,2021-09-29,Financials
US48123V1109,ZD,2021-10-08,2021-10-08,2021-09-30,2024-03-28,Communication Services
US1717981013,XEC,2018-01-02,2021-10-06,2018-01-02,2021-09-29,Energy
US5508191062,LDL,2018-01-08,2021-10-05,2018-01-02,2021-09-29,Industrials
US8528572006,STMP,2018-01-04,2021-10-05,2018-01-02,2021-09-29,Consumer Discretionary
US2254471012,CREE,2018-01-16,2021-10-04,2018-01-02,2021-09-29,Information Technology
US02151Y1082,AGTI,2021-04-23,2021-09-14,2023-02-01,2024-03-28,Health Care
US12592V1008,CNXC,2020-12-01,2021-09-07,2021-01-04,2024-03-28,Information Technology
US6550441058,NBL,2018-01-02,2021-09-02,2018-01-02,2020-04-30,Energy
US2186811046,CORE,2018-01-04,2021-09-02,2018-01-02,2021-08-31,Consumer Discretionary
US8681571084,SPN,2018-01-05,2021-09-02,2018-01-02,2020-04-30,Energy
US00508X2036,ATU,2018-01-02,2021-09-01,2018-01-02,2018-12-31,Industrials
US90333L2016,USCR,2018-01-02,2021-08-30,2018-01-02,2021-08-25,Materials
US8712371033,SYKE,2018-01-20,2021-08-27,2018-01-02,2021-08-26,Industrials
US21871D1037,CLGX,2018-01-02,2021-08-27,2018-01-02,2021-05-28,Information Technology
US57772K1016,MXIM,2018-01-02,2021-08-26,2018-12-03,2021-08-25,Information Technology
US59408Q1067,MIK,2018-01-19,2021-08-24,2018-01-02,2021-02-26,Consumer Discretionary
US1103941035,BRS,2018-01-16,2021-08-07,2018-01-02,2018-12-31,Energy
US9487411038,WRI,2018-01-16,2021-08-03,2018-01-02,2021-08-02,Financials
US75885Y1073,RGP,2020-04-02,2021-08-02,2020-05-01,2024-03-28,Industrials
US3517932030,FRAN,2019-12-23,2021-07-23,2018-01-02,2020-04-30,Consumer Discretionary
US0153511094,ALXN,2018-01-02,2021-07-22,2018-01-02,2021-05-28,Health Care
US55027E1029,LMNX,2018-01-05,2021-07-14,2018-01-02,2021-05-28,Health Care
US69354M1080,PRAH,2018-01-02,2021-07-02,2018-05-31,2021-05-28,Health Care
US1011191053,BPFH,2018-01-02,2021-06-30,2018-01-02,2021-05-28,Financials
US2168311072,CTB,2018-01-10,2021-06-08,2018-01-02,2021-05-28,Consumer Discretionary
US2423702032,DF,2018-01-02,2021-06-03,2018-01-02,2018-12-31,Consumer Staples
US1380981084,CMD,2018-01-01,2021-06-02,2018-01-02,2021-05-28,Health Care
US3024451011,FLIR,2018-01-08,2021-05-14,2018-01-02,2021-05-13,Information Technology
US7153471005,PRSP,2018-05-24,2021-05-06,2018-06-01,2021-05-05,Information Technology
US9300591008,WDR,2018-01-03,2021-04-30,2018-01-02,2021-04-29,Financials
US35906A3068,FTR,2018-01-01,2021-04-30,2018-01-02,2020-04-22,Communication Services
US3798901068,GLUU,2018-01-05,2021-04-29,2020-05-01,2021-04-28,Communication Services
US62914B1008,EGOV,2018-01-05,2021-04-21,2018-01-02,2021-02-26,Information Technology
US92220P1057,VAR,2018-01-03,2021-04-17,2018-01-02,2021-02-26,Health Care
US8119041015,CKH,2018-01-03,2021-04-16,2018-01-02,2021-02-26,Energy
US5537771033,MTSC,2018-01-11,2021-04-07,2018-01-02,2021-02-26,Information Technology
US40425J1016,HMSY,2018-01-08,2021-04-02,2018-01-02,2021-02-26,Health Care
US26138E1091,DPS,2018-01-18,2021-03-22,2018-01-02,2018-06-29,Consumer Staples
US74733V1008,QEP,2018-01-19,2021-03-18,2018-01-02,2021-02-26,Energy
US92827P1021,VRTU,2018-01-03,2021-02-11,2018-01-02,2020-12-31,Information Technology
US3503921062,FBM,2018-01-04,2021-01-28,2020-05-01,2020-12-31,Industrials
US20605P1012,CXO,2018-01-04,2021-01-20,2018-01-02,2020-12-31,Energy
US50218P1075,LKSD,2018-01-11,2021-01-19,2018-01-02,2020-03-04,Industrials
US8865471085,TIF,2018-01-09,2021-01-07,2018-01-02,2020-12-31,Consumer Discretionary
US7438151026,PRSC,2018-01-03,2021-01-07,2018-01-02,2020-12-31,Health Care
US98212B1035,WPX,2018-01-22,2021-01-06,2018-01-02,2020-12-31,Energy
US7081601061,JCP,2018-01-01,2021-01-06,2018-01-02,2020-04-30,Consumer Discretionary
US8990355054,TUES,2018-01-08,2021-01-04,2019-01-02,2020-04-30,Consumer Discretionary
US1090431099,BGG,2018-01-10,2021-01-04,2018-01-02,2020-04-30,Industrials
US8766641034,TCO,2018-01-17,2020-12-28,2018-01-02,2020-12-31,Financials
US4617305093,IRET,2020-01-23,2020-12-21,2020-05-01,2020-12-31,Real Estate
US2655041000,DNKN,2018-01-02,2020-12-15,2018-01-02,2020-12-18,Consumer Discretionary
US00163U1060,AMAG,2018-01-08,2020-12-14,2018-01-02,2020-11-13,Health Care
US85254C3051,SSI,2018-01-08,2020-11-02,2019-01-02,2020-04-30,Consumer Discretionary
US26078J1007,DWDP,2018-01-03,2020-10-23,2018-01-02,2018-12-31,Materials
US4945801037,KND,2018-01-05,2020-10-19,2018-01-02,2018-06-29,Health Care
US2692464017,ETFC,2018-01-03,2020-10-03,2018-01-02,2020-04-30,Financials
US60877T1007,MNTA,2018-01-03,2020-10-01,2018-01-02,2020-04-30,Health Care
US2479162081,DNR,2018-01-08,2020-09-21,2018-01-02,2020-04-30,Energy
US0097281069,AKRX,2018-01-04,2020-09-11,2018-01-02,2020-04-30,Health Care
US9092181091,UNT,2018-01-20,2020-09-03,2018-01-02,2020-04-30,Energy
US35352P1049,FSB,2018-01-03,2020-08-19,2018-06-18,2020-04-30,Financials
US7236641087,PES,2018-01-19,2020-08-17,2018-01-02,2018-12-31,Energy
US04351G1013,ASNA,2018-01-01,2020-08-10,2018-01-02,2020-04-30,Consumer Discretionary
US5249011058,LM,2018-01-03,2020-07-31,2018-01-02,2020-04-30,Financials
US28470R1023,ERI,2018-01-04,2020-07-21,2018-08-20,2020-04-30,Consumer Discretionary
US1407811058,CRR,2018-01-01,2020-07-06,2018-01-02,2019-12-26,Energy
US60740F1057,MINI,2018-01-19,2020-07-01,2018-01-02,2020-04-30,Industrials
US8782371061,TECD,2018-01-08,2020-06-30,2018-01-02,2020-04-30,Information Technology
US74909E1064,QHC,2018-01-05,2020-06-29,2018-01-02,2020-04-06,Health Care
US0352901054,AXE,2018-01-03,2020-06-23,2018-01-02,2020-04-30,Information Technology
US7431871067,PGNX,2018-01-02,2020-06-22,2018-01-02,2020-04-30,Health Care
US4883602074,KEM,2018-01-19,2020-06-15,2018-01-02,2020-04-30,Information Technology
US26885G1094,ERA,2018-01-04,2020-06-12,2018-01-02,2020-04-30,Energy
US03755L1044,APY,2018-05-02,2020-06-04,2018-05-09,2020-04-30,Energy
US6840001027,OPB,2018-01-03,2020-06-01,2018-01-02,2020-04-30,Financials
US88870P1066,TIVO,2018-01-03,2020-06-01,2018-01-02,2020-04-30,Consumer Discretionary
US67075N1081,NVTR,2018-01-08,2020-04-23,2019-01-02,2019-11-20,Health Care
US3561081007,FRED,2018-01-17,2020-04-23,2018-01-02,2018-06-01,Consumer Discretionary
US2328061096,CY,2018-01-17,2020-04-16,2018-01-02,2020-04-15,Information Technology
US9130171096,UTX,2018-01-03,2020-04-06,2018-01-02,2020-04-01,Industrials
US0015471081,AKS,2018-01-03,2020-03-12,2018-01-02,2020-03-12,Materials
US1416331072,CRCM,2018-01-04,2020-02-12,2019-01-02,2020-02-10,Communication Services
US25456K1016,DPLO,2018-01-05,2020-02-10,2018-01-02,2020-02-07,Health Care
US45774N1081,IPHS,2018-01-03,2020-02-07,2018-01-02,2020-02-06,Materials
US5520747008,WLH,2018-01-03,2020-02-05,2018-01-02,2020-02-04,Consumer Discretionary
US03836W1036,WTR,2018-01-03,2020-02-03,2018-01-02,2020-02-21,Utilities
US94946T1060,WCG,2018-01-02,2020-01-27,2018-01-02,2020-01-22,Health Care
US78470V1089,SRCI,2018-01-02,2020-01-14,2018-01-02,2020-01-13,Energy
US5846881051,MDCO,2018-01-05,2020-01-06,2018-01-02,2020-01-03,Health Care
US0543031027,AVP,2018-01-04,2020-01-03,2018-01-02,2020-01-02,Consumer Staples
US81721M1099,SNH,2018-01-02,2020-01-02,2018-01-02,2020-01-07,Financials
US1445771033,CRZO,2018-01-18,2019-12-26,2018-01-02,2019-12-19,Energy
US90130A1016,FOXA,2018-01-01,2019-12-20,2019-03-12,2024-03-28,Consumer Discretionary
US0571491069,BKR,2019-10-18,2019-12-20,2019-10-18,2024-03-28,Energy
US5327711025,LIN,2018-10-31,2019-12-20,2018-10-26,2024-03-28,Consumer Discretionary
US0549371070,BBT,2018-01-02,2019-12-13,2018-01-02,2019-12-06,Financials
US1296031065,CCC,2018-01-03,2019-12-11,2018-01-02,2020-04-30,Materials
US68401U1051,OPRX,2018-01-09,2019-12-09,2021-09-30,2023-03-31,Health Care
US68633D1037,ORIT,2018-01-21,2019-12-09,2018-01-02,2019-11-27,Financials
US1248572026,CBS,2018-01-02,2019-12-07,2018-01-02,2019-12-03,Consumer Discretionary
US9203551042,VAL,2019-07-31,2019-12-06,2019-01-02,2024-03-28,Materials
US1320111073,CBM,2018-01-16,2019-12-05,2018-01-02,2019-12-04,Health Care
US92553P2011,VIAB,2018-01-02,2019-12-05,2018-01-02,2019-12-03,Consumer Discretionary
US64704V1061,NEWM,2018-01-10,2019-11-21,2018-01-02,2019-11-29,Consumer Discretionary
US1510201049,CELG,2018-01-03,2019-11-21,2018-01-02,2019-11-22,Health Care
US8715031089,SYMC,2018-01-02,2019-11-05,2018-01-02,2019-11-01,Information Technology
US52471Y1064,LTXB,2018-01-10,2019-11-01,2018-01-02,2018-12-31,Financials
US12674R1005,CJ,2018-01-10,2019-10-31,2018-04-04,2018-12-31,Energy
US6300771051,NANO,2018-01-04,2019-10-30,2018-01-02,2018-12-31,Information Technology
US7812701032,RTEC,2018-01-04,2019-10-30,2018-01-02,2018-12-31,Information Technology
US58471A1051,MDSO,2018-01-09,2019-10-29,2018-01-02,2018-12-31,Health Care
US30281V1089,FTD,2018-01-02,2019-10-22,2018-01-02,2018-09-14,Consumer Discretionary
US4603352018,ISCA,2018-01-03,2019-10-18,2018-01-02,2018-12-31,Consumer Discretionary
US61022P1003,TYPE,2018-01-12,2019-10-11,2018-01-02,2018-12-31,Information Technology
US92532W1036,VSM,2018-01-19,2019-10-09,2018-01-02,2018-12-31,Materials
US44106M1027,HPT,2018-01-16,2019-09-27,2018-01-02,2018-12-31,Financials
US2252233042,CRAY,2018-01-10,2019-09-27,2018-01-02,2018-12-31,Information Technology
US82568P3047,SFLY,2018-01-03,2019-09-25,2018-01-02,2018-12-31,Consumer Discretionary
US8919061098,TSS,2018-01-09,2019-09-24,2018-01-02,2018-12-31,Information Technology
US31787A5074,FNSR,2018-01-01,2019-09-23,2018-03-08,2018-12-31,Information Technology
US1652401027,CHSP,2018-01-03,2019-09-18,2018-01-02,2018-12-31,Financials
US9304271094,WAGE,2018-01-10,2019-08-29,2018-01-02,2018-12-31,Industrials
US0677741094,BKS,2018-01-02,2019-08-28,2018-01-02,2018-12-31,Consumer Discretionary
US8910271043,TMK,2018-01-05,2019-08-09,2018-01-02,2019-08-09,Financials
US0325111070,APC,2018-01-03,2019-08-08,2018-01-02,2018-12-31,Energy
US1637311028,CHFC,2018-01-09,2019-08-01,2018-01-02,2018-12-31,Financials
US21240D1072,CTRL,2018-01-02,2019-08-01,2018-01-02,2018-12-31,Information Technology
US90385D1072,ULTI,2018-01-03,2019-07-25,2018-01-02,2018-12-31,Information Technology
US2860821022,EFII,2018-01-01,2019-07-24,2018-01-02,2018-12-31,Information Technology
US7565771026,RHT,2018-01-02,2019-07-09,2018-01-02,2018-12-31,Information Technology
US4138751056,HRS,2018-01-18,2019-07-02,2018-01-02,2019-06-28,Information Technology
US6253831043,LABL,2018-01-05,2019-07-01,2018-01-02,2018-12-31,Industrials
US40418F1084,HF,2018-01-03,2019-07-01,2018-01-02,2018-12-31,Financials
US0814371052,BMS,2018-01-02,2019-06-11,2018-01-02,2018-12-31,Materials
US6389041020,NAVG,2018-01-18,2019-05-23,2018-01-02,2018-12-31,Financials
US23334L1026,DSW,2018-01-09,2019-04-03,2018-01-02,2018-03-29,Consumer Discretionary
US4581181066,IDTI,2018-01-08,2019-04-01,2018-01-02,2018-12-31,Information Technology
US55264U1088,MBFI,2018-01-04,2019-03-22,2018-01-02,2018-12-31,Financials
US2974251009,ESL,2018-01-03,2019-03-19,2018-01-02,2018-12-31,Industrials
US67069D1081,NTRI,2018-01-03,2019-03-08,2018-01-02,2018-12-31,Consumer Discretionary
US46145F1057,ITG,2018-01-03,2019-03-01,2018-01-02,2018-12-31,Financials
US6512901082,NFX,2018-01-04,2019-02-15,2018-01-02,2018-12-31,Energy
US2852291002,ESIO,2018-01-17,2019-02-04,2018-01-02,2018-12-31,Industrials
US92240G1013,VVC,2018-01-02,2019-02-01,2018-01-02,2018-12-31,Utilities
US2966891028,ESND,2018-01-02,2019-01-31,2018-01-02,2018-12-31,Industrials
US29286C1071,EGL,2018-01-05,2019-01-15,2018-01-02,2020-04-29,Industrials
US38376A1034,GOV,2018-01-16,2019-01-02,2018-01-02,2018-12-31,Financials
US39260X1000,GNBC,2018-01-11,2019-01-02,2018-02-05,2018-12-31,Financials
US80589M1027,SCG,2018-01-03,2019-01-02,2018-01-02,2018-12-31,Utilities
US9837721045,XOXO,2018-01-02,2018-12-22,2018-01-02,2018-12-20,Information Technology
US30219G1085,ESRX,2018-01-02,2018-12-21,2018-01-02,2018-12-20,Health Care
US8354511052,SONC,2018-01-03,2018-12-10,2018-01-02,2018-12-07,Consumer Discretionary
US67555N2062,OCLR,2018-01-22,2018-12-10,2018-01-02,2018-12-10,Information Technology
US5179421087,LHO,2018-01-02,2018-12-01,2018-01-02,2018-11-30,Financials
US29265N1081,EGN,2018-01-02,2018-11-30,2018-01-02,2018-11-29,Utilities
US00817Y1082,AET,2018-01-03,2018-11-28,2018-01-02,2018-11-28,Health Care
US53219L1098,LPNT,2018-01-03,2018-11-21,2018-01-02,2018-11-16,Health Care
US48562P1030,KS,2018-01-16,2018-11-07,2018-01-02,2018-11-02,Materials
US7811821005,RT,2018-09-11,2018-10-31,2019-01-02,2020-04-29,Consumer Discretionary
US8685363017,SVU,2018-01-02,2018-10-22,2018-01-02,2018-10-19,Consumer Staples
US2888531041,PERY,2018-01-05,2018-10-22,2018-01-02,2018-10-19,Consumer Discretionary
US29414D1000,EVHC,2018-01-04,2018-10-15,2018-01-02,2018-10-09,Health Care
US4825391034,KLXI,2018-01-16,2018-10-09,2018-01-02,2018-09-14,Industrials
US2124851062,CVG,2018-01-20,2018-10-05,2018-01-02,2018-10-04,Industrials
US03349M1053,ANDV,2018-01-03,2018-10-04,2018-01-02,2018-09-28,Energy
US0051251090,ACXM,2018-01-11,2018-10-02,2018-01-02,2018-12-31,Information Technology
US05566U1088,BOFI,2018-01-09,2018-10-01,2018-01-02,2018-12-31,Financials
US7475821044,QSII,2018-01-03,2018-09-07,2018-01-02,2018-12-31,Health Care
US44967H1014,ILG,2018-01-22,2018-09-05,2018-01-02,2018-08-31,Consumer Discretionary
US36174X1019,GGP,2018-01-02,2018-08-28,2018-01-02,2018-08-24,Financials
US8081941044,SHLM,2018-01-05,2018-08-21,2018-01-02,2018-08-21,Materials
US2499081048,DEPO,2018-01-10,2018-08-14,2018-01-02,2018-12-31,Health Care
US92924F1066,WGL,2018-01-08,2018-08-03,2018-01-02,2018-07-06,Utilities
US0025671050,ABAX,2018-01-02,2018-08-02,2018-01-02,2018-07-31,Health Care
US1395941057,CPLA,2018-01-19,2018-08-01,2018-01-02,2018-07-30,Consumer Discretionary
US7475451016,QCP,2018-01-20,2018-07-27,2018-01-02,2018-07-26,Real Estate
US3174851002,FNGN,2018-01-08,2018-07-19,2018-01-02,2018-07-19,Financials
US0639041062,OZRK,2018-01-02,2018-07-13,2018-01-02,2018-12-31,Financials
US45665Q1031,IPCC,2018-01-21,2018-07-02,2018-01-02,2018-07-02,Financials
US40650V1008,HYH,2018-01-05,2018-07-02,2018-01-02,2018-12-31,Health Care
US0326572072,ALOG,2018-01-03,2018-06-22,2018-01-02,2018-06-20,Health Care
US3179231002,FINL,2018-01-11,2018-06-18,2018-01-02,2018-06-15,Consumer Discretionary
US8873173038,TWX,2018-01-01,2018-06-18,2018-01-02,2018-06-14,Information Technology
US5272881047,LUK,2018-01-08,2018-06-11,2018-01-02,2018-12-31,Financials
US7415034039,PCLN,2018-01-10,2018-06-08,2018-01-02,2018-12-31,Consumer Discretionary
US68557N1037,OA,2018-01-03,2018-06-07,2018-01-02,2018-06-06,Industrials
US3911641005,GXP,2018-01-22,2018-06-04,2018-01-02,2018-06-01,Utilities
US92230Y1047,VDSI,2018-01-05,2018-06-04,2018-01-02,2018-12-31,Information Technology
US95709T1007,WR,2018-01-02,2018-06-04,2018-01-02,2018-12-31,Utilities
US5951371005,MSCC,2018-01-02,2018-05-29,2018-01-02,2018-05-29,Information Technology
US36164V1070,GNCMA,2018-02-27,2018-05-16,2018-01-02,2018-03-07,Communication Services
US45256B1017,IPXL,2018-01-02,2018-05-07,2018-01-02,2018-05-04,Health Care
US2333261079,DST,2018-01-03,2018-04-16,2018-01-02,2019-04-25,Industrials
US0204091088,AFAM,2018-01-05,2018-04-06,2018-01-02,2018-03-29,Health Care
US12650T1043,CSRA,2018-01-15,2018-04-03,2018-01-02,2018-04-02,Information Technology
US8335511049,LNCE,2018-01-22,2018-03-29,2018-01-02,2018-03-23,Consumer Staples
US06846N1046,BBG,2018-01-20,2018-03-20,2018-01-02,2018-12-31,Energy
US8110651010,SNI,2018-01-02,2018-03-08,2018-01-02,2018-03-05,Consumer Discretionary
US09075E1001,BIVV,2018-01-02,2018-03-08,2018-01-02,2018-03-06,Health Care
US2478501008,DEL,2018-01-17,2018-02-20,2018-01-02,2018-02-16,Materials
US8649091068,SCMP,2018-01-02,2018-02-14,2018-01-02,2018-02-12,Health Care
US0683231049,CUDA,2018-01-03,2018-02-13,2018-01-02,2018-02-08,Information Technology
US1281951046,CAA,2018-01-02,2018-02-13,2018-01-02,2018-02-09,Consumer Discretionary
US1198481095,BWLD,2018-01-02,2018-02-05,2018-01-02,2018-02-02,Consumer Discretionary
US0637501034,BKMU,2018-01-03,2018-02-01,2018-01-02,2018-01-31,Financials
US8872281048,TIME,2018-01-01,2018-01-31,2018-01-02,2018-01-29,Consumer Discretionary
US0967611015,BOBE,2018-01-11,2018-01-17,2018-01-02,2018-01-11,Consumer Discretionary
